# Instancia sintetica grande y diversa para probar diversidad de cortes.
# 44 clientes, 2 vehiculos, 10 viajes por vehiculo, dummy como ultimo nodo de N.

set N := 1 2 3 4 5 6 7 8 9 10 11 12 13 14 15 16 17 18 19 20 21 22 23 24 25 26 27 28 29 30 31 32 33 34 35 36 37 38 39 40 41 42 43 44 45 60;

set P := 1 2 3 4 5 6 7 8 9 10;

set K := 1 2;

set V := 1 2 3 4 5 6 7 8 9 10;

param sigma
:	1	2 :=
1	0.1	0.9
2	0.2	0.8
3	0.3	0.7
4	0.4	0.6
5	0.5	0.5
6	0.6	0.4
7	0.7	0.3
8	0.8	0.2
9	0.9	0.1
;

param O := 1;

param d :=
1	0
2	600
3	1350
4	1250
5	1350
6	1250
7	1200
8	1250
9	1200
10	950
11	1200
12	950
13	1050
14	950
15	1050
16	1800
17	1050
18	1800
19	900
20	1800
21	900
22	1650
23	900
24	1650
25	750
26	1650
27	750
28	1500
29	750
30	1500
31	600
32	1500
33	600
34	1350
35	600
36	1350
37	1250
38	1350
39	1250
40	1200
41	1250
42	1200
43	950
44	1200
45	950
60	0
;

param q := 3600;

param LI :=
1	0
2	1
3	2
4	3
5	4
6	5
7	6
8	7
9	8
10	9
;

param LS :=
1	0.9999
2	1.9999
3	2.9999
4	3.9999
5	4.9999
6	5.9999
7	6.9999
8	7.9999
9	8.9999
10	24
;

param e :=
[*,*,1]:	1	2	3	4	5	6	7	8	9	10	11	12	13	14	15	16	17	18	19	20	21	22	23	24	25	26	27	28	29	30	31	32	33	34	35	36	37	38	39	40	41	42	43	44	45	60:=
1	0.0	413	359	365	355	341	384	384	366	287	411	340	309	359	341	284	379	331	336	233	311	314	376	301	371	256	408	360	316	328	440	389	381	356	465	280	418	366	387	332	395	300	487	300	355	132
2	385	0.0	496	493	637	203	528	539	652	192	567	501	667	164	483	494	647	193	523	429	589	223	464	467	659	252	513	489	671	177	557	559	635	159	625	483	685	234	618	467	681	197	599	492	646	402
3	364	463	0.0	607	528	406	242	637	453	418	234	605	528	381	184	607	478	383	237	561	431	391	150	554	480	442	164	618	504	365	194	660	501	444	261	605	470	347	249	578	518	459	248	560	453	353
4	401	499	662	0.0	395	480	692	133	504	483	622	152	447	562	575	177	540	466	576	253	437	461	686	167	483	424	729	136	477	532	662	143	586	437	689	235	529	532	688	156	472	453	808	187	498	373
5	363	598	535	429	0.0	545	493	419	227	548	508	361	148	633	434	378	212	523	410	336	223	517	536	384	195	508	555	389	180	597	494	371	276	629	484	301	288	558	486	418	172	552	597	313	224	370
6	326	207	383	486	591	0.0	481	527	511	121	518	412	527	158	424	405	602	123	394	396	536	121	421	445	519	169	468	478	529	129	510	466	589	178	492	456	637	166	484	454	633	150	562	464	506	339
7	399	588	212	653	499	446	0.0	675	393	457	129	648	419	500	201	560	428	495	178	513	389	499	185	594	426	465	169	667	390	477	166	597	364	556	160	539	402	472	116	624	468	489	206	594	340	383
8	370	558	708	137	396	533	628	0.0	518	459	659	172	386	535	614	203	470	519	610	232	450	512	627	184	493	405	666	175	484	506	705	130	515	492	728	199	544	586	622	164	478	507	734	195	511	401
9	328	629	469	480	233	563	340	482	0.0	567	348	473	207	556	368	485	164	540	334	366	148	534	459	430	144	540	401	501	167	524	415	498	147	573	390	419	173	559	391	462	186	586	427	418	124	323
10	280	202	404	499	522	124	503	465	529	0.0	464	424	543	158	380	415	622	126	410	402	473	115	442	389	538	164	420	421	547	154	460	481	610	167	517	466	565	186	507	398	561	158	591	407	523	293
11	435	553	246	702	451	494	132	619	353	505	0.0	598	443	551	201	605	447	468	202	554	351	473	216	639	383	512	197	616	411	526	162	644	377	522	131	580	415	449	117	672	420	539	214	547	357	359
12	337	454	591	159	407	428	618	176	445	429	650	0.0	392	507	508	127	482	486	507	194	447	408	613	137	427	373	654	131	420	477	693	146	523	461	617	188	555	476	615	130	420	405	730	162	438	368
13	333	659	479	436	155	508	435	431	181	512	448	426	0.0	592	449	378	180	571	358	331	172	481	478	387	179	477	495	458	137	557	515	380	231	595	427	309	247	604	429	421	174	520	534	370	177	335
14	359	176	376	511	618	165	482	555	619	162	520	513	550	0.0	431	432	622	150	471	427	561	185	416	476	630	206	463	507	550	131	505	574	606	183	574	484	655	173	484	482	657	172	552	496	613	372
15	317	483	198	568	462	415	180	592	381	361	206	560	454	401	0.0	561	415	393	159	435	362	394	164	511	410	433	183	577	431	379	207	611	366	452	243	468	407	372	222	539	450	461	267	513	380	303
16	288	460	607	162	373	430	638	183	468	430	576	130	416	438	523	0.0	437	419	522	191	402	410	631	121	451	371	576	146	444	410	614	180	550	397	641	205	502	483	637	127	448	406	647	148	461	318
17	416	655	522	540	195	595	454	458	172	601	395	460	184	684	420	476	0.0	570	391	428	178	566	514	419	140	568	524	487	155	647	463	476	188	596	439	404	162	595	445	525	124	613	548	407	180	355
18	339	181	387	507	523	113	490	549	527	132	528	431	545	154	370	424	621	0.0	403	414	553	129	426	465	536	182	475	427	547	124	443	487	606	188	502	475	655	162	493	474	559	162	571	414	522	352
19	321	535	223	583	445	394	192	603	303	400	212	488	372	450	162	492	395	438	0.0	441	339	372	213	520	330	402	224	591	349	424	242	533	345	496	219	472	385	363	200	552	429	433	296	518	302	303
20	242	478	492	239	340	367	513	249	423	366	541	203	319	443	485	168	404	418	409	0.0	357	404	511	169	409	316	546	231	343	412	581	211	435	412	603	165	467	476	511	206	412	355	620	163	354	270
21	300	611	479	449	210	543	362	450	159	467	374	437	154	541	375	447	183	522	343	332	0.0	513	406	395	159	439	420	466	158	508	437	462	194	552	420	325	219	545	357	429	194	561	458	382	147	295
22	282	215	405	439	530	133	432	477	534	124	467	434	549	166	380	425	538	132	410	350	478	0.0	443	398	544	170	423	432	552	138	462	492	527	180	520	474	572	188	509	408	568	171	510	416	527	294
23	366	488	145	710	510	431	203	635	428	442	199	606	508	405	172	609	532	406	218	561	411	413	0.0	554	457	462	129	620	482	454	158	658	471	466	222	601	441	375	210	579	495	482	253	559	430	355
24	319	456	582	189	340	424	608	173	435	424	639	126	382	504	498	127	473	412	496	173	371	403	604	0.0	417	367	643	154	410	473	585	168	513	394	609	177	546	472	606	155	413	403	722	124	427	300
25	367	598	469	507	219	539	407	504	135	544	416	427	165	623	371	441	147	604	343	391	163	511	462	454	0.0	514	473	453	127	588	488	447	175	635	397	374	191	539	400	489	140	557	502	439	139	363
26	276	250	402	414	532	162	482	452	472	155	518	405	477	221	428	337	555	191	388	328	490	149	435	372	558	0.0	481	402	483	194	522	398	551	192	493	388	596	257	485	381	580	150	573	390	466	295
27	408	551	162	664	542	490	163	691	447	431	186	661	460	463	197	569	477	464	234	527	435	471	132	607	478	446	0.0	677	433	444	134	715	417	527	203	559	457	432	166	635	519	465	200	610	449	395
28	335	489	663	134	414	467	599	168	519	400	632	144	463	471	577	157	481	455	578	207	450	448	589	158	500	406	630	0.0	493	445	670	171	518	425	699	207	550	523	696	117	493	437	703	185	512	366
29	321	625	504	437	178	562	444	436	162	566	391	431	150	557	401	444	143	540	371	391	142	533	499	391	130	532	439	460	0.0	524	456	450	210	566	437	372	195	566	438	422	147	579	469	377	159	320
30	360	179	398	532	548	128	506	493	551	149	466	455	571	144	384	447	647	114	419	437	495	145	439	419	561	199	488	450	572	0.0	457	512	631	166	518	500	583	159	510	498	585	173	586	437	546	320
31	450	523	196	721	494	470	164	747	405	482	182	615	492	517	195	621	504	443	223	574	463	451	166	659	434	498	137	630	462	497	0.0	664	437	583	165	607	478	415	163	690	470	518	188	566	409	435
32	372	572	621	144	403	466	643	128	452	469	675	141	394	548	625	169	482	529	533	227	457	446	643	177	430	413	683	175	424	518	722	0.0	528	503	639	195	558	512	639	161	489	444	755	188	446	403
33	395	708	439	552	279	547	364	554	170	555	368	548	222	628	409	482	177	613	320	435	208	608	428	501	183	531	432	577	185	595	442	490	0.0	650	407	423	135	629	355	535	210	570	445	489	160	389
34	344	164	493	448	594	180	517	492	615	164	555	451	533	177	469	442	611	177	502	383	552	193	460	420	621	172	508	440	629	171	551	509	605	0.0	614	439	652	241	518	420	642	144	596	443	609	363
35	418	603	270	656	496	542	139	678	390	554	129	656	488	515	235	664	418	514	241	522	391	520	238	601	422	563	183	675	453	493	170	704	352	572	0.0	636	387	492	143	630	460	591	169	602	396	404
36	273	508	585	243	287	467	593	201	390	466	532	186	328	472	493	198	418	452	483	182	329	442	601	162	370	411	545	217	359	517	578	200	465	444	594	0.0	423	507	590	192	362	453	710	142	383	297
37	443	668	494	598	255	608	411	511	175	615	415	511	244	694	397	527	183	581	367	478	206	579	481	546	176	589	485	537	205	659	424	532	138	612	392	461	0.0	598	401	581	187	632	494	456	191	375
38	362	212	339	558	629	172	451	600	526	189	488	476	556	171	337	471	625	182	377	455	558	177	379	513	539	237	427	474	553	167	468	532	601	247	463	514	650	0.0	455	525	565	222	520	531	522	369
39	417	611	226	672	510	466	120	695	343	478	118	668	429	521	219	578	434	517	193	531	399	446	198	613	434	485	178	688	398	498	170	615	368	578	125	556	405	493	0.0	644	476	510	199	612	347	401
40	332	501	571	142	408	475	602	170	515	408	634	131	391	482	579	126	478	463	578	199	445	455	594	147	495	354	635	126	417	453	674	168	516	436	702	197	548	531	598	0.0	488	382	708	173	507	363
41	367	681	556	466	183	619	420	462	193	533	430	463	176	611	450	480	122	595	419	369	187	588	470	423	154	587	483	493	157	577	500	478	188	619	477	344	192	623	481	454	0.0	634	508	409	197	368
42	304	183	459	415	546	160	558	456	566	164	514	415	572	175	430	406	562	160	460	405	505	165	499	384	571	165	471	407	579	159	512	472	650	130	571	469	601	227	562	387	591	0.0	556	405	559	323
43	535	606	271	808	548	555	219	716	449	571	189	696	547	607	270	705	548	524	293	658	446	536	244	639	479	586	219	712	512	586	173	746	472	581	178	686	437	496	204	778	514	606	0.0	643	456	446
44	307	462	567	204	313	427	587	207	408	427	617	144	353	508	482	150	442	414	477	161	404	406	587	139	390	372	625	174	382	476	566	173	484	469	587	149	514	471	584	177	384	410	700	0.0	400	337
45	339	661	427	504	243	506	366	505	113	510	375	422	183	586	388	434	182	567	302	381	146	479	419	448	134	484	429	523	150	552	444	446	172	602	360	374	200	502	360	484	202	526	462	435	0.0	333
60	127	417	393	382	349	343	357	401	347	290	382	360	300	359	314	353	364	332	306	251	295	316	350	319	355	264	381	379	356	328	411	407	361	363	434	293	399	360	359	350	382	359	458	318	337	0.0

[*,*,2]:	1	2	3	4	5	6	7	8	9	10	11	12	13	14	15	16	17	18	19	20	21	22	23	24	25	26	27	28	29	30	31	32	33	34	35	36	37	38	39	40	41	42	43	44	45	60:=
1	0.0	380	332	337	327	269	355	354	289	265	379	268	286	331	314	263	349	305	265	215	286	247	347	278	292	237	376	331	293	302	405	308	351	328	367	259	386	288	357	306	364	278	449	277	281	122
2	355	0.0	392	455	587	160	488	497	600	177	524	461	527	151	445	390	597	178	412	396	543	205	429	431	607	199	473	450	529	163	513	441	587	146	576	447	632	215	488	431	628	155	553	453	509	371
3	336	427	0.0	561	488	374	191	588	417	330	216	558	416	352	170	559	442	353	218	443	398	360	119	512	443	348	151	570	464	337	179	608	396	410	240	478	434	320	196	534	478	422	229	517	417	326
4	317	461	610	0.0	364	443	546	123	465	444	575	140	412	444	531	163	426	430	531	199	404	425	632	155	445	390	576	125	439	420	612	132	462	404	636	216	489	491	634	124	436	417	638	173	459	344
5	286	553	493	395	0.0	502	454	331	210	505	401	334	137	499	401	348	195	483	378	309	176	477	494	303	180	468	437	360	166	550	457	343	254	497	447	277	227	515	448	329	159	509	550	289	207	292
6	300	164	353	448	467	0.0	443	416	472	112	477	381	487	145	335	374	555	97	364	365	423	112	388	410	480	156	431	377	489	119	402	431	543	140	455	420	587	153	447	418	500	139	518	366	467	267
7	367	464	196	602	459	412	0.0	622	311	422	119	511	387	461	158	517	394	456	165	473	359	394	171	547	337	429	155	526	360	440	153	552	336	512	127	498	370	372	107	575	369	452	190	547	314	353
8	341	514	559	126	365	421	580	0.0	408	424	608	158	357	494	565	161	434	478	482	214	414	403	579	170	454	375	615	161	383	467	650	102	476	454	574	184	502	540	575	151	441	401	678	180	403	369
9	303	580	370	443	215	519	315	445	0.0	448	321	436	163	514	339	382	151	498	308	338	137	492	363	396	132	426	371	462	132	484	383	459	136	529	360	331	160	515	309	427	171	461	395	385	115	298
10	259	186	372	395	482	115	397	429	488	0.0	428	391	500	146	350	382	491	116	378	317	437	106	349	360	496	151	389	388	503	122	424	443	481	154	477	367	522	172	467	367	518	146	467	376	482	271
11	343	511	227	553	417	456	121	573	325	465	0.0	552	408	435	185	558	352	432	187	510	324	436	199	505	353	472	155	569	379	415	149	594	347	482	121	534	328	415	108	530	388	497	168	505	329	331
12	310	420	545	147	321	395	570	139	411	396	512	0.0	362	467	469	117	444	384	468	179	353	377	565	108	394	344	602	121	388	439	547	135	482	364	570	174	437	440	568	119	388	374	673	128	405	290
13	307	520	443	402	122	469	401	397	167	472	413	337	0.0	546	354	349	166	450	331	306	158	444	441	356	142	440	456	361	126	514	406	351	213	548	395	285	227	477	396	388	137	480	492	292	163	309
14	331	162	347	472	570	130	445	511	489	150	479	404	508	0.0	397	399	574	139	373	394	517	146	384	438	497	190	427	467	508	121	465	453	559	169	453	447	603	136	447	444	605	159	510	457	485	343
15	293	445	156	524	426	327	166	546	351	334	190	516	359	370	0.0	443	383	363	125	402	334	362	151	471	377	342	169	532	340	350	191	482	339	417	224	433	375	343	175	497	414	364	246	472	299	279
16	266	425	559	150	344	396	504	169	432	339	532	120	328	404	482	0.0	404	387	481	151	371	378	498	112	416	292	532	135	409	379	566	166	435	367	591	162	464	445	502	118	413	374	598	137	424	293
17	329	604	481	426	180	549	357	423	159	553	366	424	170	540	387	439	0.0	527	360	338	165	522	473	387	129	523	414	450	143	511	428	439	148	551	405	372	150	549	410	415	114	565	433	375	166	328
18	267	167	357	467	483	104	451	434	487	122	416	398	503	121	342	391	571	0.0	372	381	437	119	393	367	495	168	374	395	504	114	409	449	558	148	463	438	517	149	455	373	517	149	526	383	481	278
19	295	423	206	537	351	364	177	475	280	369	195	451	343	415	128	454	364	345	0.0	406	267	344	196	479	305	371	206	467	322	391	191	492	318	391	202	435	355	335	185	509	339	400	273	409	279	239
20	223	377	454	220	313	339	473	230	334	338	499	161	295	409	382	155	372	385	378	0.0	329	320	471	156	323	292	503	182	317	380	535	195	401	379	477	153	430	376	472	190	324	328	572	150	327	248
21	276	562	379	414	194	428	334	414	126	431	345	402	142	499	346	353	169	481	270	307	0.0	404	375	364	147	406	387	429	125	469	403	365	179	509	331	300	202	502	330	396	179	443	422	352	116	272
22	260	198	319	405	488	123	399	440	492	98	431	400	433	154	350	335	497	122	378	324	441	0.0	350	368	501	134	390	398	435	128	426	453	487	166	479	375	528	173	402	377	524	135	471	383	486	271
23	339	450	134	561	471	397	160	586	395	349	184	559	467	374	159	561	420	375	201	443	380	381	0.0	512	421	426	119	572	444	359	146	607	371	430	205	474	408	346	193	535	456	444	200	516	396	328
24	252	421	536	149	315	391	560	160	401	391	505	116	352	398	460	117	373	381	457	160	343	372	556	0.0	385	339	508	142	378	373	540	155	473	364	562	163	431	436	558	123	381	372	569	114	394	277
25	338	552	433	467	173	498	375	398	125	502	328	394	152	574	343	407	135	477	316	360	129	472	426	358	0.0	474	435	419	117	542	386	412	161	501	367	345	150	498	369	451	129	514	463	347	128	287
26	254	197	371	382	419	150	445	417	437	143	477	320	440	204	338	311	511	150	358	302	451	137	402	343	441	0.0	443	317	446	179	411	368	508	177	456	358	549	203	448	351	458	138	528	307	431	272
27	376	508	149	613	499	387	150	637	353	398	171	521	425	427	181	526	440	427	185	486	401	372	122	559	377	412	0.0	624	400	410	123	565	385	485	160	516	421	340	153	585	478	430	184	562	355	364
28	309	450	523	124	382	368	553	155	478	370	583	133	366	435	532	124	444	419	456	191	415	412	545	146	460	321	582	0.0	389	410	618	135	478	392	644	191	508	482	550	108	454	345	649	170	403	338
29	296	576	464	404	164	518	351	402	149	446	361	397	119	514	370	409	132	498	342	309	131	491	393	361	120	419	405	424	0.0	485	421	415	166	522	403	293	180	522	345	390	135	533	434	348	147	295
30	285	165	367	420	507	118	398	456	508	137	431	419	526	113	354	412	511	105	387	344	458	134	404	387	517	183	386	415	527	0.0	422	472	498	154	478	460	539	147	469	394	540	160	463	404	503	296
31	355	483	181	664	457	433	151	590	374	445	144	568	453	407	180	573	464	409	206	529	366	416	153	520	401	459	108	582	426	458	0.0	613	403	461	153	559	377	384	150	543	434	478	173	523	377	344
32	343	452	573	133	318	431	593	101	418	433	622	130	364	505	494	156	444	417	492	210	360	412	593	163	397	381	629	138	391	477	569	0.0	487	396	590	180	514	473	589	148	386	410	696	148	412	317
33	364	558	406	509	257	506	336	510	134	512	339	432	205	579	322	446	163	565	296	401	192	481	395	462	144	490	399	455	171	549	407	453	0.0	599	322	390	125	497	327	493	165	527	411	451	148	358
34	317	151	390	414	547	142	477	454	485	152	512	415	492	163	432	349	564	163	396	354	509	152	425	387	572	159	469	406	497	157	508	402	558	0.0	484	405	601	222	479	388	591	114	550	408	480	335
35	386	556	213	606	458	499	128	626	360	438	119	605	385	476	216	523	386	474	222	483	361	479	188	555	389	445	169	622	357	456	156	648	326	527	0.0	503	357	453	113	582	424	466	156	555	365	373
36	252	469	539	192	265	430	468	186	360	367	492	172	302	436	454	183	330	418	445	143	304	408	474	150	341	379	504	201	331	409	533	184	367	410	547	0.0	391	468	544	178	334	417	561	131	353	274
37	350	617	455	471	236	560	379	472	162	567	328	471	225	548	366	486	144	537	339	440	190	534	443	431	162	543	382	496	189	519	392	491	127	566	361	424	0.0	552	369	459	173	582	389	421	176	346
38	333	196	312	514	497	159	415	473	486	174	385	440	513	158	312	435	575	144	348	419	440	163	350	404	498	218	393	438	510	154	370	491	554	195	428	474	512	0.0	419	484	522	205	479	419	482	291
39	384	482	209	620	402	431	111	640	317	441	109	528	396	480	173	534	400	407	178	489	367	412	183	564	343	448	164	543	368	459	134	569	339	532	115	513	373	390	0.0	593	375	471	183	483	320	370
40	306	462	527	131	376	375	555	156	406	377	585	103	361	444	533	116	441	426	457	183	410	359	549	135	390	327	585	116	386	418	621	133	476	402	554	182	505	419	553	0.0	450	353	654	160	400	334
41	339	628	439	430	169	488	388	426	177	493	397	427	139	564	414	379	113	548	330	341	173	542	435	390	142	464	446	454	124	533	461	377	174	571	439	318	177	574	380	419	0.0	501	469	377	156	340
42	281	169	422	384	503	147	441	421	521	129	474	383	451	161	397	374	519	148	424	320	466	152	393	355	526	130	435	376	533	147	472	434	514	120	526	370	555	209	442	358	545	0.0	514	374	515	298
43	423	560	249	638	506	512	172	662	414	526	175	642	504	479	249	650	433	484	270	518	412	494	225	591	442	540	173	657	471	463	159	688	372	537	164	631	404	457	188	615	475	559	0.0	594	421	412
44	242	427	523	188	289	394	541	163	376	394	487	133	326	400	445	139	407	383	440	149	319	374	541	110	360	343	492	161	352	438	523	159	446	371	542	138	406	435	539	140	355	378	644	0.0	369	266
45	313	523	394	465	192	467	337	398	104	471	345	390	169	540	307	400	168	447	279	351	115	442	387	413	124	447	395	414	138	509	350	412	159	474	332	345	184	464	332	446	160	486	425	343	0.0	262
60	117	384	311	353	321	271	329	369	273	268	352	331	277	331	289	279	336	306	242	232	272	249	324	295	327	244	351	349	281	303	378	322	334	335	342	271	368	332	332	323	352	283	423	293	266	0.0

[*,*,3]:	1	2	3	4	5	6	7	8	9	10	11	12	13	14	15	16	17	18	19	20	21	22	23	24	25	26	27	28	29	30	31	32	33	34	35	36	37	38	39	40	41	42	43	44	45	60:=
1	0.0	303	309	312	259	250	329	280	268	246	351	249	265	307	250	244	324	242	246	200	227	230	322	257	272	220	349	263	272	280	321	286	326	260	341	240	357	268	332	283	289	258	416	220	261	96
2	329	0.0	364	422	544	149	453	460	477	165	485	366	489	140	353	362	554	165	383	368	504	163	398	400	482	185	439	357	492	151	475	410	545	136	458	415	586	171	454	399	498	144	513	420	474	344
3	312	395	0.0	521	452	297	178	545	331	307	201	517	387	326	158	444	411	327	173	412	369	285	110	475	410	324	140	528	369	313	166	482	368	380	191	444	403	296	182	496	443	336	213	479	331	303
4	294	427	483	0.0	338	410	507	114	431	353	534	130	327	412	492	129	396	399	492	185	375	394	502	144	413	310	535	116	348	390	567	122	429	375	589	172	454	455	503	115	404	331	593	160	425	320
5	266	513	457	314	0.0	466	360	308	194	401	373	310	127	464	372	323	155	449	351	245	163	442	391	282	167	434	407	334	154	437	424	318	201	462	415	220	211	478	415	306	148	472	437	269	192	271
6	238	152	328	355	434	0.0	411	386	438	104	379	354	451	115	311	347	440	90	338	338	393	104	360	326	446	144	342	351	453	95	374	400	503	130	422	389	466	142	414	332	465	129	410	340	433	249
7	340	431	182	558	365	383	0.0	494	289	391	94	475	359	427	147	480	365	363	153	439	285	366	158	434	313	398	144	489	334	407	121	513	312	406	118	462	294	346	99	533	343	420	176	435	291	280
8	317	408	520	117	289	391	538	0.0	379	394	564	126	331	458	449	149	402	379	448	199	384	375	538	157	361	348	570	128	356	433	515	95	441	420	534	171	465	429	534	140	350	372	629	143	375	342
9	281	538	344	412	199	412	292	413	0.0	417	298	346	151	476	314	355	140	462	245	314	127	391	337	368	105	396	344	428	123	450	355	365	126	490	285	307	148	408	287	396	159	429	367	357	91	276
10	241	173	295	367	447	91	369	398	452	0.0	398	362	398	136	325	303	456	108	300	295	405	98	324	334	460	120	361	360	400	113	393	351	447	143	442	342	484	159	371	341	480	116	434	348	382	251
11	319	474	210	514	387	422	96	532	302	369	0.0	512	324	404	172	517	327	401	173	406	301	404	158	469	328	374	144	528	351	386	139	550	276	448	112	424	304	384	86	493	360	461	157	469	305	308
12	246	390	505	117	299	367	452	129	381	366	477	0.0	335	371	436	109	353	357	434	142	328	350	524	100	366	319	478	112	360	349	508	125	382	338	529	161	407	408	526	95	360	347	534	119	375	270
13	243	483	411	373	114	436	372	315	155	438	328	313	0.0	432	329	324	154	419	307	283	126	413	409	283	132	408	362	336	117	476	377	326	197	435	367	264	180	443	367	308	127	445	456	271	151	245
14	307	129	323	437	452	121	412	405	454	139	444	376	472	0.0	316	371	532	110	346	366	410	136	356	406	462	176	396	371	472	112	369	421	519	134	421	415	559	127	415	412	481	148	472	363	450	272
15	272	353	145	487	394	304	154	506	279	310	176	410	333	343	0.0	412	355	336	116	373	310	288	141	437	300	318	157	422	316	325	177	448	314	386	178	402	348	272	163	461	328	338	228	438	278	259
16	247	393	444	139	319	315	469	157	342	315	494	111	305	375	447	0.0	375	358	382	141	344	300	462	104	386	272	494	125	325	352	525	132	404	340	468	150	430	412	466	109	383	297	555	127	337	272
17	305	561	381	396	167	508	332	393	147	440	339	393	135	502	359	348	0.0	489	333	314	153	484	376	360	120	415	385	417	114	475	397	407	138	511	375	295	139	509	325	385	106	448	402	348	154	305
18	248	155	331	371	449	97	358	403	451	97	387	370	466	113	317	363	454	0.0	345	302	406	111	312	341	459	155	348	367	467	91	380	416	443	138	430	347	480	139	421	347	479	138	418	356	446	258
19	234	393	191	426	327	338	164	442	260	342	155	419	318	329	119	421	289	321	0.0	376	248	319	182	381	283	344	164	434	299	310	178	457	295	364	188	403	282	311	171	404	315	371	217	380	259	222
20	207	350	422	204	249	315	439	182	311	313	395	149	274	379	355	144	345	306	351	0.0	261	297	437	124	300	271	466	169	294	352	425	181	372	301	443	142	341	349	438	176	302	304	530	119	304	197
21	256	447	352	384	154	398	310	384	117	400	319	320	132	463	275	328	157	381	251	284	0.0	376	348	338	117	377	359	341	116	435	319	339	166	471	308	278	187	399	307	367	142	412	392	279	108	252
22	241	183	296	376	453	97	371	408	391	91	400	317	403	143	324	311	462	113	300	301	409	0.0	325	341	397	125	362	369	405	119	395	360	452	154	381	348	489	137	373	350	485	125	437	355	386	252
23	314	417	106	521	437	315	149	544	366	324	170	518	372	348	147	445	390	348	159	412	352	353	0.0	475	390	338	111	530	352	333	135	481	345	399	190	441	379	320	154	497	423	352	186	479	314	304
24	234	391	497	138	292	363	445	148	372	310	469	108	279	370	427	109	347	353	424	127	318	345	441	0.0	357	268	472	132	350	346	501	144	376	338	521	129	401	404	442	114	354	344	529	106	365	258
25	269	513	401	370	161	462	297	370	116	465	305	366	141	456	319	377	108	443	293	285	120	438	395	333	0.0	439	346	389	109	430	359	382	127	466	340	320	140	462	342	358	120	477	367	322	119	267
26	202	183	344	353	390	139	412	331	406	132	379	297	408	162	314	289	474	140	332	280	359	128	372	272	410	0.0	351	295	414	166	382	341	471	141	423	332	436	189	415	278	426	128	489	286	400	216
27	349	404	139	568	396	360	139	505	328	369	159	484	394	396	144	488	408	339	172	451	318	345	113	518	351	383	0.0	496	372	380	98	525	357	385	149	479	390	316	142	542	380	399	171	446	330	288
28	286	357	486	115	354	342	513	144	380	344	540	105	340	404	422	115	412	388	424	177	384	328	506	135	365	298	540	0.0	362	381	572	125	444	363	512	177	471	383	511	101	360	321	602	158	375	313
29	275	534	369	375	152	411	326	373	118	415	335	368	110	477	343	325	122	462	271	287	122	389	366	335	111	390	376	393	0.0	450	390	329	155	484	319	273	167	484	321	362	125	424	403	323	117	274
30	264	153	291	390	470	109	371	423	471	109	400	389	417	105	329	327	475	97	358	320	425	124	321	359	480	146	358	385	418	0.0	391	437	463	143	443	366	501	136	373	366	501	126	430	375	466	274
31	330	449	168	528	424	402	120	548	347	352	134	527	420	379	167	531	369	380	191	420	340	386	121	483	372	425	100	540	394	364	0.0	568	320	428	142	443	351	356	139	505	403	443	137	486	350	319
32	272	420	532	106	296	400	550	94	388	401	494	121	337	401	459	145	352	388	457	194	335	383	549	129	369	353	499	128	363	378	529	0.0	451	369	548	167	408	440	547	117	359	380	551	138	383	295
33	337	519	377	472	204	470	312	405	124	475	269	402	191	537	299	414	151	449	275	372	152	447	366	366	134	455	369	423	158	509	324	421	0.0	475	299	362	99	462	304	457	154	489	381	358	137	284
34	294	120	362	384	434	132	443	420	451	141	475	330	457	151	343	324	523	129	368	328	471	141	394	359	455	148	434	322	462	146	402	373	518	0.0	450	376	557	177	444	359	470	106	510	323	446	310
35	358	515	198	563	424	397	119	580	285	407	111	479	358	442	200	486	358	440	176	448	335	381	175	515	308	413	157	577	332	423	145	515	302	489	0.0	467	331	359	105	540	393	433	145	515	290	346
36	234	435	428	178	245	341	435	173	333	342	457	159	240	405	421	145	307	387	353	133	282	378	441	139	316	301	468	186	263	380	495	146	341	381	507	0.0	363	434	432	165	309	331	521	122	280	254
37	325	572	421	438	219	519	301	439	150	450	304	437	178	509	340	450	134	498	314	350	177	495	352	401	150	430	355	460	175	483	364	455	101	526	335	337	0.0	512	293	426	161	539	362	391	163	322
38	265	182	290	408	461	148	329	440	451	161	358	408	476	125	289	403	457	134	323	332	409	151	324	376	462	202	312	407	473	122	343	455	439	181	397	439	476	0.0	389	384	485	190	380	390	447	270
39	304	448	194	574	374	400	102	508	294	409	87	490	367	380	161	495	371	379	165	454	292	383	169	448	319	415	130	505	341	425	125	528	315	423	107	476	296	362	0.0	470	349	437	170	449	297	294
40	283	367	490	122	298	349	515	124	378	349	542	96	335	412	424	108	409	339	424	170	325	333	509	125	363	303	542	92	358	388	493	123	442	318	515	169	468	389	513	0.0	357	328	606	127	372	265
41	314	498	408	399	156	453	360	394	141	458	368	339	129	523	328	352	105	508	307	317	160	431	404	362	113	431	413	360	115	495	427	350	161	529	349	295	164	456	353	389	0.0	465	435	349	145	315
42	261	157	336	356	467	117	410	390	413	120	440	355	419	150	368	297	482	137	336	297	432	121	366	329	488	121	404	348	424	136	438	345	478	111	417	344	515	194	411	332	505	0.0	477	346	409	276
43	393	519	198	593	470	474	160	614	384	418	162	595	400	445	231	515	402	449	250	482	383	458	179	549	409	429	161	609	374	430	148	637	346	499	152	502	375	424	149	571	440	443	0.0	551	390	383
44	225	396	485	149	269	366	429	152	349	312	452	123	302	372	413	128	324	356	408	118	297	347	429	102	334	318	458	149	326	348	486	148	354	344	503	109	377	404	499	130	330	350	512	0.0	342	247
45	248	486	365	368	178	433	312	370	97	436	274	362	157	428	285	371	133	416	259	325	107	410	358	328	115	414	314	384	128	403	326	383	147	441	308	319	146	431	308	354	148	450	337	319	0.0	244
60	109	305	288	327	255	252	305	342	254	249	326	263	258	307	229	259	312	243	225	215	252	231	300	273	260	227	326	277	261	281	300	299	310	310	318	251	341	264	309	299	279	263	392	232	247	0.0

[*,*,4]:	1	2	3	4	5	6	7	8	9	10	11	12	13	14	15	16	17	18	19	20	21	22	23	24	25	26	27	28	29	30	31	32	33	34	35	36	37	38	39	40	41	42	43	44	45	60:=
1	0.0	294	299	259	252	243	319	273	260	239	292	242	257	255	243	237	269	235	239	194	221	223	312	214	264	213	290	256	263	232	312	277	316	253	331	233	297	260	322	235	281	250	345	213	253	94
2	319	0.0	353	409	452	144	439	382	464	160	402	356	475	136	343	352	537	137	372	357	418	158	386	331	469	180	425	347	477	147	395	398	528	112	445	402	485	166	440	387	484	140	497	349	460	286
3	303	328	0.0	505	375	289	172	528	322	298	194	430	375	316	131	432	398	271	168	400	357	278	107	460	341	315	136	438	358	304	137	469	357	368	185	431	390	246	177	481	368	326	207	397	322	293
4	286	414	470	0.0	328	341	493	111	358	343	518	108	318	400	477	125	384	387	409	180	364	327	488	139	342	301	519	113	339	379	550	101	417	363	489	167	441	377	489	111	391	321	576	156	354	310
5	258	498	380	305	0.0	386	350	299	188	389	362	300	105	450	361	268	151	435	291	239	159	428	381	273	162	361	395	324	128	425	411	263	196	448	402	214	205	463	345	297	143	392	424	260	159	263
6	231	148	317	345	421	0.0	341	375	425	86	369	343	374	112	302	336	428	87	327	281	382	100	298	316	432	120	333	340	439	92	363	387	418	127	409	323	453	138	343	322	451	125	399	330	420	241
7	283	419	176	463	355	371	0.0	480	280	379	91	461	348	355	143	465	303	352	148	364	277	355	153	422	304	386	120	475	324	338	118	497	258	395	114	447	286	336	96	443	333	407	146	422	283	273
8	262	397	504	113	281	380	521	0.0	369	382	468	122	321	379	436	145	390	368	434	192	319	364	521	130	350	337	472	124	345	420	501	92	428	349	518	165	386	417	518	116	340	361	609	139	364	284
9	273	447	334	399	165	401	283	342	0.0	404	289	336	147	462	261	345	136	383	238	305	105	380	327	356	102	384	333	356	119	436	295	354	122	406	278	298	144	397	279	384	132	417	355	296	88	229
10	233	143	287	356	433	88	358	386	376	0.0	386	301	386	132	269	295	443	104	291	286	393	82	315	324	382	117	350	298	389	110	381	341	434	138	367	332	470	132	361	331	398	113	421	337	371	244
11	310	460	175	500	375	351	94	516	250	359	0.0	496	315	392	167	430	318	389	144	394	292	335	154	455	317	364	140	512	292	375	135	457	268	434	93	412	295	372	83	479	349	383	152	455	253	299
12	239	378	419	113	290	355	439	125	370	305	463	0.0	278	361	423	90	343	346	421	138	318	339	436	97	355	265	465	109	298	339	493	121	372	329	513	134	395	396	437	92	349	287	519	115	363	262
13	237	469	398	310	111	422	308	307	151	363	319	303	0.0	421	320	314	128	407	298	235	122	400	339	275	128	395	352	326	113	396	367	316	164	423	356	219	175	430	356	299	124	431	379	263	147	238
14	255	125	313	363	440	118	399	394	441	135	369	365	457	0.0	307	360	441	107	336	354	398	132	345	338	449	171	329	360	458	93	359	409	502	130	408	402	465	123	402	342	467	143	392	353	437	264
15	263	343	141	472	328	295	150	420	271	300	146	398	323	333	0.0	400	344	279	113	362	257	280	136	362	291	308	152	410	307	315	147	435	305	321	173	390	288	265	158	447	319	329	221	364	270	215
16	239	327	432	135	265	306	455	152	333	306	479	92	296	364	371	0.0	364	297	371	136	333	291	449	100	321	264	479	104	316	341	435	128	392	329	455	146	417	343	453	106	318	289	538	105	327	263
17	296	543	370	384	162	423	323	381	122	427	329	326	131	487	348	338	0.0	474	277	305	148	402	365	349	99	404	373	404	110	461	385	338	134	495	312	287	135	422	316	374	103	435	390	338	128	295
18	241	151	275	361	435	80	348	391	437	94	376	358	387	110	307	301	441	0.0	286	294	394	107	303	331	445	129	338	355	388	88	369	345	431	134	416	337	466	134	350	337	465	115	406	345	370	251
19	228	381	185	414	317	327	136	429	252	284	151	407	264	320	116	408	281	312	0.0	313	241	310	151	370	275	285	159	421	290	301	172	442	245	353	182	335	274	302	142	392	305	359	211	369	251	215
20	172	340	409	169	242	306	364	177	301	303	384	145	265	315	345	140	287	298	341	0.0	254	288	423	120	291	262	388	164	285	292	413	176	308	293	430	137	332	339	425	146	293	295	440	116	294	192
21	212	434	341	372	149	386	301	319	113	388	265	311	128	383	267	318	152	371	244	276	0.0	365	338	280	113	365	298	331	113	421	311	329	161	392	299	270	155	388	297	304	138	400	379	271	105	210
22	234	152	288	365	376	95	359	338	380	88	387	308	391	138	270	302	448	94	292	292	339	0.0	316	330	386	121	351	307	393	115	328	350	438	127	370	338	474	134	362	339	403	122	424	295	375	209
23	305	346	103	506	423	306	145	527	304	315	165	430	361	337	122	433	379	337	155	400	342	294	0.0	461	324	329	107	440	342	323	131	468	335	387	158	428	367	266	149	482	351	342	180	464	305	295
24	227	378	413	134	283	301	432	144	308	301	455	105	272	359	414	90	337	343	352	123	309	286	429	0.0	346	261	458	128	291	336	486	119	365	328	432	126	389	391	430	111	343	286	514	103	303	250
25	261	497	332	360	156	447	289	359	112	386	296	355	117	443	309	312	105	430	284	278	116	425	328	323	0.0	365	336	377	90	418	348	370	124	452	330	266	136	448	284	348	116	395	357	313	115	259
26	196	178	334	294	379	135	342	322	393	110	368	288	395	157	305	280	394	136	322	233	349	124	309	264	397	0.0	341	286	401	138	371	331	391	137	411	275	424	183	402	271	413	124	407	278	388	210
27	290	392	135	471	385	349	135	491	318	358	132	470	382	329	140	474	338	330	167	437	309	335	110	431	340	371	0.0	482	360	315	95	509	346	374	145	464	325	307	138	450	369	387	142	434	320	280
28	278	347	472	111	294	332	498	120	369	333	448	102	330	391	410	112	399	323	411	172	319	318	491	112	355	290	523	0.0	351	369	476	122	431	302	497	172	390	372	496	97	350	311	584	131	364	260
29	267	444	358	364	126	400	317	361	115	403	325	306	107	463	285	316	119	383	264	279	118	379	355	324	92	379	365	326	0.0	437	323	320	150	469	310	265	162	402	312	351	104	412	391	267	113	265
30	257	148	283	379	455	91	360	410	391	106	388	322	406	102	318	318	461	94	298	311	412	103	312	349	398	142	348	373	406	0.0	379	363	449	138	368	355	486	113	362	355	485	123	417	363	387	266
31	320	435	139	513	411	333	117	532	336	343	130	511	349	368	162	441	359	369	158	408	330	374	118	469	360	353	98	524	328	353	0.0	471	311	416	137	431	340	345	115	491	391	368	134	471	290	310
32	264	408	515	103	287	387	457	91	376	333	480	117	280	389	445	141	342	377	442	161	325	371	456	126	358	293	485	125	352	368	514	0.0	375	358	531	138	397	426	453	114	348	368	536	134	371	287
33	280	504	365	392	198	455	258	394	121	460	262	390	185	446	291	401	126	436	266	308	148	433	355	356	130	441	307	411	153	422	315	408	0.0	462	290	351	96	448	294	380	149	474	316	348	133	276
34	244	117	352	372	422	128	429	349	438	137	394	321	444	125	333	315	507	126	357	318	392	137	382	298	442	144	360	313	448	141	391	362	502	0.0	437	365	463	172	431	298	456	103	494	315	433	258
35	347	428	192	545	352	386	116	481	278	395	107	466	347	428	167	472	347	365	171	435	277	370	170	499	300	401	152	479	322	410	120	501	293	405	0.0	453	321	350	102	523	327	420	141	427	282	287
36	227	360	416	173	238	331	422	167	277	332	443	132	233	393	349	141	298	375	343	129	273	314	428	135	262	293	454	154	255	368	479	142	331	369	421	0.0	352	360	420	160	257	322	505	118	272	246
37	316	554	350	425	212	431	293	425	124	437	295	423	173	494	329	374	130	483	261	340	171	410	342	389	146	418	345	446	146	469	352	378	98	510	278	327	0.0	496	285	414	156	448	351	379	135	312
38	257	176	240	397	448	143	320	427	437	134	347	396	395	122	281	334	444	130	313	323	397	147	269	365	448	168	303	395	392	119	333	441	427	176	384	365	463	0.0	323	374	470	157	370	378	433	263
39	296	435	188	477	363	388	85	494	285	339	84	476	356	370	156	480	308	368	160	377	284	371	140	436	309	402	127	490	330	353	121	512	261	411	104	394	288	351	0.0	457	339	424	141	436	288	285
40	235	357	475	101	290	338	499	120	366	339	450	93	325	342	412	105	339	329	412	165	316	324	493	104	352	294	450	90	347	322	479	120	428	310	500	164	389	378	497	0.0	347	318	502	123	361	258
41	305	484	396	387	130	440	349	327	137	444	305	329	125	507	319	342	102	422	298	307	133	419	392	300	110	418	401	350	112	479	355	340	156	440	339	286	136	443	343	377	0.0	452	422	290	141	261
42	253	130	326	346	387	113	398	378	402	117	426	295	407	145	305	289	468	114	327	288	418	117	355	319	405	117	392	289	412	132	363	335	463	108	405	334	499	161	400	322	420	0.0	463	287	397	267
43	381	503	192	576	455	394	156	595	319	406	158	493	389	432	224	501	390	436	208	468	371	380	174	532	339	417	156	590	363	417	143	530	336	483	126	488	364	352	145	554	426	431	0.0	534	324	371
44	219	384	403	145	260	303	417	147	338	303	439	119	251	361	401	107	315	345	339	115	288	336	417	99	324	264	444	144	271	339	471	122	344	334	487	106	366	391	415	126	319	291	498	0.0	284	240
45	241	471	354	358	173	420	260	360	94	362	266	351	130	416	277	360	129	403	251	271	104	398	298	319	111	343	305	373	124	392	316	371	122	428	299	265	142	418	255	344	144	436	328	309	0.0	237
60	90	296	280	317	248	244	296	284	247	241	271	256	250	255	223	252	302	236	218	208	210	225	291	227	253	220	270	270	253	272	292	290	300	258	309	244	283	256	299	248	271	256	380	226	240	0.0

[*,*,5]:	1	2	3	4	5	6	7	8	9	10	11	12	13	14	15	16	17	18	19	20	21	22	23	24	25	26	27	28	29	30	31	32	33	34	35	36	37	38	39	40	41	42	43	44	45	60:=
1	0.0	284	289	251	244	234	264	264	251	197	282	234	212	247	234	228	260	227	231	160	213	215	258	207	255	176	280	247	254	225	302	267	261	245	319	192	287	251	265	228	271	241	334	206	244	91
2	264	0.0	341	338	437	139	362	370	448	154	389	344	458	112	332	339	444	132	359	294	404	153	372	321	453	173	352	336	461	121	382	384	436	109	429	388	470	161	425	320	468	135	411	338	444	276
3	250	318	0.0	487	363	279	166	437	311	287	161	416	362	261	127	417	384	263	162	385	296	268	103	380	330	304	112	424	346	293	133	453	344	305	179	416	322	238	171	397	356	315	199	385	311	242
4	275	342	454	0.0	271	330	476	91	346	332	499	104	307	386	395	121	371	320	395	174	300	317	471	134	331	291	501	93	327	365	454	98	402	300	473	161	425	365	473	108	324	311	555	129	342	256
5	249	411	367	295	0.0	374	339	288	156	376	349	248	102	435	298	259	146	420	281	231	153	355	368	264	134	349	381	267	124	410	397	255	189	432	332	207	198	383	334	287	118	379	410	251	154	254
6	224	142	263	334	406	0.0	330	362	351	83	356	331	362	108	292	278	414	84	271	272	368	83	289	306	417	116	321	328	363	89	350	320	405	122	338	313	438	133	332	312	435	103	386	319	347	233
7	274	404	145	448	343	358	0.0	464	270	314	88	445	287	343	138	384	294	340	143	352	267	343	127	408	293	319	116	459	267	327	114	479	250	382	110	370	276	324	79	429	321	336	142	408	273	263
8	254	384	486	94	272	367	431	0.0	356	315	453	118	310	367	421	140	322	356	419	159	309	352	430	126	338	325	457	120	333	347	484	89	353	338	500	136	373	403	499	112	329	348	504	134	351	275
9	225	432	322	329	160	387	273	331	0.0	390	239	325	142	382	252	333	112	371	230	294	102	367	315	295	99	371	275	344	115	360	285	342	118	393	268	288	119	384	269	317	128	402	293	287	85	222
10	225	138	277	343	358	85	345	319	363	0.0	318	291	373	127	261	285	427	86	282	276	324	79	304	267	369	113	337	289	375	106	315	330	419	114	355	320	388	128	348	319	385	109	406	279	359	201
11	299	380	169	482	309	339	90	497	242	347	0.0	410	304	379	138	416	307	321	139	381	282	324	149	439	263	352	135	423	282	362	111	442	259	419	90	398	285	308	80	462	288	370	147	375	245	288
12	231	364	406	110	280	294	425	121	305	295	447	0.0	269	348	408	87	331	334	348	133	307	280	421	94	293	256	449	105	289	328	476	101	359	317	424	129	381	326	422	89	337	278	501	111	301	253
13	229	453	329	300	107	348	298	296	145	351	308	293	0.0	407	308	259	124	393	246	227	118	386	328	266	123	327	340	314	94	383	354	261	158	409	343	212	169	415	294	289	119	357	367	254	121	230
14	247	121	302	351	425	113	330	381	425	111	357	352	377	0.0	296	347	427	103	324	293	385	127	285	326	433	141	318	348	441	90	347	394	416	126	394	332	449	119	332	331	451	138	379	341	421	256
15	218	332	136	390	317	285	123	406	262	290	141	385	312	275	0.0	386	284	270	109	298	249	270	131	350	281	297	126	396	296	260	142	420	251	310	167	376	279	256	152	370	309	317	183	352	261	208
16	198	316	417	130	256	296	439	125	322	295	395	89	286	300	359	0.0	351	288	359	132	276	282	433	83	310	255	395	100	305	329	421	124	378	273	440	141	344	331	437	87	307	279	519	102	316	218
17	286	449	358	371	134	409	312	314	118	413	317	315	127	470	288	327	0.0	391	268	294	122	389	353	336	96	390	360	334	107	445	318	327	129	409	301	277	130	409	305	361	85	421	377	279	124	244
18	233	124	266	348	420	77	336	377	362	91	362	296	374	106	254	291	426	0.0	277	284	380	89	293	319	368	125	326	293	375	85	355	334	416	129	344	326	450	111	339	326	384	111	392	333	358	242
19	220	367	153	400	306	271	132	414	208	275	146	392	255	309	112	338	271	301	0.0	303	233	255	146	357	265	276	154	406	240	291	166	366	237	341	150	324	265	291	137	379	294	297	204	356	208	208
20	166	328	337	164	233	295	352	171	291	251	372	140	219	304	333	115	277	287	328	0.0	245	278	350	116	281	217	375	158	235	283	399	169	299	283	414	113	321	327	351	142	283	244	426	112	284	185
21	206	419	329	308	144	373	248	309	110	320	257	300	124	371	258	307	126	358	235	228	0.0	352	279	271	109	352	288	320	109	349	300	318	133	379	289	223	150	375	287	295	133	386	314	262	101	203
22	193	147	278	301	364	91	346	327	367	85	320	298	377	114	261	292	369	91	282	281	328	0.0	305	273	373	117	290	297	379	95	317	338	423	123	357	326	392	129	350	280	390	117	350	285	362	202
23	294	335	100	488	350	296	140	436	294	304	136	416	349	325	118	418	365	279	150	386	282	284	0.0	380	314	317	104	425	331	312	108	452	323	320	153	413	303	257	144	465	339	331	174	384	295	243
24	219	313	400	130	234	291	417	139	298	291	439	86	262	346	342	87	325	283	340	119	298	277	415	0.0	286	252	442	106	282	325	401	116	353	316	418	121	375	324	416	107	283	277	496	85	293	241
25	252	480	322	348	151	370	280	346	93	374	286	293	114	428	298	302	101	415	235	268	112	351	317	312	0.0	353	325	364	87	404	336	307	120	437	272	257	131	369	275	336	112	383	345	302	95	250
26	190	171	276	284	366	111	331	311	379	106	356	278	327	152	294	231	381	131	266	225	337	119	299	255	383	0.0	330	276	332	133	358	273	378	132	396	266	409	177	333	262	399	103	393	268	320	203
27	280	379	130	456	372	337	112	474	307	296	127	454	315	318	135	457	327	319	161	361	299	323	91	417	329	306	0.0	465	348	305	92	491	286	362	140	383	314	296	114	436	357	373	137	419	309	271
28	230	336	455	92	284	321	411	116	357	321	434	99	318	324	396	108	330	312	397	142	309	307	473	108	343	279	433	0.0	339	305	460	118	355	292	480	166	378	359	478	81	338	300	482	127	351	251
29	220	429	346	351	122	386	305	299	111	389	268	296	103	382	275	305	114	371	255	269	98	366	343	268	89	365	301	315	0.0	421	313	309	145	388	300	256	134	389	301	290	101	397	377	259	109	219
30	247	123	273	365	376	88	347	339	378	102	374	312	392	99	263	307	445	78	288	300	340	100	301	336	385	137	335	309	393	0.0	313	351	434	114	356	343	468	109	350	342	401	119	403	300	375	219
31	309	359	135	495	397	322	113	513	278	331	125	422	337	355	134	427	346	355	153	394	318	310	114	453	298	342	94	432	317	341	0.0	456	300	401	114	417	328	285	112	474	322	356	129	454	281	299
32	255	393	426	99	277	320	442	88	310	322	464	113	271	376	430	116	331	363	366	156	314	306	441	121	345	284	469	120	291	355	496	0.0	363	346	438	134	383	411	439	110	336	305	518	129	306	277
33	271	487	301	379	191	439	250	380	117	381	253	376	153	431	281	331	121	421	257	299	143	418	294	344	126	364	297	397	127	409	304	394	0.0	447	280	290	93	432	243	368	144	391	306	336	128	267
34	236	113	339	307	408	124	355	338	423	113	381	310	428	121	322	303	419	122	345	263	379	132	315	288	427	138	349	303	432	117	378	350	415	0.0	422	301	448	166	416	288	441	99	409	304	418	249
35	287	414	186	450	341	373	111	466	268	381	89	451	335	354	161	456	287	353	166	419	269	357	164	413	290	387	125	464	311	338	116	483	283	392	0.0	437	265	338	98	432	316	406	116	413	272	278
36	219	349	402	167	197	320	407	138	268	320	365	128	225	379	338	136	287	310	332	125	226	304	413	111	254	283	437	149	247	355	397	137	319	305	408	0.0	290	348	405	154	248	311	488	98	263	204
37	305	458	339	411	175	417	283	410	120	423	285	350	167	477	272	362	126	398	252	328	165	397	330	375	121	404	333	368	141	452	291	365	95	492	269	316	0.0	410	275	399	129	434	339	313	131	301
38	248	170	232	383	432	118	309	412	361	129	335	326	382	118	271	323	429	125	259	312	383	121	260	352	369	163	293	381	379	115	321	365	413	170	318	353	447	0.0	312	361	453	152	357	365	358	253
39	286	420	155	462	350	320	82	477	275	328	81	459	294	358	151	397	298	355	132	364	274	358	136	421	298	333	123	473	273	342	117	422	253	397	100	382	278	339	0.0	442	327	350	137	421	238	276
40	228	344	458	98	280	326	413	116	354	280	435	90	268	331	398	101	328	318	397	136	306	312	408	101	340	243	436	87	335	311	463	116	354	299	482	135	376	365	410	0.0	335	307	486	119	348	249
41	252	468	382	320	126	425	288	317	132	428	295	318	121	419	309	330	84	408	288	253	128	404	377	290	106	403	331	338	108	396	343	328	129	425	328	276	132	428	331	312	0.0	436	348	281	136	253
42	209	126	315	333	375	110	384	313	388	113	352	285	393	120	295	279	451	110	316	278	346	113	343	263	392	113	323	280	397	127	351	324	447	89	392	322	413	156	386	266	406	0.0	446	278	384	221
43	367	416	186	555	376	381	150	491	308	392	152	478	376	417	185	484	377	360	201	452	306	368	168	513	329	403	151	488	351	403	118	512	324	399	122	471	351	340	140	535	353	416	0.0	441	313	306
44	211	317	389	140	251	293	403	142	280	293	424	99	243	349	331	103	304	333	328	111	278	278	403	96	267	256	429	119	262	327	454	119	332	322	403	103	353	323	401	122	264	281	481	0.0	275	231
45	233	454	293	346	167	347	251	347	77	350	257	339	126	402	267	298	125	389	208	262	100	328	288	308	107	332	295	360	103	379	305	306	118	413	247	256	137	403	247	332	139	361	317	299	0.0	229
60	87	286	270	262	240	236	245	275	238	199	262	247	241	246	215	243	250	228	210	172	203	217	240	219	244	212	261	260	244	225	282	280	248	249	298	201	274	248	289	240	262	246	314	218	231	0.0

[*,*,6]:	1	2	3	4	5	6	7	8	9	10	11	12	13	14	15	16	17	18	19	20	21	22	23	24	25	26	27	28	29	30	31	32	33	34	35	36	37	38	39	40	41	42	43	44	45	60:=
1	0.0	322	281	285	277	228	300	300	244	225	321	266	242	281	266	222	296	258	224	182	242	209	294	235	290	201	319	281	248	256	343	260	298	278	310	219	327	286	303	259	308	235	380	234	238	103
2	301	0.0	331	385	497	158	413	421	509	150	443	391	446	128	377	330	506	151	408	335	460	174	363	365	515	169	401	382	448	138	435	436	497	124	488	378	535	183	413	365	532	131	468	384	504	314
3	285	361	0.0	475	413	317	162	498	354	279	183	473	412	298	144	474	374	299	185	375	337	305	100	433	375	345	128	483	393	285	151	515	335	347	204	404	367	271	194	452	405	358	194	438	354	276
4	268	390	517	0.0	309	375	540	104	394	377	486	119	349	376	450	138	360	364	450	197	342	360	536	131	377	331	488	106	372	355	518	111	457	342	539	183	414	416	537	105	369	353	540	146	389	292
5	283	468	418	335	0.0	426	385	280	177	428	340	283	116	494	340	295	165	409	321	262	149	404	418	256	152	397	433	304	141	466	387	290	215	421	379	235	192	436	380	326	135	432	466	245	175	247
6	254	139	299	379	395	0.0	376	411	400	95	404	322	412	123	284	317	470	82	308	309	418	94	329	347	406	132	365	319	414	101	340	365	460	139	385	356	497	130	378	354	423	117	439	310	395	265
7	311	459	166	510	389	349	0.0	527	263	357	100	433	328	390	157	438	334	387	139	401	304	333	144	464	285	363	132	521	305	372	129	467	285	434	107	422	314	315	90	488	365	383	161	463	266	299
8	289	436	473	107	309	356	491	0.0	404	359	515	134	302	418	479	136	367	405	407	181	351	399	490	144	385	317	521	136	324	396	551	87	403	384	568	156	425	458	487	128	373	339	574	153	341	313
9	257	492	366	375	182	440	266	377	0.0	379	272	369	138	435	287	378	128	422	261	286	116	417	307	336	112	360	314	391	130	410	324	389	115	448	305	280	135	436	261	361	145	457	334	326	97	252
10	219	158	315	334	408	97	336	364	413	0.0	363	331	424	124	297	324	416	98	320	269	370	90	345	304	420	128	329	329	427	103	359	375	407	130	404	364	442	146	396	311	438	124	395	318	408	229
11	291	433	192	548	353	386	103	485	276	394	0.0	468	346	368	157	473	348	366	158	432	275	369	169	427	299	400	131	482	321	411	127	503	294	408	102	453	277	351	91	449	328	421	167	428	279	281
12	263	355	462	125	272	335	483	118	348	335	507	0.0	307	396	397	99	376	325	397	152	298	319	479	107	334	291	510	102	329	372	463	114	408	308	483	147	433	372	481	101	328	317	570	108	343	246
13	260	440	375	341	121	397	340	336	141	400	350	285	0.0	462	300	295	141	446	280	259	134	376	374	302	120	373	386	306	107	435	402	297	180	464	334	241	192	404	335	329	116	406	417	289	138	262
14	281	137	294	400	483	110	376	433	413	127	406	400	430	0.0	336	338	486	117	315	334	438	124	325	371	492	161	362	395	430	102	394	384	474	143	383	379	511	135	378	376	512	135	432	387	410	291
15	248	377	132	444	361	324	141	463	297	282	161	437	304	314	0.0	375	324	307	124	340	283	307	128	399	320	289	143	451	287	296	162	477	287	353	190	366	318	290	148	421	351	308	208	400	296	236
16	225	360	474	127	292	336	427	143	366	287	451	102	324	342	409	0.0	342	327	408	128	314	320	421	95	353	289	451	114	347	321	480	140	368	310	500	137	393	377	497	100	350	317	506	116	360	248
17	278	512	407	360	152	465	354	358	134	469	309	359	144	457	328	372	0.0	446	305	334	140	442	401	328	110	443	350	381	121	432	362	372	146	466	343	315	127	465	347	351	97	478	366	318	141	278
18	264	142	303	396	409	88	382	367	412	103	352	337	426	120	289	331	484	0.0	315	323	370	101	333	310	419	142	370	334	427	97	346	381	473	125	392	371	437	126	385	370	437	127	445	324	408	235
19	250	358	174	455	297	308	150	471	237	313	166	382	291	352	109	384	309	292	0.0	344	264	291	166	406	258	314	175	396	273	331	162	417	269	387	171	369	301	284	156	431	287	339	231	346	236	236
20	189	373	385	186	265	287	401	195	283	286	423	136	250	346	378	131	315	327	320	0.0	279	271	399	132	273	247	427	180	268	322	453	165	340	322	403	129	365	318	400	161	321	278	484	127	277	210
21	234	477	320	351	164	362	283	351	124	365	292	341	120	423	293	299	143	407	229	260	0.0	400	318	309	124	343	328	364	106	397	341	309	151	431	328	254	171	426	280	335	151	375	358	298	98	231
22	220	168	316	343	414	104	338	373	417	83	365	339	367	130	297	331	421	103	320	274	373	0.0	296	311	424	113	331	337	431	108	361	384	412	140	406	317	447	147	340	319	444	133	399	325	412	230
23	287	381	113	475	399	336	136	496	334	345	155	473	396	317	135	475	356	318	170	375	322	323	0.0	434	357	361	101	484	376	304	123	514	314	364	174	469	345	293	164	453	386	376	169	437	335	277
24	213	356	455	147	266	331	474	135	340	331	427	99	298	337	389	99	369	322	387	135	290	315	471	0.0	326	287	429	121	321	369	457	132	401	308	476	138	365	369	473	104	323	315	563	97	334	235
25	286	468	366	395	147	422	318	337	106	425	325	334	129	486	291	344	115	404	268	305	109	400	361	354	0.0	402	369	354	99	459	327	349	136	424	310	292	149	421	312	382	109	435	392	293	109	243
26	216	167	314	323	415	127	377	353	370	121	404	271	373	173	286	263	433	149	303	256	382	116	340	290	373	0.0	375	268	378	152	407	311	430	150	386	303	465	172	379	297	388	117	447	304	365	230
27	319	430	126	519	423	328	127	539	298	337	145	516	360	362	154	445	373	362	157	412	340	314	104	474	373	349	0.0	529	339	347	105	478	326	411	136	437	357	337	130	496	405	364	156	476	301	308
28	262	382	443	105	323	364	468	132	405	313	494	112	310	369	451	105	376	355	451	162	351	349	461	123	390	272	493	0.0	329	348	523	133	405	332	546	162	430	408	465	92	385	292	550	144	399	286
29	251	488	393	342	139	439	297	341	126	378	306	336	117	435	313	347	112	422	290	261	111	416	333	305	102	415	343	359	0.0	410	356	351	141	442	341	248	153	442	342	330	115	452	367	295	124	250
30	241	140	311	355	429	100	394	386	430	116	365	355	446	96	300	349	432	89	327	341	388	114	342	328	438	155	326	352	446	0.0	357	400	493	130	405	390	456	124	398	333	457	135	391	342	426	250
31	351	409	153	562	387	367	128	500	317	377	122	481	384	403	152	485	393	346	174	448	310	353	129	440	339	389	107	493	361	388	0.0	519	341	390	129	474	319	325	127	538	368	405	147	443	320	291
32	290	383	485	113	269	365	503	100	354	367	527	110	308	428	418	132	376	353	417	178	357	349	502	138	336	323	533	117	331	404	482	0.0	413	393	500	152	435	401	499	125	327	347	589	125	349	314
33	309	553	344	432	218	428	285	432	113	434	287	366	174	491	319	377	138	479	250	340	163	407	335	392	122	415	338	450	144	465	345	384	0.0	508	272	330	106	420	277	418	164	446	348	382	125	303
34	269	128	330	350	464	120	404	384	480	129	434	352	417	138	366	295	478	138	335	299	431	150	360	328	485	135	397	344	421	133	430	340	473	0.0	479	343	509	188	405	328	501	97	466	346	406	284
35	327	471	211	513	388	423	109	530	305	371	101	512	326	403	183	518	327	402	188	409	306	406	159	470	330	376	143	527	353	386	132	549	276	447	0.0	426	302	384	95	493	359	461	132	470	309	316
36	214	397	456	163	224	364	396	157	305	364	416	145	256	369	385	155	279	354	377	121	257	346	469	127	289	321	426	170	280	346	452	156	310	347	464	0.0	331	396	461	151	283	354	475	111	299	232
37	296	522	385	466	200	475	321	400	137	480	277	399	190	463	310	412	143	454	287	373	161	452	375	365	137	460	324	420	160	514	332	416	108	479	306	360	0.0	468	313	388	146	493	385	357	149	293
38	282	166	265	436	420	135	352	401	411	147	381	372	435	134	264	368	488	122	295	355	373	138	296	400	421	185	333	371	432	130	313	416	469	165	362	401	507	0.0	355	410	442	173	406	355	408	246
39	325	408	177	525	398	365	94	542	268	373	92	447	335	407	146	452	339	403	151	415	311	349	155	478	290	379	139	459	311	389	133	481	288	451	98	435	316	330	0.0	503	318	399	155	478	271	313
40	259	391	446	111	319	318	470	132	344	319	495	102	306	376	452	98	374	361	387	155	348	304	465	115	386	277	496	98	326	354	526	112	403	340	469	154	428	415	468	0.0	381	299	554	135	339	283
41	287	532	371	364	143	483	328	361	150	417	336	362	118	478	351	321	96	465	327	289	146	459	368	331	120	393	378	385	105	452	390	373	147	484	372	269	150	486	322	355	0.0	424	397	319	154	288
42	238	143	358	325	426	125	373	356	442	109	402	324	446	137	336	317	440	125	359	271	394	129	333	300	446	129	368	318	452	124	400	368	435	101	445	313	470	177	438	303	462	0.0	435	316	436	252
43	358	474	211	540	429	434	171	560	351	446	148	544	427	406	211	551	366	410	229	513	349	419	191	500	374	458	147	556	399	391	135	583	369	455	139	535	342	387	159	520	402	473	0.0	503	356	349
44	240	362	443	159	245	334	458	138	319	333	412	112	276	396	377	117	345	324	373	126	270	317	458	93	305	291	487	136	298	371	443	135	378	314	459	117	343	369	456	138	301	320	546	0.0	313	225
45	265	442	333	394	162	395	286	394	88	399	292	330	143	457	260	339	142	378	236	298	114	374	328	350	105	378	335	350	117	431	297	349	134	469	281	292	156	393	281	378	135	411	360	290	0.0	260
60	100	326	263	299	272	229	279	313	270	227	298	281	235	280	245	236	285	259	204	196	231	246	274	250	277	207	297	296	238	256	321	272	283	284	339	229	312	281	281	273	298	240	358	248	225	0.0

[*,*,7]:	1	2	3	4	5	6	7	8	9	10	11	12	13	14	15	16	17	18	19	20	21	22	23	24	25	26	27	28	29	30	31	32	33	34	35	36	37	38	39	40	41	42	43	44	45	60:=
1	0.0	324	331	335	278	268	353	351	287	264	376	267	285	329	268	262	348	259	264	214	284	247	345	276	291	236	374	282	291	301	344	306	350	326	366	257	383	287	356	304	310	276	447	235	280	121
2	353	0.0	390	453	583	159	485	494	511	177	521	392	525	150	442	388	594	177	410	394	540	175	427	429	517	199	471	448	527	162	510	439	584	145	490	445	628	183	486	428	624	154	550	451	508	369
3	335	424	0.0	558	485	318	190	584	415	329	215	555	414	350	169	476	440	351	185	441	396	358	118	509	440	347	150	566	395	336	178	517	394	407	239	476	432	318	195	531	475	360	228	514	355	324
4	316	458	606	0.0	363	440	544	123	463	379	572	139	350	442	528	162	424	428	528	199	402	423	538	154	443	332	574	125	437	418	608	131	460	402	632	184	487	488	539	123	433	414	635	172	456	343
5	285	550	490	337	0.0	500	386	330	208	502	400	332	136	497	399	346	166	481	376	263	175	474	490	302	179	465	436	358	165	468	455	341	216	495	445	276	226	513	446	328	158	506	468	288	205	291
6	255	163	351	445	465	0.0	441	414	470	111	406	379	484	124	334	372	551	96	362	363	421	111	386	349	478	155	367	376	486	119	401	428	540	140	453	418	500	153	444	355	498	138	514	365	465	266
7	365	462	195	598	391	411	0.0	529	309	420	118	509	385	458	158	515	392	388	164	471	305	392	170	544	335	427	155	524	358	437	130	550	334	435	126	495	368	371	106	572	367	450	189	466	313	300
8	340	437	557	125	362	419	577	0.0	407	422	605	135	355	491	481	160	431	475	480	213	412	402	576	169	386	373	611	137	381	465	646	102	473	451	572	183	499	460	573	150	375	399	674	179	402	367
9	302	577	368	441	213	442	313	443	0.0	446	320	433	162	511	337	381	150	495	262	337	136	418	361	394	132	424	369	459	131	482	381	391	135	526	306	329	159	512	308	425	170	460	393	383	98	296
10	258	185	316	393	480	114	395	427	485	0.0	426	389	426	146	348	325	489	116	375	316	435	106	347	358	493	129	387	386	428	121	422	440	479	153	474	366	519	171	398	366	515	124	465	374	479	270
11	342	509	225	551	415	453	103	570	324	396	0.0	549	406	433	184	555	351	430	186	435	323	434	170	503	351	469	155	566	376	413	149	590	296	480	120	454	326	412	107	528	386	494	168	503	328	330
12	264	418	542	125	320	393	566	138	409	393	511	0.0	360	398	467	116	378	382	466	178	351	375	562	108	392	342	513	120	386	374	545	134	479	363	567	172	436	438	564	102	386	372	572	127	402	289
13	305	518	440	400	122	467	399	338	166	470	351	335	0.0	542	353	347	165	449	329	304	135	442	439	303	141	438	453	360	126	511	405	349	212	466	393	283	193	475	394	386	137	477	489	291	162	263
14	329	138	346	469	484	130	442	508	487	149	476	403	506	0.0	338	398	571	118	371	392	513	146	382	436	495	189	425	397	506	120	396	451	556	168	451	445	600	136	445	442	515	159	507	389	483	341
15	291	442	155	522	423	326	166	543	299	332	189	439	357	368	0.0	441	381	360	125	400	332	309	151	468	321	340	168	528	338	348	190	480	337	415	191	431	373	292	174	494	412	363	245	470	298	277
16	265	422	476	149	342	337	502	168	429	338	530	119	327	403	480	0.0	402	384	409	151	369	375	496	111	414	291	530	134	349	377	563	141	433	365	587	161	461	442	500	117	410	318	595	136	361	292
17	327	601	478	424	179	545	356	421	158	471	364	422	144	538	385	436	0.0	524	358	336	164	519	403	386	129	445	412	447	142	509	426	436	147	548	403	317	149	546	348	413	114	561	431	374	165	327
18	266	167	355	398	481	104	384	432	484	121	415	396	500	121	340	389	487	0.0	370	324	435	119	390	365	493	167	373	393	501	97	407	447	475	148	461	435	515	149	452	372	514	149	448	381	479	277
19	251	421	205	534	350	362	176	474	279	367	166	450	341	353	128	452	362	344	0.0	404	266	342	195	408	304	369	175	465	321	389	190	490	316	390	201	433	302	334	184	432	337	398	271	408	278	238
20	222	375	452	219	266	338	471	195	333	336	496	160	293	406	381	154	370	328	376	0.0	280	318	469	155	322	290	500	181	315	378	456	194	399	323	475	152	428	374	470	189	323	326	568	128	326	211
21	275	478	377	412	192	427	333	412	125	429	343	343	142	496	294	352	168	478	269	305	0.0	403	373	362	125	404	385	365	125	467	400	364	178	506	330	299	201	428	329	394	152	442	420	349	116	271
22	259	197	318	403	486	104	397	437	418	97	429	398	432	153	348	333	495	121	322	322	438	0.0	349	366	498	133	389	396	434	127	424	386	485	165	408	373	525	172	400	375	520	134	469	381	414	270
23	337	448	114	559	469	395	160	583	392	347	183	556	398	373	158	477	419	373	200	441	378	379	0.0	510	419	362	119	569	377	357	145	603	370	428	204	472	406	344	165	533	454	377	199	513	393	326
24	251	419	533	148	313	389	477	159	399	332	503	116	350	396	458	116	372	379	455	136	341	370	473	0.0	383	337	506	142	376	371	537	154	403	363	559	139	429	433	554	122	379	369	567	114	392	276
25	288	550	430	397	172	495	373	396	124	499	327	392	152	489	342	404	115	475	315	358	128	470	424	356	0.0	471	371	417	117	461	384	410	160	500	365	343	150	495	367	384	129	511	393	345	128	286
26	253	196	369	379	418	149	442	355	435	142	406	319	438	203	336	309	508	150	356	301	384	137	399	291	439	0.0	440	316	444	178	410	366	505	151	454	356	467	202	445	349	456	138	525	306	429	231
27	374	432	149	609	425	386	149	633	351	396	170	519	423	425	154	524	438	363	185	483	398	370	122	556	376	411	0.0	531	398	408	105	562	383	482	160	514	419	339	152	582	407	428	183	478	354	361
28	307	448	521	123	379	367	551	154	407	368	580	113	364	433	528	123	442	417	454	190	412	351	542	145	391	320	579	0.0	388	408	614	134	476	390	549	190	505	410	548	108	451	344	646	169	402	336
29	295	573	395	402	163	441	350	400	148	445	359	395	118	512	368	349	131	496	291	308	131	488	392	359	119	418	403	421	0.0	483	418	353	166	520	400	292	180	519	344	389	134	454	432	346	125	294
30	283	164	364	418	504	117	397	454	505	117	429	417	447	113	352	410	509	104	384	343	456	133	344	385	514	156	384	413	524	0.0	420	469	496	153	475	392	537	146	399	392	537	159	461	402	500	294
31	353	481	180	565	455	431	128	588	372	442	143	565	450	406	179	570	395	407	205	450	364	414	152	518	399	456	108	579	423	390	0.0	610	343	459	152	556	376	382	149	542	432	475	147	521	375	342
32	291	450	570	132	317	428	590	101	416	430	530	130	362	429	492	156	441	416	490	208	359	410	589	138	396	379	535	138	389	474	567	0.0	484	395	587	179	438	471	586	126	385	408	691	147	410	316
33	362	556	404	506	219	503	334	434	133	509	337	431	204	576	321	444	162	481	295	399	163	479	393	459	144	488	396	453	170	546	347	451	0.0	509	320	388	124	495	326	491	165	524	408	384	147	305
34	315	129	388	411	544	141	475	451	483	151	509	354	490	162	367	348	561	162	395	352	506	151	423	385	487	159	466	345	495	157	504	400	555	0.0	482	403	598	189	477	386	503	114	547	405	478	333
35	384	553	212	603	455	425	128	622	306	436	119	601	384	473	215	521	384	472	189	481	359	408	187	552	386	443	168	619	355	454	155	552	324	525	0.0	501	355	451	112	579	422	464	156	552	311	371
36	251	466	458	191	263	427	466	185	358	366	490	171	257	434	452	155	329	415	442	143	302	405	472	149	339	323	501	199	281	407	531	183	365	408	544	0.0	389	465	463	177	332	355	558	131	350	273
37	348	614	452	469	235	557	323	470	161	482	326	469	223	545	364	483	144	534	337	375	189	531	377	429	161	539	381	493	188	517	390	488	109	564	359	361	0.0	549	367	457	172	579	388	419	175	345
38	284	195	311	437	495	158	413	472	483	173	383	438	510	134	310	432	489	143	346	416	439	162	347	403	495	217	335	436	507	131	368	488	550	194	425	471	511	0.0	417	412	520	203	408	418	479	290
39	381	480	208	616	400	429	110	545	315	438	93	525	394	477	172	531	398	406	177	487	313	410	182	480	342	445	163	541	366	456	134	566	337	453	115	510	317	388	0.0	590	374	469	182	481	319	315
40	304	393	525	131	320	374	553	155	405	375	581	103	360	442	454	116	439	363	455	182	408	357	546	134	389	325	582	99	384	416	528	132	474	399	552	181	502	417	550	0.0	383	352	650	136	399	332
41	337	624	437	428	168	486	386	423	151	491	395	363	138	561	412	378	112	545	329	340	172	462	433	388	121	462	443	451	124	531	458	375	173	568	374	317	176	488	379	417	0.0	499	467	375	155	338
42	280	168	360	382	501	125	439	419	518	129	472	380	449	160	394	318	517	147	360	319	463	151	392	353	523	130	433	374	454	146	470	369	512	119	522	369	552	208	441	356	542	0.0	512	371	438	296
43	421	557	248	635	504	509	172	659	412	448	174	639	428	477	248	646	431	482	268	516	410	491	192	588	439	459	173	654	468	461	159	683	371	535	163	538	403	455	160	612	472	555	0.0	591	418	410
44	241	425	520	160	288	392	460	163	374	391	485	132	324	399	443	138	347	381	438	126	318	372	538	110	358	341	490	160	350	373	521	158	379	369	539	137	404	433	535	139	353	376	549	0.0	367	265
45	266	520	392	462	191	465	335	397	104	468	294	388	168	459	306	398	167	445	278	349	114	440	385	352	123	444	336	412	138	506	349	410	158	473	331	343	157	462	330	379	159	483	423	342	0.0	261
60	117	327	309	351	319	270	328	367	272	266	350	282	276	329	246	278	335	304	241	230	271	248	322	293	279	243	349	297	280	301	376	320	332	333	341	270	366	283	331	321	299	282	420	291	265	0.0

[*,*,8]:	1	2	3	4	5	6	7	8	9	10	11	12	13	14	15	16	17	18	19	20	21	22	23	24	25	26	27	28	29	30	31	32	33	34	35	36	37	38	39	40	41	42	43	44	45	60:=
1	0.0	379	387	391	325	314	412	352	336	308	376	313	332	329	313	306	405	304	309	250	285	288	403	276	341	275	374	330	340	351	403	358	408	327	428	300	383	336	416	304	362	323	521	276	327	121
2	412	0.0	456	529	583	186	567	493	599	206	607	460	613	175	443	454	694	177	480	461	539	204	499	500	605	232	550	448	617	190	510	514	682	145	574	520	733	215	569	500	625	181	643	451	594	368
3	391	424	0.0	653	566	373	222	682	415	384	251	555	485	409	169	557	514	410	217	516	462	358	138	594	440	406	176	565	463	392	207	605	461	476	239	556	504	318	229	621	474	421	267	600	416	379
4	369	535	607	0.0	423	440	636	143	462	443	669	163	410	517	616	162	496	500	528	232	470	422	630	180	517	389	671	146	437	489	710	131	538	469	631	216	569	570	632	144	506	415	743	201	456	400
5	334	643	490	394	0.0	583	452	386	243	503	467	388	136	581	466	346	195	562	439	308	205	554	491	353	209	465	510	418	165	548	532	398	253	579	519	276	265	599	446	384	185	506	548	336	240	340
6	299	191	410	446	544	0.0	440	485	549	111	476	443	565	145	390	434	552	113	423	363	493	130	385	408	558	180	429	439	567	119	469	500	540	163	529	417	585	178	518	416	582	161	515	427	543	312
7	365	541	228	597	458	480	0.0	619	362	490	118	596	449	458	184	601	391	455	191	549	357	459	198	544	392	499	154	613	419	436	152	642	390	510	148	578	369	434	124	572	430	526	189	545	365	352
8	396	512	651	146	363	490	673	0.0	476	493	604	158	415	573	563	187	504	475	561	249	412	470	673	168	452	436	713	160	446	542	646	119	553	451	669	214	498	538	669	175	439	466	787	179	470	367
9	352	577	431	516	213	517	366	516	0.0	522	373	434	190	597	337	446	176	495	307	394	159	490	422	460	132	496	431	459	154	563	380	458	158	613	358	385	185	512	360	496	170	538	459	382	114	345
10	301	216	371	460	560	114	462	499	485	0.0	498	388	499	170	406	381	572	135	376	370	507	106	407	418	492	151	452	451	501	142	492	441	561	179	474	428	607	171	465	428	601	145	544	436	479	315
11	400	594	225	645	484	452	121	666	377	463	0.0	641	406	507	215	555	410	503	185	509	377	506	199	588	410	469	181	661	376	484	174	589	346	561	140	532	382	481	107	618	450	494	196	587	327	386
12	309	488	632	146	374	459	567	162	477	393	597	0.0	359	466	546	136	442	447	544	178	411	438	562	126	458	341	600	140	450	438	637	157	480	424	662	172	510	511	563	119	451	434	670	149	470	338
13	305	606	514	400	143	546	398	396	194	548	411	392	0.0	543	413	405	165	525	385	303	158	517	512	355	165	511	454	421	147	511	473	408	211	546	459	331	226	555	459	386	160	557	489	340	190	308
14	329	161	404	547	567	152	516	509	569	174	476	471	591	0.0	396	465	666	138	434	458	514	170	446	436	579	221	424	465	591	140	464	528	649	168	528	519	600	159	520	441	603	185	591	455	564	341
15	340	443	182	609	423	381	193	542	350	388	220	514	418	430	0.0	516	445	360	146	467	332	361	176	547	376	398	196	529	396	407	190	562	394	414	223	504	435	341	204	577	412	424	286	470	349	277
16	309	421	557	174	400	395	587	196	429	395	618	119	382	470	479	0.0	470	449	479	176	431	376	580	130	414	341	619	134	408	441	657	165	506	426	588	189	539	442	585	137	410	373	695	159	423	340
17	383	702	478	496	209	545	417	492	157	552	425	492	169	629	450	437	0.0	612	358	394	192	518	472	451	150	521	482	522	143	595	497	436	172	640	402	371	174	637	408	483	133	562	504	436	165	382
18	311	195	354	466	562	121	449	505	565	121	485	463	500	141	397	388	570	0.0	431	380	509	139	391	427	575	167	436	459	500	114	476	521	556	173	538	435	602	173	452	435	600	148	524	446	558	324
19	294	492	239	534	410	423	176	554	326	366	195	525	398	413	149	527	362	402	0.0	404	311	400	195	477	355	431	205	544	374	389	223	572	316	456	235	432	354	390	214	507	394	464	272	477	324	278
20	222	439	528	218	312	395	549	229	389	392	496	187	343	406	445	180	370	384	440	0.0	328	372	547	155	376	339	500	212	368	377	534	227	466	378	555	177	428	438	549	189	378	381	567	150	380	247
21	321	560	441	481	193	499	388	412	146	502	342	401	166	579	344	411	196	478	315	356	0.0	471	436	362	146	472	449	428	146	545	401	425	208	506	386	349	200	501	384	460	178	516	490	350	136	271
22	302	197	372	471	485	122	464	510	490	114	500	398	505	178	348	390	578	121	377	377	511	0.0	408	427	498	156	454	396	507	149	423	452	566	192	477	436	613	172	468	438	520	157	548	380	484	315
23	394	522	133	653	547	395	187	681	392	407	213	555	466	436	184	559	489	435	200	516	441	379	0.0	595	418	424	139	664	442	418	169	604	433	500	204	552	474	343	193	623	529	442	233	599	394	381
24	293	489	533	174	366	388	558	186	465	389	588	135	350	463	534	116	435	443	454	159	399	432	554	0.0	447	337	591	165	376	434	628	154	471	424	652	162	502	506	555	143	443	369	663	133	391	323
25	337	643	502	465	202	578	373	464	145	499	382	458	151	572	399	472	135	555	367	358	150	549	423	417	0.0	471	434	487	136	540	449	479	160	584	426	343	175	578	366	449	150	597	461	404	149	334
26	253	229	431	379	489	174	442	415	508	165	475	372	511	203	393	361	508	175	416	300	450	160	466	341	513	0.0	441	370	519	178	479	427	504	177	530	415	547	236	520	349	534	161	525	358	501	271
27	374	506	174	711	497	451	174	633	411	463	170	607	494	424	181	612	511	426	216	564	399	433	142	556	440	480	0.0	622	466	476	123	657	447	483	187	600	419	396	178	581	477	500	214	560	413	362
28	359	448	609	144	379	429	643	154	477	430	676	132	426	505	529	144	516	417	531	222	412	411	634	169	458	374	676	0.0	453	477	614	157	556	389	642	222	589	480	640	126	452	402	754	169	470	335
29	344	572	463	470	190	516	409	467	148	520	419	395	138	598	367	408	153	578	340	360	152	489	458	419	119	489	471	421	0.0	564	488	413	194	606	401	342	210	519	403	454	134	531	505	404	146	343
30	331	192	365	489	588	117	465	530	504	137	501	487	524	132	411	410	595	122	384	402	532	133	403	450	600	183	449	482	524	0.0	490	469	580	179	475	459	627	170	467	458	627	159	539	469	500	344
31	413	562	179	662	532	503	150	687	434	442	168	660	450	475	209	569	463	476	239	527	426	483	152	606	465	456	126	677	423	456	0.0	711	401	537	177	556	439	446	149	634	505	474	172	609	438	400
32	341	526	666	132	371	500	590	118	486	429	620	152	422	503	575	182	442	486	572	208	420	479	588	162	462	442	626	161	454	475	663	0.0	484	462	686	179	512	551	684	147	450	476	692	172	479	370
33	362	651	472	506	256	588	390	508	156	594	338	504	239	576	375	518	162	563	344	466	191	560	459	460	168	570	396	530	198	545	406	527	0.0	597	374	453	124	579	380	490	193	613	408	449	172	357
34	368	151	454	480	545	165	554	451	565	177	508	414	573	189	430	406	655	162	462	411	506	177	494	384	570	185	544	404	579	183	505	468	649	0.0	564	471	597	222	557	450	589	133	639	406	560	333
35	448	553	248	705	454	498	149	726	358	510	139	602	449	553	215	610	449	471	221	562	419	477	219	644	387	518	196	618	416	530	155	646	379	612	0.0	585	415	451	131	676	422	543	182	551	364	433
36	294	544	536	224	307	428	545	216	358	428	572	170	301	508	527	182	384	485	443	167	353	405	552	174	338	378	586	233	330	476	619	183	427	477	544	0.0	454	465	542	207	387	416	653	153	351	318
37	408	716	452	549	274	556	378	549	188	565	382	547	223	638	426	483	168	624	336	439	221	620	441	502	188	540	446	576	188	605	455	487	127	658	419	423	0.0	641	367	534	201	579	454	490	175	403
38	332	228	362	512	578	185	413	552	564	173	449	511	509	157	363	504	573	167	404	417	513	190	347	471	578	217	392	510	592	153	430	570	551	227	497	471	597	0.0	416	482	607	237	477	488	559	339
39	382	562	243	616	468	501	110	638	368	511	109	614	459	477	201	620	398	475	207	486	366	479	212	562	399	520	164	633	427	456	157	661	337	531	134	595	372	454	0.0	590	437	547	182	563	373	368
40	304	460	614	152	374	437	645	155	473	438	581	121	420	441	531	135	512	425	532	213	408	418	637	134	455	380	581	116	449	485	618	155	553	400	645	212	502	488	642	0.0	448	411	758	159	466	333
41	394	625	511	500	168	568	451	422	177	574	461	425	162	655	412	442	131	545	385	397	171	540	506	453	142	540	518	452	145	619	458	439	202	567	438	370	206	572	443	487	0.0	583	545	374	181	337
42	327	168	421	446	584	146	513	489	518	151	551	380	526	187	394	373	604	171	422	372	541	151	458	412	523	152	506	373	531	171	548	433	598	139	523	431	645	208	516	416	541	0.0	598	433	513	346
43	492	650	248	743	588	509	201	769	411	524	204	745	502	558	289	647	504	563	268	604	479	491	224	687	512	538	202	763	469	539	185	683	434	625	163	630	470	531	187	716	551	556	0.0	690	418	479
44	282	497	519	187	336	457	538	190	437	392	567	154	324	467	517	138	406	446	511	148	372	435	538	128	418	341	574	187	349	437	609	185	444	432	630	137	473	506	535	163	413	375	642	0.0	428	310
45	311	608	457	462	224	543	335	464	121	467	344	454	196	537	357	465	167	521	324	349	134	514	384	411	144	518	394	482	161	506	408	479	158	553	386	342	184	540	386	444	186	564	423	400	0.0	306
60	136	383	362	410	320	316	382	367	318	311	349	330	323	384	288	325	391	305	282	269	271	290	376	292	326	284	407	348	327	352	377	375	388	333	399	315	365	331	387	375	350	330	491	291	309	0.0

[*,*,9]:	1	2	3	4	5	6	7	8	9	10	11	12	13	14	15	16	17	18	19	20	21	22	23	24	25	26	27	28	29	30	31	32	33	34	35	36	37	38	39	40	41	42	43	44	45	60:=
1	0.0	438	445	386	376	362	406	406	388	304	435	361	383	380	362	352	401	351	356	247	329	332	397	319	393	317	432	381	392	347	466	413	403	377	493	296	443	388	479	351	418	372	515	318	377	140
2	407	0.0	526	521	674	215	653	570	691	238	600	531	707	173	511	524	684	204	554	530	624	236	575	494	698	268	543	518	711	187	589	593	786	168	662	599	724	248	655	494	722	208	633	521	685	426
3	450	490	0.0	752	559	431	256	673	480	443	247	641	559	471	195	643	593	405	251	595	456	414	159	586	509	469	202	654	534	452	205	699	531	469	276	642	497	367	264	715	548	486	308	593	480	374
4	425	528	701	0.0	417	508	734	165	534	511	770	161	473	596	608	187	572	493	610	268	541	488	727	207	511	449	773	144	505	564	700	151	621	540	730	249	656	563	729	166	499	479	857	198	527	461
5	385	740	566	455	0.0	576	522	445	240	581	539	382	157	671	537	400	225	648	434	356	236	547	567	407	206	538	588	481	191	632	612	393	292	667	512	319	305	590	515	443	213	585	632	388	237	392
6	345	220	405	515	627	0.0	509	559	632	128	549	511	558	167	450	429	638	130	417	419	569	149	445	471	643	178	496	506	560	137	541	493	624	188	609	482	675	206	512	481	671	159	595	492	535	360
7	422	624	262	691	528	553	0.0	715	417	483	136	687	443	529	213	692	453	525	221	543	413	529	195	629	452	491	179	707	482	505	176	740	385	589	170	570	426	500	122	661	496	605	218	629	421	406
8	392	592	751	145	419	566	664	0.0	549	568	698	182	478	566	650	216	497	549	647	245	476	543	775	195	522	502	705	185	514	535	747	137	545	521	772	246	576	621	771	173	507	538	777	207	542	424
9	347	666	497	594	246	597	422	510	0.0	602	368	501	219	588	389	514	202	572	354	454	157	566	487	454	152	572	424	531	177	649	439	528	182	606	414	444	183	592	415	489	197	621	529	442	132	341
10	347	213	428	530	552	132	533	492	560	0.0	574	449	576	196	402	440	659	133	434	426	500	122	469	481	569	174	521	445	579	164	486	509	647	176	548	494	699	197	537	493	594	168	627	430	554	310
11	461	585	260	744	558	523	140	767	373	535	0.0	633	469	584	212	641	473	579	214	587	435	500	229	678	405	542	209	651	435	558	200	682	399	646	139	614	440	475	124	713	444	571	227	676	378	444
12	357	562	625	169	431	453	655	187	471	454	689	0.0	415	537	629	134	511	515	537	206	474	432	649	145	528	395	693	162	445	505	734	155	554	489	653	199	588	589	651	137	520	429	773	171	464	390
13	353	699	507	462	165	628	460	457	224	542	475	452	0.0	627	476	399	191	606	443	351	182	596	506	410	190	504	524	485	145	590	546	470	244	630	529	327	261	640	453	446	184	549	565	392	218	355
14	380	186	466	541	655	175	509	587	656	172	550	544	680	0.0	457	535	659	159	500	452	594	196	439	503	668	254	490	537	681	138	535	608	641	194	608	512	693	183	598	510	696	213	584	526	650	394
15	336	511	210	601	489	440	223	627	404	447	218	594	481	424	0.0	595	438	416	168	538	383	417	203	540	434	459	194	611	456	401	219	648	453	478	258	580	430	394	235	570	476	489	282	543	403	320
16	356	487	643	201	395	456	677	193	496	455	609	138	441	541	554	0.0	541	443	553	203	425	434	668	128	478	393	713	155	471	508	649	191	583	420	679	218	531	511	675	157	474	430	801	157	488	336
17	441	693	552	572	206	630	481	567	182	637	490	486	195	725	444	504	0.0	603	413	454	221	599	545	519	148	602	556	515	165	686	490	504	199	737	465	428	201	630	471	557	131	649	581	430	191	440
18	359	224	410	537	648	119	519	582	558	140	559	456	577	163	457	449	658	0.0	426	438	586	137	452	493	567	193	503	529	579	131	549	515	642	199	531	503	694	171	522	502	692	171	605	513	552	373
19	340	567	236	617	472	417	203	639	375	424	225	605	393	477	172	520	419	464	0.0	467	359	461	225	551	409	426	237	627	369	449	257	563	365	526	270	499	408	450	212	585	454	458	314	550	320	321
20	256	507	608	252	360	455	543	264	449	387	573	216	338	469	514	208	427	443	507	0.0	378	429	540	179	434	334	578	245	424	436	616	261	460	436	640	175	495	505	541	218	436	439	656	173	438	286
21	317	647	508	474	223	575	383	476	169	578	396	463	191	572	398	474	194	553	363	351	0.0	544	502	418	169	544	444	494	168	537	463	490	205	584	445	402	232	578	443	454	205	595	484	404	156	313
22	298	227	429	543	560	141	535	504	566	131	494	460	582	176	402	450	666	140	435	434	506	0.0	470	421	576	180	447	457	585	171	489	521	652	190	551	503	605	199	540	432	601	181	631	440	559	311
23	454	516	154	753	540	456	215	671	453	469	246	641	538	502	182	645	564	430	231	595	435	438	0.0	686	483	490	160	656	510	481	167	697	499	492	235	637	546	397	223	718	523	510	268	592	455	375
24	338	482	616	200	421	449	644	214	460	449	678	133	405	534	527	135	501	510	525	184	460	427	640	0.0	442	389	682	163	434	501	723	178	544	488	644	187	579	499	641	165	436	427	765	153	452	372
25	389	740	496	537	232	570	431	535	143	576	441	528	175	660	460	466	156	640	363	414	173	541	489	481	0.0	544	501	561	134	623	518	473	185	674	420	396	202	666	423	519	173	590	532	465	147	385
26	292	265	425	438	564	201	510	479	585	164	549	429	504	234	453	356	587	202	479	347	519	184	461	394	592	0.0	509	426	511	206	553	492	583	204	611	410	631	272	513	403	615	158	606	414	577	312
27	432	584	200	703	574	520	172	732	474	456	197	701	569	490	208	705	505	491	249	557	461	499	140	642	507	552	0.0	718	536	470	142	758	441	558	216	591	484	457	205	672	550	576	211	646	477	418
28	354	518	703	142	438	495	741	178	550	496	668	153	491	499	611	166	509	481	613	256	476	474	730	167	529	431	667	0.0	523	470	709	181	641	450	741	256	582	554	738	124	522	463	743	196	542	387
29	397	662	534	542	188	596	471	461	171	600	413	456	159	689	425	471	177	571	393	415	150	565	529	413	138	564	543	486	0.0	650	482	477	223	599	463	394	207	599	464	523	155	613	581	399	169	338
30	382	189	421	564	580	135	536	610	583	158	578	481	605	152	406	474	686	120	444	463	613	154	465	519	593	211	518	476	606	0.0	483	542	669	206	549	530	723	168	540	528	618	183	621	463	578	396
31	477	647	207	764	612	497	174	792	428	511	193	650	520	548	241	658	534	549	236	608	491	477	175	699	459	527	145	779	489	527	0.0	703	463	619	175	643	507	439	172	731	581	549	199	701	433	461
32	394	607	657	153	428	493	681	136	559	497	715	175	417	580	663	179	510	561	563	241	485	552	680	187	533	437	723	186	448	548	765	0.0	559	533	790	206	591	635	676	170	519	470	799	199	472	427
33	418	751	543	585	295	678	385	587	180	587	390	581	235	665	433	597	187	650	397	460	221	645	453	531	194	561	458	612	228	630	469	608	0.0	689	431	447	143	667	375	567	222	706	471	519	198	412
34	364	174	523	474	629	191	546	521	652	203	588	478	660	187	496	468	646	188	532	405	584	204	569	444	658	214	537	467	667	180	583	540	639	0.0	651	543	690	256	642	445	680	153	631	469	645	384
35	442	639	286	811	525	575	172	718	414	588	137	695	517	545	248	704	517	544	255	647	414	551	253	636	447	597	193	715	480	610	179	746	436	605	0.0	675	409	521	151	666	487	626	209	637	420	428
36	338	538	619	258	303	494	629	213	413	494	659	197	347	585	521	210	443	478	512	193	348	468	637	201	391	436	675	230	381	548	611	212	493	470	628	0.0	523	537	626	238	383	480	753	151	405	314
37	470	706	523	633	316	643	436	633	185	652	440	540	258	736	419	558	194	719	389	507	255	612	509	579	186	624	514	568	217	698	524	563	147	759	414	488	0.0	633	424	616	198	669	524	564	202	464
38	383	263	358	591	667	182	477	636	556	200	517	589	589	181	418	498	662	193	399	482	592	187	401	544	666	251	452	587	585	177	496	563	636	262	490	544	689	0.0	481	557	700	235	551	563	552	391
39	441	648	239	712	540	577	127	736	424	505	126	708	453	551	232	611	460	548	238	562	423	552	209	649	460	513	189	729	421	527	181	761	390	613	155	588	429	523	0.0	682	504	539	211	649	429	425
40	351	531	707	151	432	504	636	180	546	431	671	139	484	510	613	156	506	490	613	210	471	482	628	155	525	438	672	134	517	480	714	178	546	462	744	209	580	563	740	0.0	517	473	750	184	537	384
41	389	722	589	493	194	656	519	488	204	661	455	491	186	646	476	509	129	630	444	457	198	624	583	448	164	622	511	522	167	611	529	507	233	656	505	426	203	660	510	481	0.0	673	537	433	209	390
42	376	194	486	514	577	169	592	482	599	174	543	440	606	216	455	430	696	169	487	429	534	175	529	406	605	175	583	431	613	197	542	500	690	137	604	497	636	241	595	479	626	0.0	689	428	592	341
43	567	642	287	857	580	588	232	886	475	605	235	736	579	643	285	747	581	555	310	697	552	567	259	792	507	621	232	753	542	621	182	790	501	719	188	727	542	525	216	825	544	642	0.0	680	483	552
44	326	572	600	216	388	452	622	219	431	452	654	152	374	538	596	159	469	513	505	171	429	429	622	148	412	394	662	215	404	504	701	183	512	497	621	158	545	498	619	188	475	434	741	0.0	423	357
45	360	701	451	534	258	535	387	536	140	540	397	523	194	621	412	459	193	601	320	404	155	592	444	475	166	512	455	555	159	585	471	472	182	638	445	395	212	622	381	513	214	557	489	461	0.0	353
60	135	442	417	404	369	364	377	424	367	358	404	381	372	380	332	374	385	352	325	265	313	335	433	338	376	327	403	402	377	347	435	432	382	384	460	363	422	382	445	370	404	380	484	337	357	0.0

[*,*,10]:	1	2	3	4	5	6	7	8	9	10	11	12	13	14	15	16	17	18	19	20	21	22	23	24	25	26	27	28	29	30	31	32	33	34	35	36	37	38	39	40	41	42	43	44	45	60:=
1	0.0	269	234	238	231	190	251	250	238	187	268	222	202	234	222	186	247	216	187	152	202	204	245	196	242	167	266	234	206	214	286	217	248	232	303	183	273	238	252	216	257	196	317	196	198	86
2	251	0.0	323	321	415	132	344	351	425	125	370	326	372	107	315	322	422	126	341	280	384	145	303	305	430	141	334	319	437	115	363	364	414	103	407	315	446	152	345	304	444	128	391	321	421	262
3	237	302	0.0	396	344	265	135	415	295	272	153	395	344	248	120	395	312	249	154	313	281	255	98	361	313	288	107	403	328	238	126	430	279	289	170	394	306	226	162	377	338	299	162	365	295	230
4	224	325	431	0.0	257	313	451	87	329	314	406	99	291	313	375	115	351	304	375	165	285	301	447	109	315	276	407	89	311	346	432	93	382	285	449	153	345	347	449	87	308	295	527	122	325	243
5	237	390	349	280	0.0	355	321	234	148	357	331	236	97	412	283	246	138	341	267	219	124	337	349	250	127	331	361	254	117	389	322	242	180	351	316	196	187	364	317	272	112	360	389	204	146	206
6	212	116	249	317	385	0.0	313	344	333	79	338	269	344	103	237	264	392	80	257	258	349	79	274	290	339	110	305	266	345	84	332	304	384	116	321	297	415	108	316	296	353	98	366	302	330	221
7	260	383	138	425	325	291	0.0	440	219	298	84	422	273	326	131	365	279	323	116	334	254	278	121	387	278	303	110	435	254	311	108	390	237	362	89	352	262	307	75	407	305	319	134	387	222	250
8	241	364	395	89	258	347	409	0.0	337	299	430	112	252	349	400	113	306	338	397	151	293	334	409	120	321	264	434	114	270	330	460	84	336	321	475	130	355	382	406	107	312	283	479	127	333	261
9	214	410	305	313	152	367	222	314	0.0	316	227	308	135	363	240	316	107	352	218	239	97	348	256	280	94	352	262	327	109	342	271	325	96	374	254	233	113	364	255	302	121	382	279	272	81	210
10	183	132	263	278	341	81	327	303	345	0.0	302	276	354	103	247	270	347	82	267	262	308	75	288	254	351	107	274	274	356	86	300	313	397	109	337	304	368	121	330	259	366	103	329	265	341	191
11	284	361	160	457	294	322	86	404	230	329	0.0	390	289	359	131	395	291	305	132	361	229	308	141	356	250	334	128	402	268	343	106	420	246	340	85	378	231	293	76	438	274	352	139	357	233	234
12	219	296	385	104	227	279	403	115	290	280	424	0.0	256	330	331	83	314	271	331	127	291	266	400	89	278	243	426	85	274	311	386	95	341	301	403	123	362	310	401	85	274	264	476	90	286	240
13	217	429	313	284	101	331	283	281	118	334	292	237	0.0	386	292	246	117	372	234	216	112	314	312	252	100	311	323	298	89	363	336	248	150	388	279	201	161	337	280	274	113	339	348	241	115	218
14	234	115	245	333	403	92	314	362	403	106	339	334	359	0.0	281	282	406	98	263	279	365	121	271	310	411	134	302	330	359	85	329	320	395	120	374	316	427	113	315	314	428	112	360	323	342	243
15	207	315	129	370	301	270	117	386	248	235	134	365	253	262	0.0	366	270	256	103	284	236	256	107	333	267	241	119	376	280	247	135	398	239	295	158	306	265	242	124	351	293	301	174	334	247	197
16	188	300	395	106	243	280	356	119	305	280	376	85	271	286	341	0.0	285	273	340	107	262	267	411	79	294	242	376	95	290	268	400	117	307	259	418	134	327	315	415	83	292	264	422	97	300	207
17	232	427	340	351	127	388	296	299	112	391	258	300	120	381	274	310	0.0	372	255	279	116	369	335	273	91	370	292	318	101	422	302	310	122	389	286	263	106	388	290	293	81	399	357	265	117	232
18	221	118	252	330	341	74	319	306	344	86	344	281	355	100	241	277	404	0.0	263	270	308	84	278	303	350	119	309	279	356	81	289	317	395	105	327	309	427	105	321	309	365	106	372	270	340	196
19	209	298	145	380	290	257	125	393	198	261	138	319	242	293	91	321	258	285	0.0	287	221	243	139	339	215	262	146	330	228	277	158	348	225	323	143	307	251	237	130	360	239	282	193	338	197	197
20	158	311	321	155	221	240	334	162	236	239	353	133	208	289	316	110	263	273	267	0.0	233	226	333	110	267	206	356	150	224	269	379	138	284	268	336	108	304	310	333	134	268	232	404	106	231	176
21	195	398	267	292	137	353	236	293	104	305	244	285	100	353	245	249	119	340	223	217	0.0	334	265	257	104	286	274	304	88	331	285	301	126	360	274	212	143	355	233	280	126	313	298	249	96	192
22	184	140	264	286	345	87	282	311	348	69	304	283	358	109	248	277	351	86	267	228	312	0.0	247	260	354	111	276	282	360	90	301	320	344	117	339	264	373	122	332	266	370	111	333	271	344	192
23	239	318	95	396	333	281	132	414	279	288	130	395	331	264	112	397	296	265	142	366	268	270	0.0	362	298	301	84	404	314	253	103	429	306	304	145	392	288	244	137	378	322	314	141	365	280	231
24	208	297	379	123	222	277	396	113	284	276	356	82	249	328	325	83	308	269	323	113	242	263	393	0.0	272	239	419	101	267	308	381	110	334	257	397	115	304	308	395	101	269	263	470	81	279	196
25	239	390	306	330	122	352	265	328	88	355	271	278	108	406	242	287	96	337	223	255	106	333	301	296	0.0	335	308	295	83	383	272	291	114	414	259	244	124	351	261	319	91	363	327	245	91	237
26	180	163	262	270	347	106	314	295	308	101	338	226	311	144	279	220	362	124	253	214	319	97	284	242	311	0.0	313	262	315	127	340	260	359	125	322	253	388	143	316	248	378	98	373	254	304	192
27	266	359	105	433	353	273	106	450	291	281	121	431	300	302	128	371	311	302	131	343	284	307	86	395	312	291	0.0	441	282	290	87	398	272	343	132	364	298	281	108	414	338	303	130	398	251	257
28	218	319	432	88	270	304	391	110	338	261	412	94	258	307	376	102	314	296	377	135	293	292	385	103	326	227	411	0.0	321	290	437	111	338	277	456	135	359	341	388	77	321	285	458	120	333	239
29	209	407	328	285	116	366	248	284	105	369	255	281	98	363	262	290	93	352	242	218	93	347	325	255	85	347	286	300	0.0	342	297	293	117	369	285	242	127	369	285	276	96	377	306	246	104	209
30	201	117	259	346	358	83	329	322	359	97	304	296	372	80	250	292	422	74	273	285	323	95	286	273	366	130	272	294	373	0.0	298	333	411	108	338	326	381	104	332	278	381	113	382	285	356	209
31	293	341	128	470	322	306	107	416	264	314	119	401	320	337	127	405	328	289	145	374	258	294	108	429	283	324	89	411	301	324	0.0	433	285	325	108	395	311	271	106	449	307	338	122	369	267	243
32	242	319	405	94	263	304	419	83	295	306	440	92	257	357	349	110	314	344	348	148	298	291	419	115	281	269	445	98	276	337	470	0.0	344	328	417	127	364	334	417	105	273	290	492	122	291	262
33	257	461	286	360	182	357	237	361	95	362	240	357	145	410	266	315	115	400	209	284	136	339	279	327	119	346	282	376	120	388	288	320	0.0	424	227	276	88	410	231	349	137	372	290	319	104	253
34	224	107	275	292	387	117	337	321	401	107	362	294	348	115	305	246	398	115	327	250	360	126	300	274	405	112	331	287	351	111	359	332	394	0.0	400	286	425	157	338	274	418	81	389	289	396	237
35	272	393	176	428	324	353	91	442	254	309	84	428	318	336	153	432	273	335	157	341	255	339	133	392	275	367	119	440	295	322	111	459	230	373	0.0	355	252	321	93	411	300	385	110	392	258	264
36	178	331	381	135	187	304	386	131	254	304	347	121	214	308	321	129	233	295	315	118	214	288	392	106	241	268	355	142	234	288	377	130	303	290	387	0.0	276	331	385	125	236	295	396	93	249	194
37	289	435	322	389	166	396	268	333	114	401	231	333	159	452	259	344	119	379	239	312	134	377	313	304	115	384	316	350	134	429	277	347	90	399	255	300	0.0	390	261	379	122	412	322	298	124	244
38	236	138	221	364	350	112	294	391	343	123	318	310	363	111	220	307	407	101	246	296	364	115	247	334	351	154	278	309	360	109	261	347	392	161	302	335	424	0.0	296	342	368	145	339	296	340	240
39	271	398	147	438	332	304	78	453	223	311	77	372	280	339	143	377	283	337	126	346	260	291	129	399	242	316	116	448	260	324	111	401	240	377	82	363	264	275	0.0	420	310	333	130	399	226	261
40	216	327	372	93	266	265	392	110	335	266	413	85	255	314	377	82	312	302	322	130	290	296	387	96	322	231	414	82	272	296	439	94	337	284	457	129	357	346	390	0.0	318	249	462	113	283	236
41	240	444	362	304	119	403	274	301	126	348	281	302	98	398	293	313	80	388	273	241	122	383	307	276	101	327	315	321	102	377	326	311	123	404	311	224	125	406	268	296	0.0	413	331	266	129	240
42	198	119	299	271	356	104	311	297	369	107	335	271	373	114	280	264	367	104	300	226	329	108	325	250	372	107	307	266	377	104	334	307	363	85	372	305	392	148	366	252	386	0.0	363	264	364	210
43	298	395	176	527	358	362	143	467	293	372	123	454	356	338	176	460	357	342	191	428	291	349	159	417	312	382	122	464	333	382	113	486	308	379	116	447	285	323	133	434	335	395	0.0	419	297	291
44	200	302	370	133	204	279	382	115	266	278	402	94	230	331	314	98	288	270	311	105	225	264	383	91	254	243	407	113	249	310	369	113	315	261	383	97	335	307	381	116	251	267	456	0.0	261	188
45	221	369	278	329	158	330	239	329	74	333	244	275	119	382	217	283	119	369	197	248	95	312	273	292	87	316	280	292	98	360	289	291	112	392	235	244	130	328	235	315	113	343	301	283	0.0	217
60	83	272	219	249	227	224	233	261	226	189	249	234	196	234	204	197	238	217	199	163	192	206	228	208	231	172	248	247	198	214	268	265	236	237	283	191	260	235	235	228	249	200	299	207	219	0.0
;

param g :=
[*,*,1]:	1	2	3	4	5	6	7	8	9	10	11	12	13	14	15	16	17	18	19	20	21	22	23	24	25	26	27	28	29	30	31	32	33	34	35	36	37	38	39	40	41	42	43	44	45	60:=
1	0.0	1103.272	954.58	963.131	922.108	869.735	1025.778	1015.309	949.463	724.388	1101.818	872.808	795.458	942.967	877.298	719.218	1006.295	848.067	852.931	552.701	785.812	786.412	1001.611	758.488	969.093	629.494	1095.926	935.198	819.946	846.633	1188.188	1021.458	1014.891	929.583	1261.031	701.086	1125.538	952.741	1038.434	856.233	1045.426	769.563	1345.081	751.329	914.87	225.996
2	1026.596	0.0	1359.473	1367.959	1810.391	440.959	1479.989	1505.858	1852.392	429.062	1597.901	1380.281	1890.797	333.669	1326.327	1351.511	1850.461	418.479	1444.234	1169.911	1663.81	505.243	1281.935	1283.961	1877.233	592.266	1429.226	1344.844	1905.921	377.383	1559.359	1559.322	1817.375	313.559	1767.763	1342.791	1965.005	542.879	1738.477	1283.918	1948.751	419.256	1701.17	1356.224	1832.429	1078.282
3	966.924	1267.131	0.0	1730.368	1475.433	1084.128	559.108	1816.863	1231.877	1114.227	556.975	1712.248	1459.658	1018.649	394.353	1710.302	1327.121	1018.195	551.627	1559.413	1171.785	1036.878	274.526	1560.316	1320.406	1191.688	338.458	1753.233	1387.876	971.64	425.754	1878.315	1371.409	1212.327	630.094	1700.817	1296.487	901.772	585.678	1637.653	1441.338	1246.085	605.9	1575.91	1230.581	928.848
4	1057.866	1385.202	1886.996	0.0	1060.538	1319.866	1976.128	243.191	1398.299	1321.081	1777.04	295.332	1210.769	1561.852	1624.144	365.795	1494.952	1284.165	1619.994	598.639	1196.78	1262.261	1959.817	351.944	1332.456	1138.553	2087.462	247.17	1307.252	1470.532	1899.488	261.717	1642.382	1195.216	1978.279	543.951	1486.868	1487.359	1968.469	291.399	1300.48	1231.032	2337.74	410.338	1376.323	994.172
5	943.72	1701.767	1493.574	1154.115	0.0	1526.375	1355.521	1115.164	532.588	1531.168	1397.322	956.016	279.276	1789.686	1186.498	1001.077	471.904	1467.498	1104.649	862.293	498.829	1440.983	1491.637	1006.954	433.373	1406.794	1544.96	1045.534	381.26	1679.084	1377.329	983.35	673.729	1774.13	1339.44	755.901	705.478	1573.347	1339.367	1114.933	364.966	1548.346	1678.956	808.548	520.825	959.547
6	830.792	451.057	1020.605	1335.704	1657.744	0.0	1321.827	1459.025	1427.829	196.935	1432.646	1119.902	1472.347	304.241	1131.121	1091.319	1700.411	187.482	1059.324	1055.098	1487.21	204.172	1135.416	1202.48	1455.189	347.355	1277.244	1298.077	1480.799	217.896	1401.955	1285.31	1662.253	362.753	1368.562	1244.695	1805.641	347.85	1336.513	1232.065	1785.282	292.078	1573.686	1258.339	1409.057	869.23
7	1064.086	1650.03	490.263	1862.991	1371.406	1226.656	0.0	1926.837	1033.639	1254.139	215.457	1834.11	1136.575	1380.576	434.557	1580.072	1157.339	1360.538	385.717	1426.536	1030.926	1364.228	400.362	1673.412	1140.286	1280.361	343.01	1898.248	1047.17	1311.175	327.769	1700.051	960.656	1552.604	303.584	1511.811	1072.336	1283.176	185.434	1771.43	1272.694	1359.88	463.117	1669.172	892.333	1012.142
8	979.192	1560.727	2020.411	249.4	1052.748	1475.731	1791.356	0.0	1429.055	1264.946	1884.287	346.946	1038.079	1496.159	1733.991	438.325	1294.151	1437.804	1716.566	549.723	1223.966	1410.577	1790.587	392.749	1352.704	1098.292	1907.981	357.141	1319.885	1407.562	2023.109	209.535	1438.17	1356.726	2089.507	448.828	1521.934	1646.227	1778.416	331.353	1309.586	1390.565	2123.586	424.398	1405.933	1070.034
9	852.726	1788.023	1275.698	1330.366	545.848	1573.65	894.792	1330.876	0.0	1579.645	912.974	1295.256	450.603	1566.791	967.127	1326.361	338.518	1510.527	855.691	975.7	284.19	1484.418	1240.267	1167.671	262.716	1495.241	1081.488	1385.502	329.732	1469.206	1118.157	1370.151	287.823	1615.636	1033.895	1113.094	363.475	1564.722	1029.756	1272.697	397.389	1641.596	1165.467	1126.372	197.629	830.693
10	706.126	451.254	1076.385	1366.987	1458.544	201.719	1379.033	1281.094	1473.55	0.0	1279.333	1145.806	1511.362	323.956	1008.83	1111.056	1750.079	215.872	1097.74	1064.398	1305.947	175.689	1192.599	1045.62	1502.657	321.867	1145.557	1138.415	1523.596	284.376	1261.755	1318.714	1715.371	345.249	1435.846	1266.809	1596.477	400.72	1397.105	1074.148	1577.957	306.041	1653.617	1096.509	1451.529	743.362
11	1167.927	1558.609	585.058	2006.829	1239.135	1366.268	220.567	1769.857	924.339	1393.656	0.0	1696.491	1201.411	1530.573	452.116	1712.587	1205.555	1292.365	451.033	1544.754	928.151	1300.587	488.458	1804.167	1021.186	1417.73	420.243	1754.871	1101.9	1456.097	332.715	1835.489	989.28	1462.886	229.484	1628.121	1101.27	1228.971	179.168	1910.663	1139.171	1505.73	475.471	1539.703	936.487	951.935
12	862.814	1250.88	1671.154	309.856	1076.522	1163.347	1751.056	354.983	1218.462	1159.722	1844.318	0.0	1047.122	1397.447	1419.796	216.592	1321.529	1324.071	1411.875	420.98	1204.752	1103.76	1737.667	234.836	1162.765	986.177	1856.892	237.088	1136.996	1305.419	1972.509	280.095	1452.371	1249.895	1758.625	404.491	1545.842	1317.6	1745.91	214.296	1143.661	1089.479	2099.232	307.727	1195.142	957.172
13	856.387	1869.632	1325.949	1182.391	292.682	1418.039	1179.554	1158.89	394.49	1423.831	1215.657	1136.149	0.0	1668.207	1210.443	1007.773	378.821	1597.032	948.26	855.34	346.417	1335.137	1318.341	1022.375	363.336	1315.833	1363.707	1237.987	251.658	1562.023	1420.558	1016.691	540.052	1672.527	1167.228	786.843	582.758	1693.864	1165.122	1132.358	347.886	1452.269	1488.986	966.185	378.839	858.392
14	942.967	358.59	1005.645	1421.984	1748.7	318.503	1330.876	1551.345	1744.537	332.334	1443.937	1413.633	1549.521	0.0	1159.001	1182.511	1770.159	281.348	1279.183	1160.745	1570.299	383.901	1126.249	1305.26	1781.684	469.936	1269.086	1396.28	1550.927	228.638	1394.057	1599.398	1720.308	386.997	1602.074	1341.243	1866.632	347.962	1341.97	1326.454	1866.495	367.863	1550.197	1366.043	1723.865	978.907
15	816.327	1326.327	423.091	1603.926	1262.232	1105.798	389.775	1673.03	1001.944	959.216	463.514	1566.671	1224.146	1078.452	0.0	1562.709	1123.049	1047.251	302.88	1188.824	952.187	1041.435	340.939	1419.513	1094.795	1157.191	394.96	1621.536	1152.97	1011.337	463.603	1721.813	974.519	1233.961	569.908	1296.105	1093.766	976.574	495.5	1509.433	1221.774	1249.992	658.863	1421.22	996.149	765.187
16	728.518	1259.71	1710.302	335.433	988.918	1159.244	1801.955	394.165	1280.799	1150.117	1630.383	221.918	1109.398	1197.802	1456.563	0.0	1197.286	1132.573	1447.875	401.176	1081.296	1097.792	1780.192	202.524	1229.738	967.766	1632.552	274.907	1201.112	1113.699	1743.412	374.032	1526.103	1066.116	1821.91	446.424	1397.296	1327.359	1801.31	224.495	1219.933	1079.754	1855.438	284.266	1253.839	816.581
17	1105.275	1873.787	1447.248	1494.952	433.641	1680.248	1227.622	1261.931	355.804	1691.308	1067.514	1259.583	387.913	1944.273	1137.205	1305.661	0.0	1611.496	1038.687	1148.446	384.909	1590.974	1418.925	1141.288	258.234	1590.733	1443.765	1348.379	299.385	1832.613	1275.535	1307.301	393.948	1693.846	1193.564	1073.052	335.208	1685.325	1204.066	1446.973	209.322	1733.175	1522.112	1097.75	378.659	939.62
18	867.944	393.37	1030.713	1397.473	1467.498	172.625	1344.779	1523.049	1473.834	226.62	1457.347	1175.854	1523.885	287.942	984.416	1146.498	1753.687	0.0	1082.232	1106.754	1534.22	226.171	1149.099	1259.795	1504.14	384.537	1293.59	1165.58	1530.693	195.563	1215.703	1345.4	1710.712	388.944	1394.711	1300.848	1856.887	329.975	1360.756	1291.116	1578.321	324.508	1597.142	1126.672	1454.651	904.264
19	814.74	1477.308	519.305	1639.434	1199.722	1059.324	415.644	1697.134	776.399	1071.707	472.946	1359.15	984.576	1221.907	309.816	1363.038	1051.151	1175.375	0.0	1196.282	867.525	992.917	483.486	1438.013	862.091	1080.54	511.941	1655.227	915.669	1142.538	562.446	1494.066	895.546	1361.59	510.891	1295.501	1015.05	965.137	445.923	1540.827	1144.473	1179.161	741.526	1428.832	771.407	754.541
20	573.341	1304.326	1367.396	564.366	872.398	979.131	1426.536	591.299	1127.101	967.999	1508.968	440.947	824.173	1204.092	1325.413	351.778	1082.695	1119.724	1110.149	0.0	929.436	1069.049	1421.91	343.249	1086.492	813.629	1526.776	528.721	900.37	1108.758	1629.62	489.034	1182.786	1101.201	1692.204	339.322	1276.487	1296.335	1426.416	460.585	1096.128	938.393	1760.191	319.197	936.619	655.233
21	757.859	1724.434	1303.064	1227.336	470.909	1504.239	958.439	1223.966	305.155	1289.486	988.161	1177.475	310.304	1514.439	986.882	1202.437	394.736	1448.35	877.458	864.085	0.0	1413.966	1098.655	1054.754	307.095	1203.995	1134.381	1271.704	296.894	1414.241	1182.85	1252.975	430.211	1544.89	1122.913	843.193	503.024	1517.779	947.95	1164.683	417.984	1560.383	1255.689	1008.716	265.473	740.254
22	706.287	487.686	1073.763	1200.936	1476.858	225.024	1180.974	1313.667	1484.418	188.339	1284.596	1173.324	1525.048	344.786	1005.246	1136.844	1513.68	231.802	1094.321	925.445	1316.823	0.0	1190.67	1070.353	1516.207	335.326	1148.954	1169.121	1536.474	259.113	1265.815	1349.616	1478.808	381.738	1441.293	1288.08	1613.677	401.306	1399.395	1103.23	1595.372	341.191	1424.115	1119.637	1461.409	741.193
23	976.36	1348.242	265.203	2027.918	1420.887	1162.997	440.232	1813.445	1156.966	1192.599	448.389	1716.815	1399.386	1097.857	358.574	1719.733	1468.231	1094.596	495.231	1563.511	1112.68	1110.699	0.0	1563.165	1248.443	1256.549	232.193	1762.414	1319.857	1224.159	315.632	1876.665	1278.507	1283.293	511.016	1690.7	1209.549	991.183	466.028	1643.528	1369.419	1319.929	593.376	1574.35	1158.997	935.348
24	803.997	1252.388	1638.987	397.454	892.959	1146.766	1713.098	368.897	1182.207	1139.058	1804.167	216.013	1010.394	1383.576	1384.607	212.735	1288.869	1117.176	1371.387	351.389	990.7	1083.677	1702.852	0.0	1129.858	964.289	1819.759	306.461	1100.944	1287.787	1658.11	344.429	1417.224	1063.225	1727.941	364.296	1511.728	1300.627	1710.595	290.577	1117.136	1078.589	2068.144	212.706	1156.589	768.242
25	957.996	1701.243	1288.716	1397.986	488.0	1511.641	1088.65	1384.041	247.139	1520.908	1110.169	1162.765	334.865	1761.283	992.158	1200.224	270.934	1693.737	895.535	1037.293	314.209	1426.313	1263.606	1228.311	0.0	1428.833	1290.417	1247.518	216.886	1654.444	1332.344	1221.599	359.171	1795.524	1068.186	987.517	403.845	1514.067	1070.581	1341.962	266.237	1566.059	1384.62	1176.674	256.308	942.822
26	677.711	585.636	1082.526	1111.869	1474.32	334.543	1328.778	1226.111	1309.041	303.226	1434.541	1070.021	1315.833	505.931	1144.237	879.115	1553.45	402.995	1040.684	844.396	1344.116	293.569	1183.776	975.724	1550.313	0.0	1319.156	1063.221	1338.545	423.877	1440.647	1072.976	1544.014	410.924	1374.285	1033.885	1678.62	606.411	1341.956	1006.586	1622.92	293.055	1609.915	1028.588	1287.25	732.159
27	1095.926	1535.973	334.137	1900.525	1509.579	1337.115	330.661	1978.357	1204.178	1175.184	396.456	1878.4	1266.685	1269.086	424.459	1611.711	1314.473	1263.966	535.938	1471.812	1176.223	1279.297	238.198	1716.754	1305.364	1225.303	0.0	1931.865	1185.242	1212.065	229.877	2041.669	1127.787	1463.158	440.778	1575.532	1247.601	1158.435	345.144	1806.37	1435.066	1285.191	444.408	1723.119	1209.896	1049.431
28	870.203	1344.844	1880.999	244.093	1112.27	1269.016	1702.627	344.586	1435.38	1082.428	1799.112	261.614	1252.002	1299.241	1621.536	294.94	1331.595	1239.979	1618.17	474.234	1226.996	1211.21	1675.738	314.186	1376.571	1075.257	1797.605	0.0	1348.889	1216.909	1915.172	341.733	1449.096	1149.039	2000.621	475.645	1544.445	1449.89	1982.556	189.146	1356.758	1173.786	2027.172	393.866	1409.589	963.927
29	830.548	1776.462	1387.876	1198.745	376.629	1572.965	1194.219	1186.912	318.406	1577.16	1049.009	1164.955	277.036	1570.982	1074.655	1201.112	274.535	1512.102	972.661	1026.805	266.983	1483.694	1366.259	1048.098	222.219	1473.525	1200.568	1257.266	0.0	1471.764	1248.424	1221.695	460.786	1595.248	1182.377	969.122	435.764	1589.64	1178.966	1150.122	276.33	1621.858	1298.605	1001.288	309.336	823.567
30	929.909	382.14	1059.59	1470.532	1542.942	215.312	1390.801	1372.519	1544.229	274.826	1289.368	1244.227	1599.512	251.127	1024.085	1214.508	1832.613	179.707	1128.99	1176.091	1379.032	272.345	1183.049	1140.33	1576.892	434.05	1331.284	1232.248	1604.984	0.0	1254.803	1418.137	1785.117	346.76	1442.232	1374.627	1656.437	317.439	1407.462	1362.446	1654.29	354.954	1641.145	1194.77	1524.887	828.265
31	1216.036	1465.798	430.989	2067.09	1377.329	1290.857	323.973	2143.056	1090.996	1324.581	375.189	1751.706	1355.494	1426.731	435.786	1764.847	1388.082	1215.703	517.875	1610.744	1252.98	1235.067	331.348	1869.784	1183.201	1374.663	235.265	1800.262	1263.774	1365.521	0.0	1902.141	1181.014	1630.39	339.674	1714.363	1301.93	1125.766	324.293	1967.772	1298.965	1441.469	396.22	1602.779	1100.68	1164.998
32	975.721	1595.031	1768.258	264.858	1067.982	1285.31	1831.951	207.163	1243.188	1287.44	1924.663	269.635	1055.628	1527.783	1761.244	352.116	1322.989	1461.193	1494.066	526.976	1238.791	1224.555	1832.159	361.163	1175.979	1114.068	1950.251	349.559	1150.111	1435.155	2065.849	0.0	1471.263	1383.059	1827.832	427.917	1557.031	1433.431	1822.038	313.432	1334.295	1212.973	2178.932	391.179	1223.077	1068.499
33	1052.791	2026.179	1202.541	1548.353	681.624	1542.571	960.656	1546.939	332.485	1560.017	966.363	1521.258	520.374	1784.552	1086.485	1338.187	371.394	1730.759	831.067	1182.786	462.748	1708.278	1162.718	1384.393	376.206	1487.754	1169.904	1615.588	404.047	1682.915	1194.854	1365.332	0.0	1848.617	1076.556	1146.542	235.778	1776.162	935.079	1492.768	463.0	1613.746	1212.771	1341.984	328.186	1028.584
34	896.515	324.984	1348.147	1225.732	1674.832	366.907	1443.436	1356.726	1734.822	340.897	1557.469	1221.595	1498.171	373.231	1278.923	1185.557	1737.093	367.175	1377.181	1023.772	1544.89	409.899	1267.117	1131.968	1754.871	368.086	1411.109	1190.906	1773.969	355.614	1539.137	1398.895	1718.636	0.0	1730.18	1200.676	1860.525	564.538	1451.204	1136.492	1823.001	253.574	1690.527	1200.29	1711.568	952.561
35	1132.548	1706.335	652.508	1882.168	1372.787	1508.33	262.804	1945.953	1033.895	1539.227	226.663	1869.463	1333.256	1438.843	550.104	1886.721	1135.577	1429.434	563.067	1464.893	1045.766	1441.293	547.809	1706.696	1135.509	1569.765	395.869	1931.101	1224.438	1372.164	348.13	2014.504	931.944	1611.313	0.0	1796.277	1033.844	1355.069	250.493	1799.434	1257.467	1657.979	355.733	1704.26	1050.089	1086.914
36	683.412	1412.246	1643.054	562.853	720.048	1274.93	1662.365	454.558	1038.334	1266.809	1494.564	399.637	835.214	1307.43	1363.145	431.262	1110.339	1239.148	1326.971	373.113	853.957	1201.567	1690.7	334.412	975.667	1097.443	1535.813	500.248	936.208	1422.394	1633.049	438.311	1260.72	1216.004	1675.632	0.0	1151.311	1407.664	1658.481	430.722	952.973	1230.435	2025.835	267.359	1011.945	753.93
37	1193.07	1916.685	1361.856	1679.136	625.613	1721.982	1097.767	1429.509	368.0	1739.141	1101.27	1421.939	575.929	1978.63	1066.87	1467.748	378.554	1646.673	968.02	1306.759	472.476	1633.764	1317.637	1511.728	371.476	1658.949	1322.457	1506.467	457.735	1870.631	1154.542	1484.891	241.369	1747.538	1046.714	1254.195	0.0	1696.308	1067.888	1625.447	410.459	1794.342	1354.107	1255.612	414.723	1002.273
38	941.832	491.984	880.129	1560.508	1771.668	361.344	1225.07	1684.363	1471.952	405.587	1336.06	1317.6	1561.136	343.977	885.02	1295.502	1768.21	371.569	1002.578	1237.633	1552.94	377.513	1003.222	1413.959	1514.067	558.894	1145.17	1313.963	1551.488	333.051	1267.67	1489.038	1695.732	577.616	1274.729	1424.761	1844.119	0.0	1241.984	1454.463	1597.823	514.008	1440.994	1464.87	1456.674	959.191
39	1117.973	1719.017	532.028	1922.333	1403.657	1287.215	192.446	1985.387	901.522	1316.192	181.292	1894.347	1165.122	1444.759	489.954	1636.305	1175.846	1426.072	429.475	1480.356	1058.272	1225.131	439.038	1730.879	1161.602	1341.956	371.581	1960.363	1070.969	1374.475	339.859	1754.832	970.439	1620.094	219.299	1562.43	1080.551	1347.578	0.0	1830.744	1294.573	1422.508	438.041	1725.576	913.026	1065.889
40	856.233	1379.813	1616.747	265.304	1089.4	1289.818	1707.659	343.575	1417.079	1101.928	1802.512	216.779	1051.795	1326.454	1622.171	221.63	1317.393	1261.548	1613.053	444.004	1207.643	1228.387	1686.033	274.129	1357.506	934.971	1806.37	203.273	1135.44	1240.436	1922.709	328.125	1439.028	1178.412	2003.571	441.862	1533.44	1471.31	1700.494	0.0	1338.337	1025.802	2040.06	353.166	1389.826	949.846
41	972.771	1948.751	1546.375	1284.291	388.262	1745.313	1141.539	1263.546	411.695	1500.352	1167.89	1261.971	351.824	1736.777	1221.774	1308.835	206.716	1679.065	1118.85	983.168	403.289	1652.806	1302.07	1145.299	293.779	1641.293	1335.331	1356.758	296.468	1633.697	1381.878	1304.423	415.286	1758.912	1302.736	906.105	420.806	1763.114	1309.228	1245.326	0.0	1792.504	1415.407	1096.016	424.49	971.379
42	779.514	390.779	1246.085	1128.851	1529.541	310.257	1550.841	1250.471	1585.205	316.801	1433.455	1116.269	1598.716	372.62	1165.087	1079.754	1589.315	320.566	1252.553	1070.168	1403.18	329.471	1366.332	1026.817	1604.569	322.606	1301.81	1094.057	1621.858	325.491	1423.961	1288.47	1840.357	228.027	1601.025	1273.692	1708.214	526.648	1565.955	1039.067	1670.749	0.0	1571.14	1088.193	1562.262	832.286
43	1477.384	1722.613	660.745	2337.74	1542.824	1555.026	491.241	2070.717	1224.98	1598.085	421.027	2000.83	1524.722	1702.675	667.168	2023.387	1522.112	1467.644	732.734	1867.086	1224.427	1496.836	573.449	1831.334	1319.716	1648.553	488.12	2052.725	1416.151	1641.145	364.094	2153.095	1286.421	1648.439	373.898	1957.803	1199.057	1373.448	448.554	2240.722	1433.248	1713.355	0.0	1839.36	1244.543	1225.005
44	768.938	1274.851	1595.286	446.544	808.548	1158.622	1649.838	449.56	1099.011	1151.107	1736.26	273.28	921.932	1398.06	1335.947	287.762	1194.611	1126.672	1315.604	315.5	1068.521	1092.439	1652.741	239.86	1044.957	981.477	1763.504	370.234	1013.599	1300.19	1602.779	360.179	1326.44	1271.453	1662.861	280.671	1415.903	1300.892	1646.542	361.443	1030.255	1101.572	2001.657	0.0	1073.581	856.433
45	873.906	1874.393	1158.477	1392.839	565.65	1409.057	961.566	1390.017	179.316	1417.106	981.984	1150.51	393.348	1646.677	1018.962	1180.372	383.203	1579.846	771.407	1009.288	262.468	1325.989	1131.511	1212.78	246.736	1336.549	1155.721	1441.87	291.211	1543.185	1195.411	1223.077	353.648	1692.192	952.783	987.946	434.871	1402.276	947.993	1327.595	434.211	1470.723	1259.478	1165.979	0.0	848.78
60	217.956	1117.571	1032.91	1019.555	905.841	879.183	940.976	1070.034	891.973	733.992	1013.483	935.5	768.907	944.085	793.068	908.065	963.61	853.652	763.181	609.162	740.254	795.872	923.558	817.913	921.475	655.833	1012.099	999.05	915.833	849.412	1099.793	1080.734	956.261	952.561	1167.096	744.426	1067.076	937.474	954.773	916.057	1006.774	925.529	1256.282	808.498	858.499	0.0

[*,*,2]:	1	2	3	4	5	6	7	8	9	10	11	12	13	14	15	16	17	18	19	20	21	22	23	24	25	26	27	28	29	30	31	32	33	34	35	36	37	38	39	40	41	42	43	44	45	60:=
1	0.0	1216.062	1056.281	1063.786	1016.777	822.749	1133.482	1119.998	896.888	800.81	1215.928	823.273	879.787	1041.065	966.986	795.844	1111.461	935.135	806.853	610.733	866.838	742.865	1107.28	837.041	914.093	696.228	1209.936	1030.806	907.303	935.113	1310.175	966.275	1121.451	1025.433	1191.203	775.05	1242.105	898.669	1148.521	945.308	1152.302	851.552	1485.653	828.465	865.446	249.298
2	1134.386	0.0	1284.195	1512.277	1997.884	415.933	1636.887	1662.514	2041.767	474.774	1764.895	1521.989	1788.65	368.703	1463.086	1276.674	2045.683	461.819	1362.267	1293.936	1836.897	556.895	1418.512	1418.146	2069.962	560.27	1579.291	1483.511	1800.384	417.197	1720.854	1470.824	2010.04	346.179	1948.486	1485.853	2170.364	598.615	1644.559	1418.726	2149.688	396.041	1880.641	1496.682	1728.432	1190.456
3	1069.43	1398.952	0.0	1914.722	1629.628	1195.431	528.903	2007.628	1358.896	1052.528	615.736	1889.577	1376.816	1126.639	435.378	1885.151	1468.513	1124.604	608.26	1475.169	1294.819	1143.791	259.325	1724.927	1457.154	1124.055	374.339	1935.623	1529.762	1075.159	470.249	2071.155	1297.321	1339.618	695.063	1606.638	1433.265	995.164	552.439	1811.265	1591.282	1373.476	670.453	1740.606	1356.92	1026.375
4	1000.716	1530.645	2081.565	0.0	1172.423	1456.558	1863.974	268.972	1543.766	1456.138	1966.366	326.196	1335.074	1477.475	1794.674	403.513	1412.172	1419.642	1787.769	564.664	1323.654	1393.575	2160.174	389.44	1471.708	1255.445	1974.69	273.122	1442.044	1389.104	2099.881	288.822	1549.17	1321.924	2184.081	599.561	1645.28	1642.8	2170.564	275.657	1437.026	1357.964	2208.292	453.628	1518.862	1099.567
5	890.16	1882.177	1648.951	1272.103	0.0	1685.894	1494.687	1054.919	588.508	1689.048	1319.948	1056.875	308.2	1688.114	1312.282	1105.22	520.148	1623.846	1220.094	950.822	471.88	1592.282	1645.44	951.196	479.093	1552.489	1457.277	1156.374	420.922	1850.741	1524.07	1086.118	742.899	1678.286	1480.078	833.842	666.414	1739.333	1478.079	1051.656	403.657	1709.422	1850.6	894.691	575.256	907.709
6	916.087	426.69	1127.765	1473.429	1565.949	0.0	1458.723	1376.219	1579.198	217.422	1579.109	1239.217	1626.219	335.477	1070.014	1205.905	1875.741	177.101	1171.081	1164.37	1402.805	225.817	1253.534	1325.412	1610.226	383.656	1408.374	1227.951	1636.279	240.363	1324.324	1420.908	1834.405	342.166	1513.647	1374.181	1990.236	384.91	1476.189	1358.557	1688.835	322.745	1735.95	1188.661	1557.711	819.898
7	1174.288	1556.384	542.237	2056.799	1511.608	1357.344	0.0	2124.659	977.798	1385.82	237.673	1732.549	1256.482	1523.556	409.895	1747.58	1277.738	1499.63	426.812	1575.621	1136.768	1290.528	442.399	1845.959	1077.144	1415.437	378.534	1790.515	1158.183	1447.578	361.278	1881.175	1061.052	1712.004	287.184	1670.547	1182.905	1212.122	204.997	1954.889	1200.464	1504.044	511.295	1839.816	987.403	1116.055
8	1081.525	1720.961	1911.262	275.586	1161.298	1394.015	1980.342	0.0	1347.95	1399.047	2080.311	382.415	1148.677	1652.52	1912.013	414.645	1430.033	1586.057	1621.514	607.719	1350.727	1330.521	1980.412	433.607	1490.994	1215.305	2107.381	393.808	1248.58	1555.353	2231.713	197.933	1589.895	1497.236	1970.919	496.41	1680.263	1814.525	1967.889	365.982	1444.037	1315.442	2346.557	468.158	1328.082	1180.853
9	942.687	1973.2	1203.297	1471.402	602.633	1734.529	990.123	1469.963	0.0	1494.307	1008.834	1428.81	425.651	1732.086	1067.288	1251.084	374.405	1667.669	943.17	1079.651	313.891	1636.818	1173.264	1290.274	289.804	1412.445	1195.584	1528.991	311.019	1624.961	1234.48	1510.226	318.488	1784.483	1140.042	1052.961	401.639	1726.062	972.735	1406.965	438.545	1548.429	1289.022	1243.55	217.833	917.507
10	781.357	498.414	1186.894	1293.138	1611.687	222.518	1302.671	1416.248	1626.158	0.0	1414.959	1265.005	1665.873	358.47	1114.261	1225.124	1655.534	238.538	1210.929	1005.458	1443.723	193.884	1124.914	1156.469	1658.98	354.772	1267.606	1257.389	1680.018	269.013	1394.236	1454.687	1620.386	381.672	1584.55	1194.912	1765.724	442.407	1539.935	1188.589	1742.866	337.462	1564.283	1211.639	1601.197	821.786
11	1103.255	1723.04	645.65	1892.934	1370.499	1508.402	243.116	1958.418	1020.94	1536.738	0.0	1874.618	1325.289	1445.82	499.814	1889.951	1137.135	1429.372	497.955	1702.679	1027.037	1436.508	538.606	1706.7	1128.408	1563.912	396.973	1940.008	1216.019	1373.457	367.987	2026.437	1090.417	1618.743	253.467	1795.274	1041.776	1358.01	197.642	1804.863	1259.352	1661.672	448.486	1702.931	1033.911	1053.355
12	951.022	1384.149	1845.803	341.668	1018.365	1285.495	1931.608	335.326	1347.008	1279.829	1739.645	0.0	1156.056	1540.312	1571.061	239.228	1457.206	1252.54	1560.118	464.387	1138.041	1220.205	1917.629	221.508	1286.034	1088.769	2046.727	262.348	1255.822	1439.441	1865.948	309.504	1602.126	1180.684	1944.158	446.382	1458.109	1457.282	1927.538	236.204	1265.507	1203.338	2314.752	291.102	1320.629	904.17
13	944.689	1766.104	1465.835	1304.846	276.071	1568.369	1302.265	1277.367	436.519	1572.633	1340.464	1074.77	0.0	1840.217	1143.417	1114.092	418.053	1506.394	1048.787	944.322	381.832	1477.383	1456.118	1127.339	343.707	1453.992	1504.32	1169.435	278.208	1723.795	1339.936	1124.473	596.234	1843.513	1291.585	869.074	642.587	1602.356	1287.457	1249.116	328.622	1605.481	1643.193	911.35	419.001	946.148
14	1041.065	395.25	1112.787	1570.593	1928.233	301.296	1470.614	1711.305	1647.936	367.395	1593.478	1333.404	1713.79	0.0	1277.488	1308.496	1955.155	310.233	1210.078	1282.62	1732.213	362.643	1245.067	1440.44	1680.566	519.755	1401.11	1539.025	1716.164	252.532	1537.18	1512.993	1900.936	426.901	1513.361	1482.743	2059.951	328.213	1484.236	1464.447	2057.312	407.055	1712.205	1506.29	1630.736	1079.843
15	902.04	1463.086	399.663	1773.138	1392.955	1043.039	431.096	1847.077	1104.375	1061.411	511.955	1727.516	1158.014	1191.687	0.0	1476.177	1241.529	1155.71	285.69	1314.855	1051.243	1147.903	377.263	1567.864	1207.193	1094.676	436.43	1788.734	1089.127	1118.032	511.616	1624.093	1077.831	1362.331	628.171	1434.192	1208.074	1076.835	468.732	1667.92	1347.752	1180.776	728.372	1568.409	939.614	844.79
16	805.751	1390.759	1885.151	371.17	1092.268	1278.259	1704.607	435.552	1412.862	1086.431	1802.386	244.901	1046.435	1324.784	1608.09	0.0	1324.846	1250.937	1596.523	379.503	1194.829	1210.986	1681.617	223.89	1357.096	912.841	1805.624	303.506	1323.905	1232.354	1925.613	412.432	1443.658	1178.056	2009.768	421.704	1544.709	1464.827	1699.079	248.295	1346.844	1190.141	2053.117	313.975	1382.566	902.32
17	1045.564	2070.529	1596.474	1412.172	479.39	1854.263	1157.95	1395.712	392.819	1864.214	1181.248	1391.219	427.738	1839.237	1256.609	1440.289	0.0	1781.507	1146.259	1083.267	425.714	1756.484	1563.986	1262.882	285.221	1754.048	1365.768	1489.956	330.254	1731.135	1410.102	1442.692	371.59	1873.416	1317.731	1182.753	370.922	1861.456	1327.684	1368.802	231.3	1911.884	1437.828	1213.562	417.875	1039.232
18	818.685	435.073	1137.94	1540.341	1623.846	190.666	1482.843	1440.769	1628.583	249.987	1376.649	1299.905	1681.707	271.6	1088.777	1265.77	1932.971	0.0	1195.334	1220.381	1451.337	249.919	1267.583	1190.036	1662.825	424.362	1220.174	1289.146	1689.932	215.556	1345.225	1486.005	1886.345	367.932	1541.152	1434.98	1754.065	364.787	1501.683	1217.84	1745.644	358.266	1760.422	1246.708	1606.674	855.413
19	898.387	1397.498	573.83	1808.476	1133.289	1171.081	458.69	1600.814	858.707	1183.198	521.296	1503.954	1087.472	1347.355	293.079	1506.154	1159.536	1110.291	0.0	1320.175	818.289	1098.179	533.784	1585.025	953.939	1193.465	564.5	1565.806	1011.812	1260.346	531.302	1651.688	988.293	1284.314	565.052	1430.274	1118.821	1067.963	492.526	1699.018	1082.645	1302.969	817.986	1349.713	852.789	711.718
20	632.719	1230.3	1512.358	623.078	961.586	1083.448	1575.621	652.006	1066.211	1069.637	1664.559	416.53	911.123	1328.794	1250.19	389.071	1195.329	1234.197	1228.425	0.0	1024.857	1011.295	1571.207	378.641	1026.33	899.466	1684.897	498.714	995.821	1224.103	1796.22	541.136	1306.397	1214.257	1600.786	374.95	1408.106	1224.553	1576.901	508.286	1033.918	1037.875	1943.306	351.829	1036.407	722.504
21	837.061	1901.476	1232.668	1356.203	519.465	1420.945	1059.553	1350.727	287.836	1426.188	1090.96	1297.851	343.364	1672.71	1088.201	1137.477	436.183	1597.69	828.871	955.244	0.0	1333.718	1215.126	1164.481	338.49	1332.27	1252.933	1402.266	280.855	1562.733	1304.815	1183.594	475.598	1704.886	1059.183	932.582	555.354	1672.945	1048.945	1286.402	460.897	1476.085	1387.533	1112.725	250.773	816.919
22	780.799	538.194	1012.823	1328.251	1630.497	248.028	1306.795	1450.956	1636.818	178.164	1419.475	1294.306	1440.601	381.161	1109.354	1072.324	1674.149	255.917	1206.197	1024.043	1454.442	0.0	1126.346	1182.738	1672.544	316.758	1270.167	1290.202	1449.273	286.583	1397.499	1487.591	1636.361	421.632	1589.265	1218.494	1783.109	442.684	1321.906	1219.62	1760.597	321.827	1575.09	1236.113	1610.813	818.654
23	1080.382	1489.144	292.43	1918.363	1570.076	1282.914	415.855	2004.761	1276.787	1124.914	495.924	1895.417	1542.449	1214.823	396.047	1896.292	1388.913	1209.526	546.294	1476.935	1230.066	1225.729	0.0	1728.88	1378.32	1385.009	256.931	1946.601	1455.362	1158.026	348.773	2070.169	1207.712	1418.679	563.94	1594.745	1337.777	1094.297	513.671	1818.63	1512.534	1455.441	561.32	1739.653	1278.502	1034.027
24	759.477	1384.514	1808.729	374.896	987.625	1266.066	1888.232	408.2	1305.757	1256.001	1706.7	238.694	1114.576	1306.963	1530.682	234.767	1215.72	1235.612	1514.054	387.312	1096.25	1196.931	1877.678	0.0	1248.49	1063.718	1718.993	338.792	1214.963	1214.699	1833.892	380.26	1562.111	1176.502	1908.525	401.696	1430.06	1437.189	1886.976	274.487	1234.992	1190.293	1950.768	235.256	1276.91	850.091
25	1055.935	1882.494	1423.397	1541.512	461.636	1670.359	1200.901	1307.402	273.212	1678.421	1047.162	1286.034	369.702	1941.343	1097.863	1325.657	298.749	1602.236	989.563	1144.248	296.811	1576.787	1394.472	1158.599	0.0	1577.476	1422.34	1380.429	239.552	1824.3	1260.366	1349.863	396.205	1696.1	1180.878	1089.79	380.925	1674.577	1181.954	1479.155	294.602	1729.725	1526.774	1113.106	283.219	890.615
26	747.59	553.207	1196.731	1227.019	1390.647	370.008	1467.012	1351.459	1448.507	334.916	1581.82	1012.215	1453.992	558.098	1080.877	971.861	1714.334	380.123	1151.01	932.24	1481.528	324.846	1307.49	1075.898	1466.56	0.0	1455.175	1004.347	1479.76	467.776	1358.884	1186.725	1704.639	452.934	1520.702	1141.934	1850.958	573.651	1482.858	1110.376	1533.054	323.972	1776.646	970.211	1423.715	807.009
27	1209.936	1693.0	369.736	2099.145	1664.562	1264.879	365.38	2182.347	1137.499	1299.164	437.515	1771.793	1400.97	1401.11	467.853	1783.423	1451.846	1393.733	506.985	1626.348	1297.504	1208.458	263.328	1894.55	1231.279	1355.201	0.0	2129.365	1311.518	1338.735	253.477	1931.371	1246.202	1614.025	416.371	1741.749	1376.809	1092.689	381.734	1994.288	1581.776	1422.116	490.852	1900.025	1144.533	1157.638
28	961.572	1483.511	1776.842	269.844	1227.462	1196.994	1883.128	380.433	1582.122	1197.75	1987.134	288.473	1184.364	1435.658	1788.734	278.609	1472.076	1368.397	1526.332	524.509	1354.641	1335.035	1854.272	347.022	1517.899	1017.168	1986.348	0.0	1274.197	1345.292	2113.517	322.338	1602.719	1268.574	2205.149	526.321	1705.852	1598.745	1875.452	209.005	1496.654	1108.789	2241.036	434.657	1329.589	1064.206
29	918.597	1961.269	1529.762	1326.46	415.99	1734.456	1129.703	1311.534	351.237	1489.827	1159.678	1285.604	261.313	1737.527	1186.453	1323.905	303.784	1670.129	1072.52	971.334	295.016	1636.679	1290.604	1158.671	245.233	1389.896	1327.844	1388.061	0.0	1628.566	1378.895	1347.122	435.892	1762.745	1304.292	915.459	481.736	1754.271	1112.054	1272.05	305.077	1787.665	1436.959	1105.931	341.094	910.039
30	879.672	422.264	1168.845	1389.104	1705.72	237.611	1311.868	1518.024	1704.877	302.922	1426.738	1374.259	1763.728	237.56	1131.611	1339.737	1731.135	198.666	1245.915	1109.343	1525.227	300.677	1303.995	1261.821	1741.69	478.612	1259.364	1361.631	1770.474	0.0	1387.183	1565.007	1683.804	383.521	1592.269	1515.159	1832.914	350.614	1551.961	1288.842	1827.985	391.553	1550.27	1320.816	1682.812	916.071
31	1147.021	1621.191	475.825	2278.414	1524.07	1425.762	357.234	2027.281	1205.547	1461.159	354.414	1936.509	1495.877	1345.758	481.985	1948.446	1529.989	1345.225	571.997	1776.113	1185.29	1364.745	365.514	1766.248	1308.027	1517.03	221.912	1991.113	1395.245	1505.122	0.0	2100.93	1302.264	1542.311	375.338	1891.132	1229.838	1244.533	357.878	1856.093	1436.672	1591.426	436.727	1773.54	1215.71	1102.061
32	1075.894	1508.862	1953.92	292.167	1008.845	1420.908	2021.678	195.406	1374.982	1421.374	2121.426	298.362	1165.95	1684.636	1666.096	389.087	1459.403	1380.282	1651.688	581.553	1168.484	1354.374	2022.76	398.085	1301.268	1230.497	2150.476	330.674	1270.869	1583.135	1951.457	0.0	1623.635	1304.564	2021.606	472.433	1716.211	1586.149	2012.456	345.611	1262.212	1340.332	2403.603	369.518	1352.11	1007.857
33	1161.824	1911.186	1330.026	1709.429	751.309	1706.917	1061.052	1705.758	314.523	1723.815	1066.005	1437.021	575.273	1969.369	1024.823	1480.052	410.031	1907.7	919.609	1306.397	510.257	1615.991	1284.8	1527.138	355.375	1644.71	1291.065	1523.897	446.881	1857.991	1317.007	1510.795	0.0	2038.408	1018.397	1266.925	260.089	1677.81	1033.728	1647.367	436.723	1784.824	1338.937	1479.179	363.151	1134.185
34	990.208	358.349	1275.316	1354.43	1847.525	346.59	1595.717	1497.236	1636.364	377.036	1719.495	1346.482	1657.786	412.236	1410.226	1121.509	1919.483	405.034	1300.922	1131.779	1704.886	386.635	1401.448	1249.728	1934.276	407.302	1558.581	1313.173	1678.133	392.952	1697.838	1321.434	1899.95	0.0	1631.985	1327.963	2054.077	622.252	1605.816	1255.265	2010.162	239.875	1868.027	1324.052	1616.793	1051.214
35	1252.031	1883.052	615.475	2081.702	1515.599	1662.531	290.804	2149.321	1140.042	1456.073	250.462	2062.224	1259.429	1590.64	607.075	1779.642	1255.963	1578.139	620.63	1620.964	1155.058	1589.265	518.215	1885.894	1252.592	1482.842	437.632	2131.096	1154.946	1517.631	384.347	2220.452	1031.234	1779.708	0.0	1699.236	1142.395	1494.791	236.622	1989.272	1387.697	1563.881	393.445	1881.556	1157.442	1200.505
36	756.223	1559.837	1811.74	532.446	795.651	1406.389	1570.314	502.513	1145.87	1194.912	1653.007	441.212	920.6	1446.725	1505.604	475.538	1050.355	1369.255	1463.796	352.453	944.048	1326.008	1594.745	369.864	1077.167	1209.638	1699.439	552.528	1032.326	1345.552	1804.515	483.506	1190.91	1344.29	1849.169	0.0	1273.365	1554.104	1828.032	476.612	1052.566	1356.759	1916.393	295.431	1116.287	833.468
37	1127.006	2118.893	1502.897	1583.838	691.936	1901.121	1209.995	1581.81	406.459	1917.692	1041.776	1571.238	635.313	1869.067	1179.424	1619.755	357.07	1821.242	1068.724	1440.353	522.814	1804.506	1452.914	1430.06	410.48	1830.004	1249.228	1665.397	505.141	1764.465	1276.938	1639.365	266.045	1933.721	1156.104	1382.958	0.0	1874.416	1177.998	1535.441	453.762	1980.174	1277.256	1388.723	457.867	1109.056
38	1038.118	544.401	972.11	1720.72	1675.957	399.284	1351.387	1591.095	1627.241	447.592	1260.233	1457.282	1723.542	379.143	979.31	1430.893	1949.746	351.495	1107.846	1365.246	1466.948	417.34	1107.12	1333.711	1674.577	617.036	1262.244	1453.953	1713.632	367.244	1199.186	1645.383	1870.58	545.631	1409.211	1572.316	1739.458	0.0	1371.189	1603.157	1768.055	567.726	1588.936	1385.733	1609.621	906.078
39	1233.248	1623.829	588.157	2121.419	1323.993	1423.677	212.466	2188.358	997.57	1453.745	199.905	1792.008	1287.457	1593.729	462.823	1808.933	1297.623	1345.137	475.005	1634.359	1166.461	1355.657	484.921	1908.582	1098.848	1482.858	409.895	1851.811	1183.955	1516.823	320.57	1940.867	1071.394	1785.721	242.664	1725.717	1191.487	1274.777	0.0	2019.513	1222.888	1572.581	483.407	1627.643	1009.818	1174.858
40	945.308	1520.875	1788.996	293.03	1201.245	1220.138	1886.958	379.001	1338.61	1218.18	1989.189	204.476	1163.298	1464.447	1788.01	245.242	1455.071	1391.067	1525.911	490.623	1332.163	1160.367	1863.908	302.519	1280.462	1034.09	1994.288	224.054	1256.41	1370.072	2120.106	310.398	1590.122	1299.919	1892.627	488.478	1692.252	1387.807	1880.768	0.0	1475.159	1135.091	2253.263	389.424	1314.743	1047.785
41	1074.909	2149.688	1460.747	1419.782	428.472	1646.26	1262.557	1394.994	453.784	1660.201	1289.944	1391.533	332.817	1919.134	1347.752	1236.361	228.525	1852.958	1055.351	1087.397	445.244	1821.776	1440.793	1264.992	323.94	1552.624	1475.538	1496.654	280.052	1806.05	1524.992	1230.391	459.312	1941.893	1435.918	1002.642	464.784	1944.127	1238.499	1376.081	0.0	1693.247	1564.731	1209.526	400.398	1072.433
42	862.152	431.432	1373.476	1249.12	1689.39	342.11	1467.06	1381.767	1748.657	299.258	1584.683	1231.876	1507.983	412.122	1286.292	1190.141	1758.641	354.068	1381.148	1012.354	1550.51	363.443	1290.674	1135.145	1770.747	304.297	1439.819	1207.873	1787.665	360.169	1572.776	1420.752	1740.935	251.969	1766.108	1203.164	1888.428	581.19	1477.08	1149.221	1844.558	0.0	1738.53	1201.918	1722.654	919.673
43	1397.571	1903.483	728.875	2208.292	1705.59	1716.072	463.361	2290.239	1352.416	1761.462	465.884	2209.933	1681.259	1610.691	737.219	2232.02	1437.828	1622.479	808.619	1761.121	1354.233	1652.553	632.074	2026.445	1457.637	1817.804	461.75	2268.255	1562.171	1550.27	402.506	2376.081	1213.412	1823.195	412.795	2157.955	1326.805	1516.984	494.606	2119.67	1583.735	1890.02	0.0	2033.41	1373.435	1354.872
44	725.298	1410.001	1761.246	492.196	894.691	1279.707	1819.221	425.273	1214.404	1269.798	1640.118	302.11	1017.412	1318.714	1477.574	317.698	1316.739	1246.708	1453.096	347.891	1010.796	1207.142	1823.156	226.579	1155.198	1083.124	1663.418	409.483	1119.045	1433.112	1773.54	397.821	1462.621	1202.765	1837.457	309.611	1337.5	1438.135	1817.067	340.93	1139.476	1216.17	2206.291	0.0	1185.779	810.166
45	963.627	1773.132	1280.113	1536.455	534.329	1557.711	1061.151	1311.128	198.326	1564.529	1082.375	1273.086	434.456	1815.736	963.914	1304.308	422.715	1492.365	852.789	1113.815	247.572	1466.561	1249.223	1336.765	273.023	1476.229	1274.375	1363.975	321.787	1702.304	1129.217	1352.11	390.274	1596.153	1053.79	1090.723	479.329	1551.675	1047.066	1463.894	410.754	1625.145	1389.343	1101.415	0.0	800.608
60	240.734	1232.308	977.109	1126.606	999.243	830.5	1040.247	1180.853	841.35	811.805	1118.917	1031.138	850.827	1042.749	874.489	859.009	1064.787	941.673	720.921	673.428	816.919	750.703	1021.468	903.002	1015.68	725.706	1117.872	1101.619	866.357	938.598	1213.193	1020.89	1057.146	1051.214	1100.859	823.345	1178.084	1033.314	1056.495	1011.792	1110.135	875.529	1388.188	891.863	810.961	0.0

[*,*,3]:	1	2	3	4	5	6	7	8	9	10	11	12	13	14	15	16	17	18	19	20	21	22	23	24	25	26	27	28	29	30	31	32	33	34	35	36	37	38	39	40	41	42	43	44	45	60:=
1	0.0	1157.074	1173.994	1180.316	966.075	914.852	1258.166	1062.594	997.754	889.274	1348.05	916.297	977.398	1154.641	920.08	884.533	1233.214	888.505	897.176	677.913	822.409	826.41	1229.599	927.993	1017.378	773.474	1341.935	980.804	1008.413	1037.548	1244.842	1074.444	1244.811	972.875	1325.168	860.668	1377.071	1000.212	1275.948	1048.438	1096.407	946.45	1648.396	787.153	962.328	236.521
2	1259.169	0.0	1428.618	1679.336	2214.974	462.93	1818.497	1843.887	1942.726	527.683	1958.226	1446.095	1988.88	409.261	1388.097	1420.251	2271.666	512.0	1516.194	1437.497	2037.295	529.882	1576.592	1573.493	1966.743	622.989	1753.013	1407.475	2002.858	463.284	1907.842	1637.016	2233.051	383.946	1853.97	1651.437	2408.112	568.765	1828.659	1574.786	2039.508	440.58	2088.393	1659.311	1923.732	1320.33
3	1188.082	1551.572	0.0	2128.1	1808.142	1135.821	588.111	2228.467	1289.247	1170.898	683.755	2094.898	1532.386	1251.638	482.876	1793.707	1632.164	1247.796	577.929	1640.306	1437.249	1085.167	288.489	1915.477	1615.488	1251.065	415.871	2146.792	1455.557	1194.975	521.761	1967.877	1442.549	1486.976	659.438	1787.323	1591.595	1103.298	614.86	2012.222	1764.884	1306.852	745.169	1931.277	1289.257	1139.276
4	1112.741	1699.016	1974.877	0.0	1301.939	1614.827	2074.59	298.814	1712.184	1385.505	2185.499	361.929	1268.5	1642.871	1992.089	382.831	1570.988	1576.468	1982.027	628.467	1470.511	1545.608	2055.389	432.839	1632.923	1192.842	2195.746	303.165	1368.133	1545.326	2331.852	320.205	1724.215	1468.589	2422.355	570.478	1828.631	1822.757	2062.329	306.515	1595.099	1288.363	2456.641	503.74	1683.902	1221.563
5	990.741	2091.002	1828.845	1210.396	0.0	1870.571	1420.154	1173.012	653.244	1602.477	1468.392	1173.626	341.688	1878.858	1457.878	1225.795	494.917	1804.809	1353.747	903.409	524.705	1767.433	1561.104	1058.169	532.018	1721.182	1621.939	1284.672	466.843	1760.966	1693.914	1205.094	705.854	1866.161	1642.886	791.104	741.36	1931.475	1638.686	1170.486	448.442	1895.913	1760.832	994.396	638.271	1009.323
6	870.406	474.455	1251.82	1397.91	1742.059	0.0	1617.227	1531.722	1754.407	241.142	1502.51	1377.316	1804.359	318.748	1189.797	1338.555	1779.601	197.018	1300.448	1290.89	1561.312	250.871	1390.29	1261.12	1789.67	425.683	1338.145	1365.414	1816.27	228.043	1473.26	1577.874	2033.731	380.828	1681.584	1524.099	1893.695	427.805	1637.895	1290.812	1877.891	358.247	1646.975	1322.34	1729.789	912.54
7	1301.886	1732.244	602.397	2281.188	1438.284	1508.607	0.0	2018.712	1087.258	1538.261	225.491	1927.395	1395.283	1689.105	456.21	1941.472	1417.134	1426.887	474.376	1748.219	1080.083	1434.996	491.062	1751.346	1198.282	1571.798	419.665	1992.83	1286.682	1605.503	343.753	2090.814	1177.283	1626.634	319.332	1854.307	1122.277	1348.44	227.642	2167.306	1336.107	1670.916	567.075	1750.571	1097.439	1060.402
8	1199.998	1635.145	2125.218	305.9	1101.777	1550.789	2199.108	0.0	1500.259	1554.269	2307.265	363.865	1276.686	1833.541	1816.67	461.062	1587.337	1504.765	1803.873	674.852	1497.496	1480.86	2200.136	480.911	1418.67	1350.739	2338.229	374.171	1388.352	1726.441	2117.328	220.193	1765.528	1659.925	2193.619	551.486	1863.573	1726.507	2187.191	406.072	1372.03	1462.699	2604.678	444.163	1477.441	1309.164
9	1046.824	2187.607	1339.261	1634.651	668.377	1650.391	1100.463	1630.987	0.0	1661.587	1119.805	1355.578	473.521	1923.427	1183.259	1392.447	415.945	1849.605	897.419	1199.968	348.275	1555.197	1304.605	1432.204	274.951	1571.291	1327.658	1695.131	346.161	1805.248	1369.157	1436.968	353.98	1979.96	1083.193	1170.835	445.819	1637.594	1082.13	1562.39	486.197	1723.39	1432.037	1379.216	207.267	1018.013
10	868.432	553.012	1127.709	1437.898	1788.972	211.113	1449.172	1572.699	1802.856	0.0	1571.946	1403.012	1585.065	398.418	1236.321	1164.033	1840.862	264.777	1148.864	1118.534	1603.209	214.952	1252.021	1284.777	1839.968	337.563	1408.868	1395.127	1596.243	299.127	1547.602	1380.129	1802.618	423.835	1756.726	1329.928	1961.629	490.672	1465.237	1321.045	1933.784	320.634	1739.397	1344.92	1519.129	912.567
11	1227.33	1913.381	715.806	2106.821	1522.554	1672.963	231.323	2176.665	1132.776	1460.108	0.0	2080.826	1257.363	1608.42	555.028	2095.313	1265.623	1587.959	552.28	1620.086	1141.49	1593.867	511.748	1897.756	1252.533	1483.755	441.617	2154.318	1348.151	1528.648	408.815	2247.513	1037.524	1799.136	281.233	1705.752	1158.397	1507.391	187.512	2007.842	1398.471	1842.229	499.161	1891.869	1146.706	1170.741
12	904.89	1538.399	2047.997	324.631	1132.366	1426.899	1832.605	373.038	1495.81	1418.895	1936.212	0.0	1282.177	1465.595	1746.141	265.433	1384.542	1392.756	1731.731	440.585	1266.027	1354.999	2125.998	246.537	1428.717	1207.55	1947.445	291.584	1393.388	1367.663	2074.831	343.549	1520.01	1313.466	2158.926	494.886	1622.865	1618.965	2137.825	224.747	1406.536	1335.155	2199.327	323.69	1465.898	1005.855
13	896.27	1964.724	1627.763	1446.63	307.265	1742.378	1444.336	1215.405	485.165	1744.904	1273.622	1195.085	0.0	1745.898	1272.008	1237.164	463.479	1676.605	1165.149	1047.343	363.31	1642.023	1615.625	1071.124	382.183	1613.931	1427.217	1300.952	308.941	1911.102	1491.339	1249.232	661.281	1754.089	1435.52	964.275	610.545	1781.731	1429.077	1185.093	365.58	1782.837	1821.742	1014.326	465.488	900.252
14	1154.641	376.077	1236.796	1742.64	1832.081	335.025	1632.382	1623.594	1833.266	407.98	1766.625	1484.069	1903.932	0.0	1215.521	1454.315	2169.328	294.763	1345.539	1423.708	1643.43	403.426	1382.608	1596.957	1870.457	577.421	1553.965	1464.371	1907.414	280.195	1460.529	1682.365	2110.039	405.02	1683.557	1646.539	2283.784	365.299	1648.91	1624.212	1957.517	452.417	1899.764	1431.178	1813.289	1024.497
15	1001.264	1388.097	444.61	1969.014	1544.313	1160.895	478.925	2048.586	1050.805	1179.695	568.036	1641.373	1287.648	1322.773	0.0	1642.19	1378.679	1281.289	317.971	1460.736	1165.93	1092.221	419.305	1739.612	1146.996	1217.219	484.437	1697.054	1211.612	1241.539	567.208	1807.604	1197.415	1510.956	597.7	1594.019	1340.409	1023.138	521.204	1851.391	1278.674	1313.569	808.834	1738.832	1045.783	936.953
16	895.148	1542.486	1793.707	412.534	1211.918	1214.519	1895.429	483.462	1340.447	1208.613	2001.493	271.512	1164.674	1471.767	1783.526	0.0	1472.487	1387.967	1516.912	421.987	1326.26	1148.918	1870.735	248.623	1504.557	1015.985	2005.955	336.617	1259.686	1369.688	2136.549	391.866	1605.268	1307.642	1906.759	469.129	1715.35	1623.995	1891.062	275.843	1493.779	1132.41	2281.918	348.368	1313.624	1001.575
17	1162.61	2298.287	1514.648	1570.988	532.348	2055.747	1288.789	1550.564	435.674	1773.786	1312.887	1543.617	406.409	2045.13	1394.836	1366.468	0.0	1978.307	1270.811	1205.668	472.947	1948.11	1488.121	1403.618	316.465	1666.582	1518.659	1653.851	313.327	1925.822	1565.874	1599.454	413.577	2081.268	1461.491	1125.38	412.257	2065.364	1261.478	1522.033	256.743	1813.892	1599.529	1347.622	463.281	1154.533
18	911.19	483.343	1262.084	1465.623	1804.809	211.552	1408.901	1602.056	1807.727	237.174	1531.47	1443.504	1864.441	302.289	1209.575	1403.86	1839.208	0.0	1326.274	1159.526	1613.806	277.41	1202.615	1323.87	1846.514	470.473	1358.044	1432.175	1874.297	205.1	1495.137	1648.786	1792.282	409.12	1710.678	1361.431	1951.331	405.084	1664.855	1355.446	1939.32	397.352	1675.029	1385.642	1782.673	951.172
19	853.588	1553.941	636.952	1715.785	1260.741	1300.448	508.531	1781.694	953.979	1312.28	496.01	1671.555	1206.597	1280.169	325.888	1671.83	1100.105	1235.156	0.0	1463.625	910.75	1220.02	592.017	1508.14	1060.246	1324.201	536.351	1741.09	1123.111	1195.748	591.053	1834.148	1095.681	1429.433	627.743	1586.311	1064.55	1186.978	546.479	1614.296	1203.841	1446.296	776.061	1501.505	946.995	792.137
20	701.47	1369.315	1680.152	691.053	914.942	1204.188	1748.219	619.493	1185.568	1187.297	1579.243	463.374	1011.773	1473.18	1391.453	432.237	1325.735	1174.329	1365.321	0.0	973.753	1124.505	1744.04	359.234	1141.753	998.828	1867.977	555.065	1106.306	1357.647	1709.09	601.44	1449.503	1153.708	1779.985	416.194	1335.935	1362.269	1751.099	563.516	1150.744	1153.026	2155.313	334.763	1151.905	686.476
21	928.755	1806.658	1370.659	1505.385	492.84	1580.747	1176.601	1497.496	320.36	1584.421	1209.979	1234.895	381.628	1855.943	1033.938	1264.812	484.163	1515.802	922.087	1060.769	0.0	1484.418	1349.943	1291.522	322.071	1480.738	1390.182	1332.341	312.295	1734.633	1237.937	1316.703	528.137	1890.139	1178.863	1036.051	615.941	1591.795	1165.84	1427.318	437.914	1641.326	1540.162	1055.694	278.976	905.685
22	867.053	596.674	1127.264	1475.619	1808.377	235.997	1452.425	1609.898	1555.197	198.108	1575.617	1227.968	1602.614	423.267	1229.896	1193.488	1859.893	283.836	1147.687	1138.163	1613.766	0.0	1252.434	1312.839	1586.819	352.381	1410.48	1430.395	1613.03	318.379	1549.961	1415.431	1818.717	467.819	1510.016	1354.898	1979.251	419.995	1470.57	1354.349	1951.903	358.191	1749.843	1370.969	1532.677	908.332
23	1200.781	1652.269	277.848	2133.114	1742.785	1217.16	462.622	2226.224	1415.522	1252.021	550.946	2102.2	1467.629	1350.203	439.432	1801.733	1544.394	1342.574	518.294	1643.034	1365.95	1358.917	0.0	1920.697	1528.689	1317.826	285.564	2159.837	1382.791	1287.661	387.138	1964.064	1343.534	1575.398	625.217	1774.94	1486.202	1213.68	488.754	2021.299	1678.221	1382.865	624.157	1931.015	1212.973	1148.254
24	844.89	1537.459	2005.265	417.257	1097.2	1404.188	1796.639	453.69	1448.793	1193.37	1897.756	264.951	1057.45	1453.946	1699.774	260.277	1353.087	1372.701	1679.231	368.525	1218.417	1328.045	1784.047	0.0	1385.824	1009.198	1912.314	376.218	1346.98	1351.951	2037.359	421.745	1486.337	1307.612	2117.59	381.666	1590.147	1595.28	1790.26	305.356	1371.42	1319.63	2171.191	261.357	1416.216	944.826
25	1004.714	2092.28	1579.32	1464.645	513.314	1854.098	1139.35	1454.435	303.394	1860.797	1165.484	1428.717	410.035	1847.174	1220.209	1470.873	283.852	1781.598	1098.415	1085.601	330.19	1750.973	1545.995	1289.512	0.0	1749.572	1353.346	1534.264	265.793	1733.331	1401.457	1498.348	375.898	1886.847	1311.328	1208.206	423.967	1860.369	1310.901	1407.405	327.433	1919.204	1450.641	1237.712	314.373	990.775
26	709.273	615.422	1328.932	1360.347	1547.779	411.06	1627.057	1285.904	1609.93	371.603	1502.942	1125.528	1613.931	529.493	1202.435	1079.221	1900.613	423.075	1278.713	1033.943	1409.663	361.046	1450.716	1022.248	1630.733	0.0	1380.591	1117.298	1643.227	518.604	1512.428	1318.39	1890.608	430.963	1690.17	1267.025	1758.659	637.868	1645.972	1053.464	1705.464	359.76	1969.696	1079.838	1581.674	767.863
27	1341.935	1610.877	410.94	2329.091	1581.559	1406.476	405.572	2070.493	1265.424	1442.681	485.055	1971.993	1556.405	1553.965	445.158	1982.169	1610.885	1324.234	563.74	1805.246	1231.001	1344.364	292.418	2100.411	1370.405	1505.558	0.0	2026.075	1457.674	1485.384	240.838	2147.578	1383.284	1531.3	463.197	1934.157	1526.412	1216.155	424.087	2211.857	1505.048	1580.597	544.622	1805.28	1272.657	1098.304
28	1067.345	1407.475	1976.669	299.654	1360.838	1332.246	2092.058	421.937	1505.378	1331.228	2204.81	274.089	1316.948	1593.58	1697.054	309.941	1634.694	1517.087	1698.796	582.703	1502.427	1270.276	2060.913	385.035	1442.209	1131.035	2204.846	0.0	1417.495	1493.904	2343.171	358.76	1780.538	1406.971	2098.183	584.974	1892.716	1519.023	2085.399	231.996	1419.945	1233.486	2488.6	481.886	1479.823	1180.306
29	1020.514	2175.235	1455.557	1474.281	461.558	1647.967	1256.168	1455.803	333.234	1657.376	1287.786	1425.297	290.839	1930.303	1315.89	1259.686	337.637	1853.079	1019.039	1080.069	327.468	1552.792	1435.748	1286.668	271.88	1546.944	1475.166	1539.493	0.0	1810.054	1529.943	1279.947	484.688	1956.647	1237.442	1018.413	534.953	1944.89	1237.708	1413.182	338.36	1700.95	1597.094	1227.078	324.085	1010.143
30	978.146	468.713	1108.937	1545.326	1894.149	263.429	1460.099	1686.447	1890.872	288.228	1585.734	1524.799	1675.779	264.153	1256.089	1271.07	1925.822	220.612	1381.295	1234.691	1694.449	333.48	1240.742	1402.439	1932.48	454.746	1400.343	1511.411	1679.73	0.0	1540.423	1735.06	1874.062	426.073	1765.979	1441.662	2037.175	389.021	1474.573	1433.121	2029.064	371.484	1724.616	1466.725	1865.666	1017.708
31	1276.626	1801.06	527.736	2167.894	1693.914	1581.944	339.42	2254.224	1338.157	1386.269	394.272	2150.432	1658.418	1497.819	535.461	2161.014	1455.773	1495.137	634.655	1687.547	1317.977	1514.867	346.78	1964.884	1452.523	1681.87	246.987	2212.024	1547.461	1432.112	0.0	2331.071	1237.327	1714.964	416.626	1794.204	1368.148	1382.015	396.765	2065.818	1596.069	1765.044	415.542	1971.184	1348.882	1225.43
32	1022.245	1677.772	2168.851	277.192	1122.301	1577.874	2241.353	217.485	1527.534	1576.44	2018.521	331.611	1293.671	1600.631	1852.606	431.887	1384.602	1535.511	1834.148	644.744	1300.514	1504.639	2243.435	378.775	1446.282	1365.289	2043.242	367.692	1410.665	1501.993	2170.921	0.0	1800.058	1451.97	2245.9	523.974	1632.962	1762.91	2232.906	328.377	1403.51	1487.769	2280.408	411.074	1501.476	1121.738
33	1288.067	2127.135	1477.591	1895.921	714.865	1897.137	1177.283	1620.7	349.732	1913.434	1011.368	1598.632	638.822	2183.36	1140.62	1644.262	454.763	1815.162	1022.091	1449.503	484.813	1796.893	1426.128	1448.866	395.341	1826.399	1431.352	1696.086	496.462	2060.69	1253.122	1679.159	0.0	1936.762	1132.401	1406.287	246.758	1866.5	1147.923	1826.369	486.069	1982.848	1485.01	1407.428	403.62	1077.628
34	1098.678	340.48	1418.081	1503.418	1752.831	385.568	1771.993	1659.925	1821.261	418.868	1907.084	1281.168	1842.531	457.394	1339.905	1247.056	2130.626	384.275	1447.226	1256.805	1890.139	430.322	1556.937	1386.069	1840.449	452.692	1729.312	1247.691	1865.992	436.177	1610.817	1470.045	2109.835	0.0	1816.388	1475.298	2278.169	592.068	1784.769	1392.77	1909.925	266.727	2073.51	1256.189	1798.621	1165.438
35	1390.34	2087.664	685.02	2312.664	1680.945	1581.885	323.211	2384.764	1083.193	1619.072	278.012	1956.526	1401.067	1766.355	673.04	1980.728	1395.31	1750.308	590.525	1801.604	1281.586	1510.016	576.226	2093.342	1188.391	1649.606	485.977	2362.66	1285.446	1686.01	426.277	2112.744	1146.155	1974.662	0.0	1889.457	1268.059	1418.177	263.233	2209.024	1538.484	1740.589	437.097	2086.826	1101.297	1332.012
36	840.496	1730.706	1721.397	592.051	883.173	1334.306	1746.915	558.025	1270.38	1329.928	1836.406	489.346	875.944	1607.948	1670.532	451.825	1167.937	1519.873	1388.77	392.09	1048.336	1470.092	1774.94	410.9	1194.681	1150.961	1888.825	613.053	980.848	1496.179	2003.012	458.724	1324.842	1492.792	2050.099	0.0	1414.643	1723.651	1739.359	529.726	1167.867	1289.104	2130.923	327.928	1059.073	925.54
37	1253.752	2352.964	1666.201	1762.8	768.705	2108.526	1151.301	1758.087	450.983	1822.066	1158.397	1744.075	602.75	2079.266	1309.713	1795.758	397.416	2023.306	1185.318	1370.485	581.076	2002.176	1380.464	1590.147	455.633	1736.208	1389.719	1849.371	560.029	1963.837	1418.613	1818.214	253.14	2149.216	1282.747	1313.997	0.0	2080.602	1117.621	1708.119	503.888	2195.339	1421.576	1542.8	507.818	1232.65
38	987.761	605.069	1078.597	1634.916	1863.572	443.206	1282.123	1770.032	1807.0	496.227	1402.63	1618.965	1911.574	360.752	1088.445	1587.637	1852.521	390.843	1229.709	1295.272	1631.924	463.443	1227.42	1484.411	1860.369	684.353	1201.016	1615.982	1901.347	348.931	1333.429	1826.375	1774.705	606.994	1564.885	1743.164	1936.004	0.0	1520.78	1525.392	1965.088	629.917	1509.703	1540.859	1786.679	1007.977
39	1170.039	1806.448	653.13	2351.932	1473.595	1581.631	235.646	2082.206	1108.74	1612.992	189.937	1992.614	1429.077	1512.044	514.873	2008.763	1438.622	1497.127	527.707	1812.661	1109.879	1506.731	538.041	1813.41	1221.858	1645.972	388.886	2060.07	1314.744	1681.64	356.792	2156.203	1188.279	1699.1	269.706	1914.756	1132.073	1417.482	0.0	1916.005	1360.416	1746.302	535.934	1811.555	1121.856	1117.868
40	1048.438	1447.101	1988.362	325.13	1141.345	1356.726	2094.524	359.575	1489.153	1352.751	2205.334	227.58	1292.365	1624.212	1701.278	272.572	1614.464	1321.701	1696.728	544.592	1263.885	1290.864	2069.811	335.391	1425.145	1148.821	2211.857	213.185	1396.425	1520.153	2014.387	345.146	1765.036	1233.293	2105.476	542.439	1876.131	1544.619	2089.436	0.0	1403.603	1261.586	2500.091	370.005	1461.921	994.082
41	1193.149	2039.508	1625.025	1576.623	475.03	1832.275	1402.635	1547.182	431.772	1845.214	1431.247	1322.144	370.075	2130.239	1278.674	1375.404	253.77	2054.3	1174.598	1208.042	493.818	1733.407	1601.356	1403.562	307.787	1726.433	1637.847	1419.945	311.547	2005.561	1690.698	1369.417	510.272	2153.746	1366.265	1114.377	515.698	1847.183	1377.143	1527.45	0.0	1883.673	1737.584	1340.952	445.641	1189.431
42	957.807	478.499	1306.852	1388.322	1874.45	325.05	1631.289	1533.761	1659.031	332.914	1759.741	1365.731	1678.373	457.846	1426.622	1132.41	1954.625	392.853	1312.276	1125.682	1721.066	344.815	1435.826	1260.542	1963.155	338.68	1599.564	1339.647	1700.95	400.306	1745.063	1349.906	1935.824	279.686	1675.587	1338.474	2097.04	644.342	1643.979	1276.725	2045.792	0.0	1932.272	1333.579	1636.753	1020.837
43	1554.022	2112.866	691.517	2456.641	1894.004	1902.54	515.718	2544.338	1499.959	1676.018	517.802	2452.015	1597.423	1790.999	818.313	2117.62	1599.529	1801.712	896.484	1960.115	1504.483	1832.84	601.414	2252.273	1617.31	1727.159	513.441	2517.763	1482.103	1724.616	446.97	2634.265	1350.518	2025.475	457.829	2053.278	1474.664	1683.159	469.942	2356.956	1757.946	1793.149	0.0	2258.038	1522.672	1505.193
44	807.251	1566.439	1953.39	468.32	994.396	1419.89	1728.505	472.88	1347.988	1204.716	1824.569	335.484	1127.964	1467.719	1641.509	352.357	1252.867	1385.642	1612.272	330.543	1123.95	1339.928	1729.712	252.06	1282.811	1200.816	1851.372	454.915	1241.128	1363.596	1971.184	441.4	1389.687	1337.408	2039.577	293.743	1487.918	1597.003	2014.509	379.452	1265.899	1348.849	2099.27	0.0	1315.672	900.859
45	915.575	1971.625	1420.926	1457.706	594.42	1729.789	1176.455	1459.275	220.33	1735.213	1029.872	1414.959	482.047	1725.194	1071.819	1447.782	401.05	1660.199	946.995	1234.842	275.546	1629.274	1385.508	1271.922	303.449	1637.939	1210.828	1516.665	357.183	1615.054	1256.211	1501.476	432.681	1776.506	1170.707	1209.717	456.078	1724.594	1161.764	1390.897	456.735	1803.911	1318.134	1225.282	0.0	891.071
60	267.105	1170.859	1086.491	1250.533	948.028	923.9	1155.162	1309.164	936.416	901.873	1240.986	981.12	945.643	1156.975	830.883	955.17	1181.913	893.408	801.997	747.82	905.685	835.526	1134.798	1001.515	966.412	806.579	1240.327	1046.687	963.341	1041.843	1151.012	1135.701	1173.927	1165.438	1225.248	914.694	1306.609	983.191	1174.232	1122.627	1054.778	973.54	1540.889	846.151	902.163	0.0

[*,*,4]:	1	2	3	4	5	6	7	8	9	10	11	12	13	14	15	16	17	18	19	20	21	22	23	24	25	26	27	28	29	30	31	32	33	34	35	36	37	38	39	40	41	42	43	44	45	60:=
1	0.0	1292.321	1308.925	1124.797	1079.499	1020.429	1401.077	1187.915	1113.38	990.674	1288.361	1022.935	1089.284	1101.941	1027.626	986.196	1175.206	992.821	1000.714	754.916	919.403	922.179	1369.805	886.903	1135.781	862.017	1280.686	1095.447	1124.314	988.744	1390.995	1198.439	1386.206	1087.616	1478.737	958.806	1316.097	1116.617	1422.01	1000.584	1224.563	1055.228	1570.859	879.57	1073.385	264.416
2	1402.194	0.0	1594.174	1870.823	2116.898	516.806	2026.668	1759.728	2169.805	588.331	1866.116	1615.876	2218.405	455.747	1551.808	1584.838	2530.694	489.329	1692.648	1602.053	1944.308	591.818	1757.795	1499.48	2197.651	694.884	1952.133	1573.472	2234.962	516.11	1823.365	1827.532	2488.677	366.421	2070.675	1841.242	2294.84	635.541	2039.693	1753.661	2280.045	491.638	2326.522	1585.839	2147.616	1260.067
3	1324.086	1480.755	0.0	2372.689	1723.091	1269.173	655.981	2481.592	1441.3	1306.589	761.72	2002.139	1710.726	1394.918	460.836	2003.368	1819.754	1189.103	645.782	1829.604	1600.502	1213.151	321.921	2133.89	1543.956	1396.664	463.477	2048.807	1625.693	1332.318	497.219	2198.918	1609.025	1655.877	737.212	1994.449	1773.077	1054.446	686.418	2242.569	1684.33	1459.605	830.814	1840.434	1440.624	1268.683
4	1241.156	1892.002	2207.792	0.0	1450.393	1543.325	2316.031	333.02	1634.036	1547.452	2436.686	344.905	1417.43	1832.464	2218.364	427.982	1753.043	1756.225	1894.266	701.608	1638.846	1475.063	2295.637	482.587	1556.114	1332.889	2449.144	337.601	1529.49	1724.407	2597.742	306.027	1924.88	1636.705	2311.793	637.159	2038.801	1737.019	2304.459	341.889	1776.282	1440.312	2741.331	561.179	1609.341	1361.4
5	1106.044	2330.367	1745.373	1351.876	0.0	1782.585	1586.889	1308.382	727.444	1791.472	1638.558	1307.449	326.559	2097.52	1624.767	1169.847	552.766	2012.241	1290.07	1009.475	585.258	1968.19	1745.22	1180.796	592.682	1644.971	1810.7	1431.733	445.535	1966.8	1888.601	1148.41	788.725	2081.523	1829.497	884.407	827.273	2151.712	1566.128	1306.707	499.777	1809.379	1966.65	1108.685	608.248	1125.802
6	972.597	529.21	1394.01	1562.778	1943.939	0.0	1545.618	1709.984	1955.241	230.136	1678.134	1535.616	1719.487	356.171	1327.104	1490.597	1989.486	219.849	1448.732	1233.731	1743.017	279.589	1326.834	1408.528	1995.363	405.66	1495.252	1522.988	2022.574	254.939	1643.991	1757.791	1943.68	425.149	1874.082	1454.535	2115.043	476.974	1560.853	1442.361	2094.607	398.939	1841.218	1475.581	1927.029	1018.742
7	1244.24	1933.843	671.356	2177.069	1606.4	1681.997	0.0	2255.722	1212.731	1712.987	252.086	2150.753	1554.381	1614.314	509.303	2163.72	1352.452	1593.671	528.898	1665.987	1206.891	1600.6	546.841	1957.898	1337.146	1751.023	401.083	2224.756	1433.974	1532.224	383.933	2331.118	1121.906	1817.611	356.184	2064.933	1254.637	1504.705	253.599	2071.341	1491.604	1862.192	541.193	1955.19	1223.572	1184.9
8	1143.554	1827.122	2370.476	340.647	1231.719	1730.503	2449.862	0.0	1674.859	1732.192	2201.956	406.396	1423.419	1747.296	2029.959	514.271	1767.637	1682.236	2012.917	751.803	1431.189	1653.203	2451.994	458.961	1584.494	1505.984	2228.245	418.101	1548.574	1922.543	2367.044	245.71	1966.843	1586.426	2448.912	614.616	1778.515	1928.313	2438.573	386.972	1533.114	1631.5	2900.536	496.547	1648.655	1251.196
9	1166.189	2090.743	1495.124	1821.776	637.871	1843.3	1226.943	1554.269	0.0	1853.341	1247.001	1515.454	528.395	2142.746	1130.866	1554.501	463.56	1765.184	1002.316	1337.884	331.893	1737.787	1455.161	1594.884	307.378	1753.382	1479.045	1620.073	386.448	2011.901	1306.666	1604.931	394.664	1886.828	1210.367	1305.954	496.459	1830.731	1207.534	1740.542	464.669	1923.958	1595.968	1316.265	231.493	970.128
10	968.243	527.0	1260.109	1603.837	1992.176	236.012	1617.111	1752.026	1723.028	0.0	1751.893	1338.975	1770.338	444.21	1178.167	1300.698	2053.305	294.852	1284.36	1248.157	1786.015	205.434	1397.732	1431.851	1755.987	377.02	1570.794	1329.503	1783.652	333.648	1723.389	1542.9	2011.516	472.163	1678.941	1484.706	2186.184	468.276	1636.504	1472.878	1842.824	358.278	1940.13	1497.685	1698.294	1016.623
11	1369.56	2131.555	684.111	2352.013	1696.847	1596.605	258.362	2426.836	1079.493	1631.534	0.0	2317.181	1405.655	1794.813	618.315	2002.535	1412.916	1769.739	527.072	1809.453	1272.685	1518.896	571.831	2116.764	1394.804	1658.748	492.794	2399.964	1288.457	1706.552	455.613	2144.931	1158.797	2005.917	268.004	1906.018	1292.081	1678.611	209.627	2240.522	1557.932	1760.657	557.254	2108.438	1094.368	1305.299
12	1010.66	1715.212	1951.665	362.744	1263.045	1588.977	2048.741	416.268	1666.37	1356.068	2161.549	0.0	1223.655	1636.904	1946.831	252.948	1547.096	1553.485	1928.434	492.548	1412.742	1509.503	2031.862	275.229	1592.268	1152.434	2175.076	325.096	1327.846	1528.235	2314.274	382.572	1699.279	1465.679	2405.098	472.973	1811.734	1804.295	2040.25	251.017	1568.194	1272.353	2457.541	361.045	1632.405	1122.419
13	1001.975	2192.408	1813.369	1382.575	343.024	1941.834	1378.413	1357.47	540.927	1662.828	1423.153	1333.003	0.0	1951.808	1419.416	1378.232	442.957	1871.729	1298.528	999.54	405.776	1830.746	1539.63	1196.88	426.289	1797.253	1595.542	1451.715	344.168	1826.481	1664.901	1392.236	631.098	1959.119	1600.509	918.918	682.226	1987.35	1591.402	1324.862	407.945	1986.125	1741.078	1132.373	518.775	1005.48
14	1101.941	420.036	1378.945	1660.671	2047.179	373.688	1817.799	1815.079	2045.716	454.5	1688.402	1656.785	2121.883	0.0	1357.599	1621.465	2067.288	329.37	1500.82	1585.423	1837.255	450.178	1540.26	1526.246	2088.142	643.521	1483.039	1635.537	2126.639	267.016	1632.004	1876.517	2349.712	452.788	1878.658	1834.286	2182.661	407.813	1837.667	1550.079	2186.325	504.415	1810.404	1599.208	2022.549	1145.325
15	1114.995	1551.808	496.134	2193.532	1475.933	1296.0	533.75	1955.083	1173.63	1315.281	541.317	1834.08	1436.247	1473.022	0.0	1832.497	1535.884	1224.555	354.977	1627.953	1112.714	1219.888	467.497	1657.785	1281.661	1357.691	539.463	1897.203	1352.021	1383.106	542.093	2017.973	1334.488	1441.993	667.563	1777.225	1277.36	1143.261	581.353	2061.685	1429.48	1465.793	901.062	1661.839	1167.492	894.188
16	997.619	1472.083	2003.368	459.947	1154.913	1357.111	2114.169	538.377	1498.539	1348.675	2229.713	259.49	1300.219	1640.246	1702.122	0.0	1641.725	1322.681	1695.007	470.686	1476.906	1284.421	2087.527	276.972	1437.937	1134.226	2235.584	321.253	1406.926	1527.11	2036.052	437.874	1790.522	1456.173	2131.641	523.495	1910.944	1552.087	2111.144	307.42	1425.6	1264.774	2544.186	331.982	1467.852	1115.341
17	1296.779	2559.343	1693.285	1753.043	593.049	1964.721	1438.779	1728.063	415.788	1981.118	1463.781	1471.009	454.124	2281.146	1553.271	1527.628	0.0	2203.885	1214.541	1345.984	527.087	1859.193	1662.062	1564.94	301.579	1862.249	1693.918	1841.707	350.281	2148.998	1744.423	1528.633	461.709	2319.519	1394.785	1256.923	459.639	1968.215	1409.584	1697.681	285.906	2027.821	1784.892	1501.285	442.768	1286.697
18	1017.234	538.673	1204.48	1636.935	2012.241	201.601	1574.314	1786.939	2013.061	265.147	1708.946	1608.1	1781.886	337.47	1348.04	1339.785	2054.187	0.0	1263.89	1295.662	1800.046	308.92	1344.45	1477.288	2057.064	449.641	1516.093	1596.122	1788.75	229.074	1666.978	1571.232	2002.707	456.334	1904.989	1521.997	2177.462	451.274	1591.138	1513.194	2161.322	379.216	1870.818	1544.898	1698.821	1060.941
19	953.805	1733.272	709.301	1918.143	1406.844	1448.732	486.014	1989.048	1063.185	1252.384	553.986	1863.673	1149.842	1430.469	363.496	1861.729	1229.851	1378.293	0.0	1398.817	1016.743	1359.681	564.996	1684.421	1182.104	1261.914	599.322	1942.018	1250.682	1336.774	659.548	2043.287	1047.166	1595.79	699.603	1513.908	1188.981	1323.401	520.774	1803.825	1342.769	1610.577	867.589	1675.508	1054.977	884.326
20	670.41	1528.676	1872.485	659.512	1021.886	1342.59	1665.987	692.226	1322.387	1322.158	1765.498	517.073	1127.141	1407.95	1553.39	481.717	1265.225	1311.592	1522.242	0.0	1088.077	1254.277	1942.14	401.602	1274.066	1112.72	1785.265	619.663	1232.949	1295.681	1908.86	670.566	1381.322	1289.16	1985.402	463.468	1493.494	1520.137	1950.768	538.564	1284.667	1285.017	2056.939	373.892	1284.297	767.072
21	885.069	2018.771	1528.838	1676.377	550.966	1763.933	1310.763	1431.189	357.643	1765.796	1154.753	1379.238	425.49	1768.644	1155.329	1410.776	539.157	1694.574	1028.944	1181.723	0.0	1657.175	1504.476	1232.573	359.717	1650.925	1324.792	1488.766	348.335	1931.665	1383.939	1469.291	588.357	1806.446	1316.059	1154.651	587.828	1777.855	1299.834	1360.181	489.328	1830.741	1715.104	1180.201	311.305	865.583
22	965.919	570.254	1258.455	1644.538	1725.839	263.582	1619.357	1534.172	1737.787	220.971	1754.587	1372.793	1788.335	471.53	1175.438	1332.387	2072.803	270.881	1281.837	1268.975	1537.858	0.0	1396.97	1461.96	1773.967	393.217	1571.311	1367.059	1800.755	354.825	1479.217	1580.877	2027.749	445.814	1687.302	1511.258	2204.068	469.529	1640.988	1508.779	1865.476	399.878	1950.155	1308.394	1711.826	865.606
23	1338.79	1574.55	310.469	2379.284	1940.742	1360.71	516.234	2480.07	1352.845	1397.732	614.015	2006.25	1639.176	1505.386	418.762	2013.267	1722.623	1495.073	579.421	1833.438	1521.703	1298.746	0.0	2140.567	1458.916	1471.862	318.385	2058.244	1545.139	1436.262	431.111	2195.704	1499.23	1755.033	597.534	1981.508	1656.333	1158.285	545.883	2253.614	1599.282	1545.222	696.187	2150.353	1356.031	1279.184
24	942.801	1712.768	1916.475	465.817	1222.801	1340.098	2006.642	505.834	1380.646	1333.479	2116.764	295.046	1182.164	1622.438	1893.591	248.752	1510.56	1529.839	1602.587	411.6	1358.453	1265.578	1993.505	0.0	1543.236	1128.222	2133.925	419.116	1287.338	1509.292	2270.584	402.496	1660.07	1457.9	2017.984	426.476	1773.656	1776.483	2001.402	340.743	1527.796	1261.199	2423.874	291.276	1351.576	1053.418
25	1122.152	2332.753	1505.033	1636.603	572.553	2064.7	1273.724	1622.983	337.988	1778.404	1301.123	1592.268	391.32	2063.084	1360.452	1401.687	317.178	1987.201	1223.181	1213.636	368.455	1950.628	1477.54	1439.586	0.0	1669.718	1511.534	1710.602	253.291	1936.835	1563.191	1668.541	420.231	2105.506	1460.853	1154.708	473.308	2073.333	1251.068	1571.912	365.066	1828.93	1620.955	1380.549	350.082	1105.592
26	792.924	686.741	1480.464	1300.113	1727.91	458.116	1552.794	1436.209	1794.964	354.124	1679.397	1255.418	1797.253	591.941	1341.78	1202.279	1816.456	472.312	1425.092	986.752	1574.434	402.543	1382.478	1142.266	1818.926	0.0	1543.417	1246.777	1830.596	495.641	1688.445	1469.311	1804.316	481.337	1884.427	1207.427	1965.137	711.481	1832.933	1177.709	1903.103	400.782	1882.48	1205.51	1762.734	857.616
27	1280.686	1799.167	458.17	2219.537	1767.243	1568.789	451.639	2314.685	1412.069	1607.183	463.577	2201.493	1734.573	1483.039	497.192	2209.986	1535.113	1479.707	628.797	2010.299	1376.185	1500.157	325.761	2007.407	1529.892	1677.905	0.0	2262.896	1625.209	1415.515	269.114	2395.417	1540.407	1711.9	516.875	2154.7	1458.825	1357.691	472.634	2110.902	1680.969	1762.26	519.004	2017.231	1419.527	1227.838
28	1188.582	1573.472	2205.737	333.822	1300.582	1487.293	2331.544	402.679	1681.336	1484.23	2101.101	306.268	1468.929	1774.59	1897.203	345.859	1821.091	1449.912	1896.502	649.407	1433.853	1418.754	2297.781	366.924	1611.533	1261.561	2455.288	0.0	1581.763	1664.247	2239.419	400.513	1984.363	1342.753	2343.433	652.207	1803.687	1697.366	2326.062	258.348	1587.412	1376.43	2772.363	460.549	1652.045	1126.434
29	1137.337	2075.953	1625.693	1643.726	439.848	1841.448	1401.135	1621.163	372.536	1849.443	1434.626	1362.187	324.687	2151.272	1255.83	1406.926	376.443	1765.915	1138.68	1204.713	364.664	1735.927	1602.132	1433.381	259.842	1726.978	1644.034	1469.227	0.0	2018.09	1457.978	1430.221	540.623	2178.897	1383.385	1136.433	595.951	1858.773	1381.753	1574.955	322.917	1899.768	1780.654	1169.359	362.135	1124.882
30	1091.028	521.953	1239.724	1724.407	2110.13	251.765	1630.026	1879.501	1804.568	321.918	1767.988	1453.076	1872.526	294.638	1398.764	1420.979	2148.998	245.767	1320.133	1378.384	1888.419	318.259	1385.768	1563.626	1841.581	508.136	1561.948	1683.087	1877.837	0.0	1716.07	1658.234	2092.165	474.847	1685.376	1610.174	2271.314	370.723	1647.697	1598.509	2259.539	415.297	1924.475	1633.968	1783.056	1134.209
31	1425.2	2007.234	503.649	2421.292	1888.601	1507.533	379.27	2514.371	1490.155	1549.764	439.962	2395.636	1584.986	1672.135	596.757	2062.38	1625.934	1666.978	604.803	1885.675	1470.076	1686.937	387.679	2192.586	1618.147	1607.399	275.731	2465.243	1476.831	1599.507	0.0	2221.424	1382.596	1912.878	463.949	2005.811	1526.697	1539.6	379.197	2306.238	1778.777	1684.483	464.114	2197.739	1285.434	1366.85
32	1142.263	1871.393	2415.205	309.884	1252.36	1757.791	2142.109	242.796	1702.397	1504.488	2254.459	369.725	1232.82	1788.555	2066.404	480.943	1547.901	1713.455	2043.287	616.196	1451.868	1676.881	2141.039	423.049	1612.508	1301.07	2283.131	410.125	1570.898	1679.136	2422.501	0.0	1720.354	1620.951	2502.997	500.058	1823.833	1965.528	2127.876	366.931	1565.481	1656.76	2549.358	458.712	1672.682	1252.286
33	1231.033	2374.692	1646.736	1809.387	798.423	2115.181	1121.906	1810.98	390.093	2130.776	1130.648	1783.891	711.664	2086.684	1273.366	1832.487	434.007	2027.33	1139.563	1381.322	541.733	2004.261	1588.118	1619.744	441.155	2034.655	1367.973	1893.476	553.294	1966.635	1399.596	1872.15	0.0	2164.15	1263.085	1566.023	275.861	2082.801	1278.815	1745.5	542.638	2209.832	1417.23	1571.937	450.01	1204.149
34	1046.999	380.455	1581.733	1674.186	1959.559	430.25	1974.045	1586.426	2033.22	466.817	1820.041	1430.919	2054.299	435.879	1497.218	1390.971	2372.638	429.596	1614.94	1400.113	1806.446	480.403	1735.165	1322.805	2055.573	504.722	1647.97	1394.178	2081.334	485.721	1800.795	1640.402	2350.409	0.0	2027.779	1644.182	2174.188	661.273	1989.898	1327.258	2134.162	297.509	2309.034	1404.343	2007.056	1113.834
35	1548.874	1995.225	764.742	2577.404	1604.223	1766.787	360.358	2272.591	1210.367	1805.92	309.591	2187.278	1563.431	1967.764	643.239	2211.246	1555.037	1670.42	659.55	2008.669	1221.303	1687.302	642.725	2331.119	1328.549	1840.772	541.391	2258.045	1435.047	1879.015	406.821	2359.696	1277.887	1881.779	0.0	2107.508	1412.094	1585.436	293.738	2460.908	1470.362	1943.159	487.133	1991.578	1230.024	1269.358
36	937.097	1649.298	1923.5	660.375	983.49	1491.673	1949.358	621.654	1214.129	1484.706	2046.626	467.011	978.331	1792.755	1591.955	504.873	1302.721	1692.511	1552.561	437.528	1167.873	1404.998	1981.508	457.937	1140.153	1285.494	2105.914	584.217	1096.006	1668.844	2230.528	512.826	1478.373	1663.008	1959.324	0.0	1576.583	1644.979	1942.667	590.609	1112.934	1440.453	2376.84	365.176	1183.979	1031.075
37	1399.044	2621.262	1592.424	1967.955	856.702	2012.288	1285.873	1960.15	429.77	2035.988	1292.081	1942.179	673.838	2320.224	1459.053	1716.244	443.667	2254.922	1131.217	1530.677	647.862	1907.999	1542.539	1773.656	507.387	1940.976	1550.768	2060.246	535.232	2192.388	1581.007	1735.226	282.729	2396.232	1222.41	1468.268	0.0	2316.931	1249.432	1906.066	561.344	2098.132	1587.02	1719.41	484.64	1374.322
38	1103.217	674.611	1027.863	1826.865	2078.635	493.548	1433.336	1975.154	2013.044	474.254	1565.868	1804.295	1824.325	402.919	1213.544	1512.958	2070.019	435.948	1369.388	1448.035	1821.041	516.287	1173.071	1657.167	2073.333	653.117	1341.399	1801.712	1811.913	389.898	1487.311	2033.828	1984.012	677.336	1743.321	1665.979	2161.317	0.0	1451.368	1703.69	2190.942	600.287	1686.952	1718.68	1989.623	1124.788
39	1308.032	2015.791	727.603	2247.792	1645.092	1762.687	224.89	2325.589	1236.171	1537.121	212.237	2222.57	1591.402	1690.373	574.54	2237.813	1374.922	1671.363	588.115	1729.926	1239.61	1679.905	512.733	2026.316	1362.866	1832.933	434.751	2298.803	1464.658	1607.18	398.316	2403.032	1134.043	1897.702	300.704	1824.691	1264.986	1581.065	0.0	2141.977	1518.07	1945.424	512.203	2022.384	1250.279	1248.533
40	1000.584	1616.248	2216.891	309.836	1275.346	1513.297	2332.435	401.983	1661.725	1506.998	2107.685	254.066	1440.307	1550.079	1900.135	303.9	1538.523	1476.877	1892.537	606.451	1412.946	1440.457	2305.821	320.54	1591.004	1280.331	2110.902	238.104	1556.921	1448.649	2250.888	384.977	1965.521	1378.746	2349.471	604.291	1793.059	1724.383	2328.622	0.0	1567.666	1406.585	2382.493	413.446	1630.633	1111.323
41	1328.675	2280.045	1813.343	1756.398	453.996	2045.515	1563.201	1476.565	482.24	2057.291	1363.925	1477.372	412.783	2372.206	1429.48	1534.794	282.706	1963.338	1311.298	1346.331	471.279	1936.019	1785.405	1337.542	343.923	1925.67	1823.885	1587.412	347.651	2234.246	1615.836	1528.79	568.685	2055.443	1525.964	1242.456	491.441	2064.054	1536.071	1700.949	0.0	2101.964	1935.713	1281.577	497.504	1135.142
42	1067.451	456.659	1459.605	1547.887	1786.281	363.213	1819.546	1707.977	1854.696	371.494	1960.396	1305.258	1873.703	510.258	1361.507	1264.774	2179.277	374.375	1466.346	1255.59	1916.557	385.482	1602.218	1404.276	1876.23	378.096	1782.673	1278.502	1899.768	446.315	1662.979	1508.393	2159.225	311.455	1873.205	1493.584	2336.156	615.812	1835.306	1422.877	1952.417	0.0	2154.355	1270.851	1828.918	1136.791
43	1733.362	2352.86	773.074	2741.331	2109.968	1818.298	575.737	2835.598	1431.498	1871.922	577.315	2336.679	1784.97	1997.687	911.263	2367.37	1784.892	2007.152	856.789	2188.233	1676.707	1749.185	671.711	2511.134	1541.236	1929.938	572.694	2803.749	1656.902	1924.475	497.936	2517.623	1507.692	2257.339	436.933	2293.279	1644.152	1603.987	525.116	2628.958	1957.626	2004.631	0.0	2515.512	1455.25	1677.498
44	901.199	1745.755	1864.233	523.061	1108.685	1353.102	1931.442	527.453	1501.102	1346.799	2036.011	373.738	1078.019	1638.533	1829.419	336.275	1399.311	1544.898	1536.434	369.351	1253.658	1492.126	1933.713	281.27	1429.084	1147.645	2066.835	506.991	1184.48	1522.982	2197.739	420.637	1552.845	1491.75	2271.247	328.386	1660.347	1779.102	1925.309	423.613	1410.811	1287.284	2344.647	0.0	1253.786	1004.822
45	1023.07	2199.158	1582.325	1629.627	663.305	1927.029	1124.363	1629.106	245.552	1656.013	1150.25	1577.585	459.373	1927.742	1195.511	1612.231	448.349	1852.593	1054.977	1180.165	307.614	1815.783	1322.27	1420.593	338.326	1560.895	1352.987	1691.694	397.755	1805.532	1401.788	1672.682	413.523	1983.256	1304.722	1154.502	509.388	1922.807	1107.118	1554.197	509.444	2008.812	1473.594	1367.276	0.0	994.774
60	254.541	1308.325	1211.877	1392.577	1059.837	1030.967	1286.88	1251.196	1045.397	1005.114	1184.344	1095.8	1054.329	1102.554	928.434	1065.401	1316.163	998.776	894.937	833.091	865.583	932.765	1264.703	955.804	1079.372	899.282	1181.985	1169.574	1074.515	1160.183	1286.761	1267.313	1307.784	1113.834	1367.842	1019.403	1246.972	1098.113	1309.19	1069.821	1178.616	1085.89	1715.914	945.946	1006.711	0.0

[*,*,5]:	1	2	3	4	5	6	7	8	9	10	11	12	13	14	15	16	17	18	19	20	21	22	23	24	25	26	27	28	29	30	31	32	33	34	35	36	37	38	39	40	41	42	43	44	45	60:=
1	0.0	1422.381	1438.31	1240.812	1188.654	1121.739	1321.317	1308.613	1224.41	932.944	1419.908	1125.41	1024.309	1215.019	1131.047	1083.68	1296.421	1093.212	1100.065	711.94	1012.819	1014.142	1289.982	977.46	1249.56	810.597	1412.106	1205.694	1235.45	1090.727	1531.648	1317.422	1307.292	1198.122	1626.202	902.933	1450.476	1228.476	1337.187	1103.262	1347.804	1159.536	1732.883	968.51	1179.951	291.281
2	1322.37	0.0	1753.151	1761.803	2333.043	568.578	1905.777	1940.306	2388.177	646.487	2058.593	1779.268	2438.65	429.803	1709.479	1742.884	2383.221	539.292	1862.213	1506.49	2143.828	651.379	1931.551	1654.141	2419.871	763.873	1841.002	1733.344	2457.84	486.034	2009.539	2010.609	2340.227	404.023	2279.07	2023.246	2531.537	699.805	2242.196	1653.829	2511.709	540.665	2190.948	1747.76	2362.757	1389.372
3	1245.104	1632.706	0.0	2607.226	1900.816	1397.509	721.108	2340.321	1587.743	1436.886	717.332	2206.566	1882.101	1311.711	508.126	2204.99	1999.634	1311.751	711.081	2011.249	1509.389	1336.413	354.024	2009.541	1701.601	1536.578	435.831	2259.05	1789.304	1464.016	548.504	2421.266	1768.77	1561.611	812.116	2193.343	1669.754	1162.109	755.181	2108.8	1857.172	1606.502	912.939	2030.262	1586.296	1196.46
4	1364.379	1784.294	2432.114	0.0	1365.873	1700.905	2548.044	313.156	1801.716	1703.19	2677.549	380.479	1560.756	2014.393	2092.078	471.467	1927.863	1653.884	2087.679	771.893	1541.089	1626.43	2526.673	530.29	1716.617	1467.667	2692.297	318.382	1684.893	1896.371	2446.363	337.274	2117.708	1539.075	2549.023	701.284	2240.334	1916.181	2537.479	375.832	1675.162	1586.654	3014.707	528.477	1773.662	1280.192
5	1216.844	2191.36	1924.478	1487.93	0.0	1966.446	1747.351	1438.28	686.033	1973.494	1801.961	1231.259	359.902	2307.643	1527.849	1289.893	608.397	2211.148	1423.132	1111.55	643.363	1856.146	1922.542	1298.55	558.144	1812.93	1992.091	1346.33	491.255	2164.741	2075.286	1266.86	868.479	2288.179	1725.348	974.267	909.772	2026.324	1726.036	1437.609	469.965	1995.053	2164.576	1218.277	670.985	1237.573
6	1070.943	581.75	1314.652	1721.564	2137.796	0.0	1703.433	1881.285	1838.611	253.752	1847.023	1687.409	1896.84	392.186	1458.86	1405.741	2191.627	241.774	1364.31	1359.701	1917.627	262.912	1462.99	1550.284	2192.601	447.501	1646.447	1674.191	1907.434	280.842	1807.936	1655.359	2142.138	467.739	1762.293	1603.796	2327.904	524.122	1721.844	1588.209	2302.562	376.229	2028.295	1622.731	1814.734	1120.796
7	1371.282	2127.57	631.309	2400.474	1768.07	1848.259	0.0	2483.814	1333.133	1615.47	277.699	2365.234	1463.802	1779.143	560.324	2034.654	1491.237	1754.06	581.178	1837.822	1328.928	1759.509	515.71	2156.83	1470.491	1648.985	442.035	2447.625	1348.437	1689.457	422.573	2561.546	1237.623	2001.403	391.547	1947.381	1382.114	1654.76	238.821	2282.834	1641.028	1751.112	596.728	2151.962	1344.52	1304.714
8	1261.503	2011.875	2605.819	321.254	1356.868	1903.075	2307.1	0.0	1842.642	1628.867	2427.914	447.296	1564.122	1927.518	2235.223	565.328	1667.01	1853.159	2213.652	707.992	1577.32	1818.816	2305.732	506.059	1743.959	1654.848	2458.073	460.378	1702.318	1813.097	2607.547	270.213	1852.228	1748.407	2694.237	577.955	1961.021	2122.381	2679.622	426.885	1688.139	1793.477	2735.415	546.999	1813.065	1378.949
9	1098.231	2304.218	1644.901	1713.107	703.328	2028.812	1348.225	1714.582	0.0	2037.342	1176.012	1669.431	581.089	2017.881	1246.333	1710.226	435.909	1946.323	1103.19	1470.132	366.125	1913.507	1599.631	1504.091	338.609	1928.236	1392.856	1785.49	425.161	1891.891	1440.752	1766.453	433.676	2081.441	1332.756	1435.61	468.196	2016.741	1327.954	1639.115	512.114	2116.695	1500.768	1451.337	254.791	1070.19
10	1063.953	581.356	1387.528	1763.067	1878.766	259.991	1778.375	1649.93	1898.957	0.0	1647.393	1476.377	1948.508	488.119	1299.687	1432.221	2257.159	278.067	1414.857	1372.628	1681.938	226.41	1537.752	1346.441	1936.181	414.964	1726.065	1466.633	1964.01	366.773	1625.281	1699.666	2212.111	444.648	1850.369	1633.439	2055.778	516.33	1801.203	1618.469	2032.899	394.506	2132.748	1412.425	1870.849	957.381
11	1506.137	2007.342	753.962	2587.631	1595.63	1760.444	284.364	2666.725	1190.835	1796.51	0.0	2185.269	1548.476	1973.799	582.284	2207.003	1554.458	1664.174	581.159	1991.558	1398.488	1675.56	629.653	2326.919	1315.401	1827.285	541.937	2260.11	1420.014	1877.51	428.436	2365.038	1275.419	2204.199	295.647	2098.749	1420.36	1583.051	230.926	2463.955	1467.146	1940.428	613.078	1982.67	1206.669	1434.325
12	1112.374	1884.758	2152.966	399.424	1388.442	1498.52	2256.903	457.779	1569.265	1494.529	2378.087	0.0	1349.223	1801.644	2139.272	279.038	1703.534	1707.717	1818.652	542.593	1553.626	1421.539	2239.324	302.801	1497.289	1270.694	2393.978	357.232	1464.804	1682.766	2544.038	360.793	1871.934	1611.841	2264.944	521.266	1993.228	1696.668	2249.614	276.279	1723.208	1403.587	2706.041	396.889	1539.476	1234.351
13	1103.781	2411.043	1707.698	1523.742	377.387	1826.004	1519.862	1494.087	594.396	1834.337	1567.058	1465.345	0.0	2150.121	1560.965	1297.918	488.185	2059.233	1221.071	1102.11	446.614	2011.713	1698.433	1317.905	468.611	1694.939	1757.657	1596.485	324.112	2012.973	1831.686	1309.189	695.86	2156.287	1758.717	1013.698	751.211	2184.656	1500.807	1459.474	448.627	1870.387	1918.85	1245.811	487.83	1106.673
14	1215.019	462.309	1515.252	1831.958	2254.184	410.788	1714.316	1999.499	2249.722	428.015	1860.795	1822.757	1995.312	0.0	1494.23	1781.744	2280.515	362.675	1649.823	1495.168	2023.929	495.071	1450.504	1682.083	2297.325	605.135	1635.224	1800.139	2336.855	294.556	1797.027	2062.819	2215.948	498.794	2066.005	1727.396	2405.521	448.666	1728.05	1709.144	2406.359	554.276	1997.135	1760.915	2223.35	1261.695
15	1051.52	1709.479	545.61	2065.707	1626.632	1425.83	501.912	2155.709	1291.746	1445.295	597.151	2019.537	1578.839	1389.167	0.0	2015.241	1446.382	1349.588	390.537	1530.845	1226.898	1342.659	513.708	1828.774	1411.259	1492.484	508.753	2089.968	1486.849	1302.508	597.443	2220.127	1254.885	1589.966	734.747	1952.901	1409.111	1258.865	639.07	1944.318	1574.721	1611.967	848.554	1831.52	1284.447	985.947
16	938.111	1623.144	2204.99	505.413	1274.034	1494.338	2324.066	507.729	1650.797	1483.169	2099.78	285.985	1430.471	1542.405	1876.789	0.0	1804.007	1459.106	1866.401	517.416	1392.829	1414.924	2295.703	260.832	1584.757	1247.849	2102.231	354.219	1548.521	1678.063	2246.056	482.15	1968.286	1373.276	2348.226	575.7	1799.586	1710.562	2322.632	289.082	1571.891	1392.062	2795.675	366.224	1616.277	1051.847
17	1425.525	2413.645	1865.331	1927.863	558.49	2165.328	1582.912	1624.984	458.456	2180.501	1608.474	1622.734	500.043	2507.62	1464.847	1682.843	0.0	2075.456	1338.552	1480.821	495.646	2049.979	1829.334	1719.632	332.685	2050.554	1862.091	1736.863	385.871	2363.303	1642.769	1684.713	507.962	2181.16	1537.914	1383.421	505.074	2171.223	1552.117	1866.228	269.63	2233.857	1962.888	1413.8	487.977	1209.946
18	1119.138	506.541	1328.08	1801.678	2211.148	222.395	1733.504	1964.348	1898.462	292.087	1879.368	1514.39	1963.824	371.276	1267.629	1477.27	2260.923	0.0	1394.251	1426.676	1978.756	291.334	1481.052	1624.608	1937.191	495.551	1667.971	1500.913	1972.306	252.128	1831.756	1733.293	2205.215	501.639	1796.543	1676.639	2394.607	424.977	1753.6	1664.781	2032.399	418.13	2059.099	1697.609	1874.042	1166.272
19	1050.251	1905.353	668.922	2113.035	1547.139	1364.31	535.638	2188.305	999.766	1380.901	609.74	2047.894	1268.44	1575.114	399.585	1755.745	1354.809	1515.742	0.0	1541.643	1118.597	1278.576	622.974	1853.943	1298.953	1392.071	659.924	2134.824	1179.483	1472.596	725.32	1924.217	1154.086	1755.652	657.872	1669.261	1308.642	1454.217	574.488	1986.222	1476.08	1518.89	955.74	1842.596	993.5	972.915
20	738.862	1681.814	1760.791	727.189	1124.73	1475.303	1837.822	762.222	1453.675	1246.891	1944.881	568.637	1061.458	1551.708	1709.004	452.983	1395.059	1443.593	1672.714	0.0	1198.101	1378.803	1831.579	442.407	1401.12	1047.878	1967.549	681.739	1159.403	1428.64	2100.97	736.85	1523.796	1419.516	2182.515	437.084	1645.24	1671.73	1837.09	593.554	1413.361	1208.366	2268.016	411.521	1411.248	844.636
21	976.357	2222.903	1680.622	1580.945	606.946	1939.839	1234.38	1577.32	393.471	1660.466	1273.25	1518.047	467.549	1951.068	1272.152	1550.839	508.464	1866.751	1131.554	1112.86	0.0	1823.186	1414.734	1359.057	395.919	1814.116	1461.435	1639.306	382.919	1821.7	1524.554	1615.814	554.072	1990.892	1447.898	1085.776	648.149	1956.78	1428.32	1500.474	538.808	2012.499	1617.467	1300.115	342.35	953.962
22	909.631	628.479	1384.524	1546.442	1902.939	290.109	1779.428	1692.412	1913.507	242.909	1654.702	1512.276	1966.674	444.052	1295.456	1465.861	1949.16	298.678	1410.842	1394.412	1696.478	0.0	1535.663	1378.734	1954.211	432.431	1479.745	1506.642	1981.149	333.659	1631.01	1739.978	2228.189	491.797	1857.917	1661.298	2078.595	517.235	1804.634	1420.857	2055.949	439.936	1833.828	1442.658	1884.107	954.887
23	1471.128	1736.954	341.863	2615.501	1830.26	1498.965	567.715	2335.548	1490.977	1537.752	577.389	2212.126	1804.144	1654.192	461.954	2216.843	1893.647	1409.962	638.293	2016.276	1433.028	1431.354	0.0	2012.882	1608.626	1619.992	349.857	2270.537	1701.379	1578.855	406.569	2418.798	1648.739	1652.762	658.544	2180.009	1557.533	1277.145	600.822	2476.381	1764.237	1701.471	765.305	2027.938	1493.81	1204.641
24	1036.82	1612.959	2112.156	512.482	1149.861	1477.615	2208.593	555.835	1523.05	1468.317	2326.919	278.249	1302.278	1784.234	1783.245	274.151	1661.883	1438.584	1767.04	453.024	1492.734	1396.113	2195.082	0.0	1455.383	1242.855	2346.728	394.693	1418.781	1660.488	2135.143	443.799	1827.141	1602.011	2226.125	469.6	1949.747	1675.352	2204.754	374.723	1438.766	1389.973	2666.691	273.901	1490.271	1157.547
25	1235.086	2563.342	1660.267	1802.092	629.396	1947.161	1403.141	1784.833	318.293	1959.987	1431.466	1497.289	431.476	2270.715	1494.93	1546.261	349.25	2184.492	1153.548	1336.947	405.199	1836.958	1628.404	1583.799	0.0	1841.059	1663.657	1879.693	279.416	2132.682	1718.386	1573.555	462.928	2315.475	1375.724	1272.609	520.723	1949.659	1379.449	1730.111	401.152	2017.571	1784.861	1517.611	330.153	1215.846
26	873.488	755.225	1394.192	1432.86	1901.007	430.789	1712.138	1580.751	1972.394	390.649	1849.212	1380.057	1694.939	652.085	1475.588	1132.218	2001.925	519.627	1340.085	1088.01	1732.887	442.334	1525.071	1257.769	1999.511	0.0	1700.235	1371.11	1723.921	546.248	1857.588	1381.667	1989.47	529.779	2070.7	1331.965	2163.846	782.117	1728.588	1297.37	2092.888	377.427	2074.69	1326.274	1657.587	943.928
27	1412.106	1980.238	503.46	2448.467	1945.942	1724.54	425.929	2549.868	1552.886	1513.527	510.91	2422.032	1631.106	1635.224	547.23	2428.44	1693.449	1629.331	691.225	1895.857	1516.011	1649.758	306.777	2212.373	1683.153	1577.818	0.0	2490.637	1785.859	1561.516	296.326	2633.236	1452.715	1885.837	568.42	2029.138	1607.778	1493.7	444.441	2327.517	1850.143	1936.457	572.536	2221.208	1560.459	1352.592
28	1120.919	1733.344	2425.701	314.369	1433.377	1636.285	2192.467	444.001	1850.548	1630.944	2317.815	337.237	1614.765	1673.567	2089.968	380.35	1714.969	1597.955	2086.488	610.67	1580.991	1561.54	2524.913	404.77	1774.486	1386.81	2315.514	0.0	1739.502	1567.265	2468.074	440.635	1865.996	1480.543	2579.279	716.677	1989.725	1868.999	2556.995	243.641	1748.7	1513.693	2610.808	507.573	1817.542	1242.026
29	1069.494	2288.981	1789.304	1806.205	485.215	2027.65	1540.241	1528.874	410.387	2033.876	1351.025	1501.273	357.213	2022.949	1384.699	1548.521	413.654	1948.057	1253.82	1324.319	343.904	1912.306	1761.902	1349.852	286.373	1899.981	1545.967	1619.995	0.0	2217.575	1608.358	1574.841	594.297	2054.857	1523.943	1249.762	561.223	2048.562	1520.173	1481.009	356.053	2090.964	1956.669	1289.971	398.753	1060.845
30	1199.347	492.239	1365.686	1896.371	1987.165	277.472	1793.317	1767.388	1989.748	354.316	1942.751	1602.951	2061.871	323.89	1319.135	1565.357	2363.303	231.446	1454.925	1516.466	1775.775	350.918	1525.234	1718.188	2031.527	559.518	1717.02	1587.273	2068.633	0.0	1616.069	1827.548	2301.752	446.522	1858.324	1772.224	2495.83	408.96	1814.307	1757.21	2130.909	457.493	2116.391	1538.751	1965.115	1066.553
31	1567.972	1887.502	555.332	2664.974	2075.286	1663.025	417.621	2764.0	1405.324	1707.228	483.837	2256.034	1746.82	1839.644	561.161	2274.015	1789.57	1831.756	667.184	2076.349	1616.027	1590.903	427.069	2411.239	1523.852	1771.522	303.353	2318.191	1628.379	1760.483	0.0	2450.548	1522.401	2102.79	437.537	2209.61	1678.945	1449.882	417.914	2537.27	1672.673	1857.34	510.823	2414.982	1418.018	1502.552
32	1257.765	2057.187	2277.713	341.37	1377.25	1655.359	2360.828	267.119	1600.848	1658.874	2481.351	406.271	1359.977	1969.408	2271.559	453.564	1705.175	1884.327	1924.217	679.112	1597.312	1576.855	2360.747	465.625	1771.902	1435.266	2513.995	450.842	1481.471	1849.745	2664.081	0.0	1896.01	1783.333	2353.693	551.373	2007.386	2159.817	2347.351	404.034	1720.903	1562.444	2808.385	504.457	1575.209	1377.736
33	1356.727	2612.581	1548.508	1995.061	878.777	2324.263	1237.623	1994.101	428.822	2009.475	1245.527	1961.787	670.193	2299.744	1400.928	1723.179	478.543	2231.364	1252.207	1523.796	596.511	2203.246	1497.71	1784.318	485.149	1916.088	1507.65	2083.159	520.29	2168.446	1540.453	2057.21	0.0	2382.983	1388.485	1476.873	303.89	2290.506	1204.294	1923.724	596.998	2078.016	1562.662	1730.139	494.493	1325.909
34	1154.99	418.925	1738.769	1578.879	2158.659	473.157	1859.011	1748.407	2236.902	438.972	2006.808	1574.929	2257.363	480.837	1648.612	1529.068	2237.569	473.245	1775.987	1318.523	1990.892	528.529	1631.662	1458.548	2262.449	554.613	1817.947	1535.153	2287.971	458.07	1983.765	1803.989	2213.443	0.0	2230.916	1546.106	2397.297	727.824	2186.597	1464.155	2349.963	327.046	2177.586	1547.031	2207.206	1227.562
35	1458.616	2198.946	841.352	2423.661	1768.844	1944.599	395.979	2506.993	1332.756	1985.213	291.967	2409.515	1719.342	1853.096	708.916	2432.762	1462.278	1841.834	725.928	2207.223	1347.272	1857.917	706.536	2198.414	1463.536	2024.341	509.842	2488.601	1578.805	1766.931	448.568	2597.179	1404.204	2075.871	0.0	2316.743	1331.706	1746.523	323.031	2317.503	1620.492	2137.818	458.076	2195.949	1353.816	1400.283
36	1029.728	1819.411	2117.999	725.938	927.502	1643.233	2143.755	585.428	1338.097	1633.439	1924.545	514.934	1076.791	1969.966	1756.154	555.924	1432.057	1596.16	1710.308	481.16	1099.817	1548.455	2180.009	430.621	1257.153	1414.867	2314.081	644.475	1206.831	1834.528	2103.549	564.931	1625.801	1566.099	2159.379	0.0	1482.54	1813.782	2138.179	648.99	1227.725	1586.107	2612.815	344.388	1304.277	970.991
37	1538.562	2468.511	1755.018	2165.099	805.6	2218.783	1415.285	2153.908	474.098	2241.861	1420.36	1831.615	742.303	2551.605	1374.029	1891.48	488.112	2120.415	1247.299	1684.726	711.902	2104.796	1698.516	1949.747	478.502	2138.188	1705.416	1940.188	589.881	2412.015	1486.7	1913.29	311.183	2633.096	1348.493	1616.735	0.0	2185.034	1376.381	2096.146	528.632	2312.361	1746.003	1616.847	534.373	1510.172
38	1214.246	741.296	1133.88	2011.592	2285.004	465.451	1578.97	2172.124	1895.737	522.678	1722.732	1696.668	2011.532	443.469	1333.501	1669.01	2279.333	479.229	1291.432	1595.162	2002.642	486.201	1292.847	1823.177	1949.659	720.138	1476.399	1979.809	1998.799	429.324	1634.973	1918.046	2185.597	744.883	1641.732	1836.083	2377.831	0.0	1600.304	1875.152	2407.514	662.202	1857.532	1889.312	1876.358	1236.955
39	1440.935	2216.813	685.203	2477.302	1809.892	1657.542	247.968	2559.639	1358.365	1695.664	233.697	2443.229	1500.807	1862.123	631.835	2107.408	1515.308	1838.795	553.034	1907.447	1364.366	1845.961	565.617	2231.211	1498.172	1728.588	478.924	2528.048	1379.307	1771.28	438.218	2259.691	1250.416	2088.689	330.429	2012.895	1392.897	1738.035	0.0	2359.612	1669.457	1832.058	564.502	2224.98	1175.7	1374.186
40	1103.262	1778.909	2436.028	341.794	1404.305	1663.539	2199.654	442.827	1827.439	1419.18	2322.889	279.517	1354.392	1709.144	2091.367	333.94	1697.211	1626.214	2080.43	571.927	1556.508	1584.105	2171.453	353.269	1750.386	1203.959	2327.517	262.067	1710.82	1598.067	2478.492	423.198	1853.628	1518.833	2583.769	569.077	1976.138	1897.126	2189.72	0.0	1725.437	1545.623	2628.231	455.253	1792.523	1224.238
41	1253.037	2511.709	1994.176	1654.047	500.351	2250.429	1469.956	1628.086	530.774	2260.651	1504.605	1626.76	453.764	2237.162	1574.721	1687.85	266.231	2163.804	1442.66	1266.023	519.641	2130.863	1961.89	1475.501	378.699	2116.852	1720.055	1748.7	382.32	2104.049	1780.82	1681.939	534.763	2266.367	1679.539	1365.271	542.129	2272.765	1688.573	1604.118	0.0	2311.58	1822.912	1412.431	547.343	1251.627
42	1003.777	503.52	1606.502	1700.893	1970.524	399.941	2000.193	1610.746	2043.141	408.54	1846.157	1438.531	2061.405	479.821	1501.221	1392.062	2394.695	412.989	1614.618	1380.246	1807.452	424.649	1761.997	1322.444	2067.801	415.973	1676.336	1409.698	2090.964	490.433	1834.504	1660.918	2373.595	293.724	2063.531	1642.53	2200.02	678.689	2019.161	1338.002	2152.769	0.0	2367.31	1401.93	2013.853	1072.076
43	1905.452	2218.917	851.622	3014.707	1987.013	2003.955	633.412	2666.455	1578.394	2060.315	634.382	2577.691	1965.461	2196.02	859.387	2607.906	1962.888	1890.189	944.271	2407.444	1576.691	1928.681	739.313	2759.356	1700.204	2125.088	629.552	2644.137	1825.251	2116.391	468.919	2774.684	1658.728	2122.689	481.769	2524.078	1806.674	1769.428	578.214	2889.964	1846.183	2208.311	0.0	2368.924	1603.838	1577.435
44	991.478	1641.621	2055.535	575.702	1218.277	1492.665	2126.744	579.819	1415.648	1483.64	2239.05	351.959	1188.09	1802.676	1720.294	370.782	1540.139	1697.609	1694.907	406.699	1378.122	1407.183	2130.187	309.32	1345.806	1264.825	2273.885	476.749	1306.028	1676.257	2414.982	464.023	1709.864	1639.853	2141.95	361.752	1825.922	1675.428	2121.892	466.049	1326.656	1419.382	2580.615	0.0	1383.106	1104.582
45	1126.519	2417.493	1492.246	1795.204	729.452	1814.734	1239.166	1792.305	230.904	1825.949	1266.013	1733.527	506.754	2122.67	1314.203	1520.45	493.903	2037.341	993.5	1300.665	338.43	1707.472	1457.958	1563.564	371.769	1721.89	1489.797	1859.647	375.112	1988.982	1541.58	1575.209	455.745	2181.933	1226.895	1272.974	560.653	2112.874	1221.309	1711.353	560.022	1894.455	1623.317	1503.625	0.0	1094.427
60	280.795	1440.619	1332.193	1313.301	1167.522	1133.778	1211.889	1378.949	1150.121	945.159	1305.878	1206.083	1158.548	1216.274	1022.314	1171.175	1241.237	1100.256	984.184	784.544	953.962	1026.207	1189.263	1053.886	1188.002	988.175	1303.898	1287.838	1181.193	1094.137	1417.502	1393.694	1231.575	1227.562	1504.869	958.595	1374.933	1208.628	1438.601	1180.166	1297.794	1193.698	1618.231	1042.058	1107.104	0.0

[*,*,6]:	1	2	3	4	5	6	7	8	9	10	11	12	13	14	15	16	17	18	19	20	21	22	23	24	25	26	27	28	29	30	31	32	33	34	35	36	37	38	39	40	41	42	43	44	45	60:=
1	0.0	1325.148	1149.575	1158.435	1107.845	895.274	1234.154	1220.151	975.79	871.806	1324.481	1048.065	957.64	1133.852	1053.73	866.135	1210.351	1018.891	877.977	664.976	944.352	808.217	1205.447	911.768	1163.683	757.839	1317.773	1123.273	987.438	1018.313	1427.52	1051.452	1221.055	1117.129	1295.996	843.762	1352.995	1144.048	1250.155	1029.56	1255.669	926.763	1617.836	902.666	941.735	271.591
2	1235.138	0.0	1397.168	1646.349	2176.247	529.502	1781.737	1810.687	2224.923	516.707	1921.923	1658.306	1946.319	401.45	1593.918	1388.985	2227.044	503.048	1734.231	1408.438	2000.613	606.852	1543.799	1544.322	2255.358	609.657	1719.558	1616.17	1958.767	454.184	1874.485	1872.428	2187.911	377.033	2123.274	1617.087	2363.468	652.23	1789.526	1544.732	2341.917	430.881	2047.371	1630.299	2200.375	1296.557
3	1164.065	1523.636	0.0	2083.835	1774.621	1302.5	575.526	2185.938	1480.411	1145.122	670.324	2058.271	1752.752	1226.337	474.181	2054.258	1598.215	1224.664	662.739	1605.204	1409.82	1246.071	282.138	1877.852	1587.242	1430.975	407.464	2108.138	1666.989	1170.12	512.089	2256.658	1411.679	1458.598	757.217	1747.977	1560.332	1084.008	703.281	1971.546	1733.107	1496.682	729.67	1895.473	1478.453	1117.534
4	1088.929	1666.591	2267.703	0.0	1276.365	1586.593	2372.927	292.774	1681.356	1586.761	2140.041	355.219	1454.65	1607.714	1954.071	439.596	1536.404	1545.502	1947.373	718.844	1440.785	1517.779	2353.951	423.836	1602.651	1367.888	2148.758	297.379	1570.994	1511.307	2286.048	314.607	1972.167	1438.903	2378.74	653.344	1790.595	1788.965	2364.971	299.956	1564.658	1479.396	2402.56	493.845	1654.46	1196.869
5	1133.215	2048.733	1795.916	1386.216	0.0	1835.893	1628.559	1147.91	640.778	1840.086	1436.067	1150.573	335.714	2149.048	1428.407	1203.724	566.808	1767.269	1328.65	1035.982	513.477	1733.702	1792.579	1034.875	521.568	1691.089	1855.183	1258.702	458.438	2016.761	1658.68	1182.753	809.436	1826.226	1611.533	908.406	725.04	1893.535	1610.036	1338.808	439.377	1861.777	2016.607	973.713	626.438	987.724
6	998.136	464.302	1227.929	1605.186	1703.709	0.0	1588.951	1751.992	1718.943	236.8	1720.762	1348.668	1770.909	365.524	1164.336	1313.009	2043.473	192.681	1274.904	1268.32	1785.837	245.8	1365.257	1444.308	1752.445	417.791	1534.515	1336.194	1781.607	261.857	1440.828	1546.88	1998.173	435.593	1647.592	1496.657	2168.77	418.906	1607.53	1480.236	1837.705	351.41	1891.182	1293.23	1695.811	1043.768
7	1279.123	1981.351	590.22	2240.114	1647.206	1477.228	0.0	2314.953	1063.991	1508.904	258.926	1884.965	1367.876	1659.573	521.815	1902.226	1391.618	1634.153	464.509	1715.809	1238.582	1404.288	481.691	2011.028	1171.903	1540.924	412.327	2279.41	1260.672	1576.595	393.686	2047.325	1155.457	1865.339	312.499	1818.919	1288.683	1318.755	223.171	2129.413	1528.247	1637.139	556.865	2004.856	1074.613	1216.014
8	1177.752	1875.099	2079.739	300.062	1265.143	1516.649	2155.911	0.0	1716.004	1522.85	2265.722	416.719	1250.131	1799.55	2083.263	451.196	1557.043	1727.885	1764.163	661.596	1471.314	1693.816	2155.661	472.252	1624.743	1322.644	2294.881	429.079	1358.642	1693.493	2431.277	215.345	1730.848	1630.903	2509.073	540.338	1830.018	1977.296	2141.698	398.544	1573.372	1431.398	2554.969	510.022	1444.916	1286.274
9	1026.262	2149.359	1531.854	1601.608	656.343	1890.124	1077.574	1600.75	0.0	1626.03	1098.434	1556.578	463.097	1885.645	1162.571	1592.689	407.537	1816.302	1027.777	1175.008	341.818	1783.419	1276.686	1404.871	315.719	1536.701	1301.579	1665.493	395.941	1768.755	1344.505	1645.7	346.617	1943.254	1242.149	1145.779	437.311	1880.41	1058.308	1531.7	477.696	1971.223	1403.089	1354.383	237.374	999.14
10	850.368	542.76	1293.198	1407.127	1754.831	242.416	1417.27	1541.807	1771.335	0.0	1540.17	1377.75	1815.309	390.131	1213.401	1334.852	1801.468	259.724	1319.213	1093.911	1571.717	211.194	1432.069	1258.806	1806.838	386.597	1379.564	1369.263	1830.488	292.726	1518.067	1584.768	1762.935	415.509	1726.012	1521.179	1921.975	481.837	1678.074	1293.568	1897.934	367.686	1702.174	1319.253	1744.38	894.642
11	1200.311	1875.797	703.291	2409.794	1491.776	1642.841	264.925	2131.39	1111.776	1674.376	0.0	2041.115	1443.799	1573.012	544.126	2058.678	1447.626	1555.859	542.336	1855.417	1117.747	1564.319	586.846	1857.145	1228.629	1703.761	431.895	2112.001	1324.58	1748.476	400.551	2207.045	1188.232	1761.714	276.019	1956.068	1133.608	1478.623	215.316	1963.641	1371.001	1810.019	570.944	1853.625	1126.059	1146.39
12	1036.333	1506.4	2010.03	372.27	1108.134	1399.668	2104.336	364.826	1466.428	1394.087	2214.651	0.0	1259.09	1678.484	1709.821	260.512	1587.72	1362.951	1698.682	505.914	1238.157	1328.383	2088.827	281.991	1399.836	1185.807	2230.327	285.519	1367.556	1568.365	2030.43	336.993	1745.391	1284.551	2116.518	486.233	1856.242	1586.239	2099.333	257.393	1377.28	1310.403	2522.073	316.763	1437.922	983.712
13	1029.165	1921.472	1595.789	1421.337	351.451	1707.156	1418.331	1391.952	475.074	1712.556	1460.523	1169.511	0.0	2004.773	1244.006	1212.863	455.376	1917.71	1141.596	1028.485	416.084	1607.869	1585.674	1228.308	374.005	1583.13	1638.839	1272.313	302.873	1877.688	1705.801	1223.979	649.374	2008.885	1405.661	946.399	700.141	1743.603	1401.804	1360.814	357.532	1747.817	1789.891	1160.191	456.079	1031.021
14	1133.852	430.706	1211.071	1710.334	2100.935	327.855	1601.229	1864.333	1792.909	399.966	1735.738	1697.486	1865.445	0.0	1392.085	1424.066	2129.112	338.019	1316.745	1396.537	1887.111	394.545	1355.45	1569.036	2139.44	565.749	1525.986	1677.083	1867.74	275.001	1674.858	1646.363	2069.77	465.075	1646.495	1614.196	2243.855	417.831	1615.578	1594.967	2241.862	443.007	1864.545	1641.201	1774.485	1176.405
15	982.155	1593.918	434.822	1930.337	1517.312	1327.838	469.244	2011.7	1203.443	1155.157	557.506	1882.24	1260.092	1297.528	0.0	1606.039	1351.598	1258.887	363.697	1431.208	1144.937	1250.875	410.583	1707.362	1315.315	1191.171	475.192	1948.686	1184.94	1217.152	557.291	2067.547	1173.21	1483.751	684.52	1560.864	1315.56	1173.282	510.05	1816.058	1468.27	1284.652	792.947	1708.43	1196.173	920.083
16	877.053	1514.712	2054.258	403.953	1189.451	1392.746	1854.867	474.236	1539.203	1182.007	1962.178	266.765	1332.161	1442.016	1751.413	0.0	1441.859	1362.236	1739.515	412.956	1300.949	1319.275	1829.553	243.739	1478.251	1162.09	1965.405	330.556	1442.665	1341.198	2096.941	449.372	1570.915	1282.686	2189.486	458.802	1681.656	1595.601	2163.007	270.267	1466.883	1296.902	2234.454	341.91	1506.396	982.461
17	1137.73	2254.426	1739.234	1536.404	521.891	2019.804	1474.125	1519.22	427.829	2031.443	1285.579	1515.0	466.048	2001.365	1368.216	1569.082	0.0	1939.448	1248.592	1379.05	463.386	1913.033	1704.282	1374.422	310.598	1911.149	1486.16	1622.288	359.786	1883.427	1535.116	1571.489	473.052	2039.196	1435.176	1288.851	403.682	2027.075	1446.597	1489.462	251.844	2082.848	1564.317	1321.151	455.181	1131.195
18	1042.224	473.573	1239.36	1678.516	1767.269	207.63	1615.654	1567.772	1773.227	272.342	1497.756	1415.149	1831.843	345.76	1185.124	1378.583	2106.368	0.0	1301.687	1329.684	1579.271	272.116	1380.933	1294.726	1810.243	462.247	1553.338	1403.224	1840.55	234.893	1464.038	1618.22	2055.295	400.365	1678.031	1563.298	1908.374	397.127	1635.747	1550.367	1900.118	390.197	1918.34	1356.82	1749.625	930.817
19	978.851	1520.687	624.796	1970.194	1232.987	1274.904	499.64	2037.912	934.695	1288.652	568.059	1636.787	1184.228	1468.031	318.914	1639.925	1263.224	1207.965	0.0	1438.035	1041.721	1195.358	581.358	1727.209	1038.193	1299.652	615.06	1703.831	1101.677	1373.049	578.041	1798.12	1076.524	1634.993	615.054	1557.749	1219.184	1162.288	536.348	1851.19	1178.079	1418.694	891.132	1468.451	928.394	906.05
20	689.206	1566.23	1646.188	678.61	1047.844	1179.141	1715.809	710.403	1160.197	1164.638	1813.407	453.174	991.899	1447.423	1591.551	423.5	1301.864	1344.91	1336.923	0.0	1116.649	1100.441	1710.756	412.5	1116.618	979.209	1835.317	634.886	1083.942	1333.202	1957.349	588.93	1422.631	1323.012	1741.894	408.251	1534.022	1332.28	1716.702	553.663	1316.227	1129.718	2116.505	383.39	1127.945	787.215
21	911.537	2071.781	1341.327	1476.655	565.917	1545.948	1153.489	1471.314	366.429	1552.393	1188.193	1414.274	373.69	1821.536	1185.666	1237.745	474.923	1740.559	901.788	1039.932	0.0	1697.886	1322.654	1268.267	368.854	1449.939	1364.41	1527.859	305.612	1701.529	1421.494	1287.717	517.762	1857.092	1348.39	1015.107	604.851	1823.016	1141.59	1400.857	502.177	1606.202	1510.769	1212.228	272.834	889.85
22	850.021	586.241	1289.371	1445.79	1775.817	270.278	1422.215	1580.052	1783.419	193.869	1545.547	1410.046	1567.334	414.953	1208.393	1365.118	1822.296	278.726	1314.398	1114.489	1583.849	0.0	1225.633	1287.784	1822.106	344.624	1382.775	1405.386	1844.993	311.943	1522.053	1621.034	1780.888	459.146	1731.608	1325.904	1941.478	482.27	1438.197	1327.746	1917.776	409.701	1714.471	1346.284	1755.31	891.492
23	1175.804	1621.638	318.622	2087.466	1709.525	1397.635	452.438	2182.495	1390.773	1432.069	539.809	2064.349	1680.814	1322.119	431.285	2066.133	1511.345	1316.952	595.145	1606.864	1339.119	1335.157	0.0	1881.871	1501.164	1509.251	279.624	2119.796	1585.712	1260.105	379.749	2255.287	1313.957	1544.453	614.286	2030.186	1456.159	1191.827	559.75	1979.256	1647.109	1585.797	610.8	1894.163	1392.828	1125.699
24	826.29	1507.259	1970.205	477.261	1075.021	1378.905	2057.615	444.253	1421.934	1368.494	1857.145	259.894	1214.244	1421.939	1666.385	255.726	1547.669	1344.952	1648.996	422.056	1193.073	1303.425	2045.852	0.0	1359.377	1158.838	1870.216	368.828	1323.43	1546.37	1996.175	414.152	1702.239	1280.414	2078.332	437.674	1556.119	1564.835	2055.713	298.634	1344.481	1296.558	2483.42	256.074	1390.716	925.173
25	1150.657	2048.76	1550.041	1679.578	502.33	1818.714	1308.288	1422.417	297.434	1828.263	1333.087	1399.836	402.652	2115.491	1194.829	1443.605	325.507	1743.472	1077.453	1246.569	322.922	1716.579	1518.965	1474.951	0.0	1718.071	1549.93	1502.352	260.866	1987.693	1371.467	1469.753	431.634	1845.31	1285.57	1187.082	484.936	1822.763	1287.297	1611.842	320.622	1883.625	1663.519	1211.226	308.374	968.964
26	814.441	601.874	1302.828	1336.563	1770.359	402.751	1597.761	1472.691	1576.443	364.714	1723.495	1101.442	1583.13	608.004	1175.964	1058.022	1867.382	483.915	1252.864	1015.327	1614.428	353.537	1423.821	1172.26	1595.836	0.0	1585.299	1092.701	1610.949	509.537	1729.924	1291.739	1856.567	493.564	1655.014	1243.536	2016.739	624.218	1614.559	1209.668	1667.92	352.693	1935.258	1235.125	1549.701	879.402
27	1317.773	1844.87	402.392	2285.913	1813.649	1376.378	397.832	2377.497	1237.567	1414.343	476.574	2255.576	1524.943	1525.986	509.821	1940.94	1581.021	1518.562	551.676	1770.794	1413.529	1314.769	286.674	2063.687	1567.476	1475.124	0.0	2320.379	1427.354	1457.847	276.18	2101.62	1356.885	1758.354	453.0	1896.165	1499.725	1391.044	415.514	2172.032	1723.669	1547.721	534.525	2070.201	1245.423	1261.156
28	1046.976	1616.17	1933.154	293.768	1337.045	1523.83	2049.768	414.34	1724.046	1303.538	2163.935	314.311	1288.765	1563.168	1948.686	303.118	1602.584	1490.562	1943.092	570.924	1475.376	1454.794	2018.046	377.897	1653.849	1106.831	2162.768	0.0	1386.29	1464.559	2302.203	410.352	1744.545	1381.638	2402.961	572.807	1857.627	1741.936	2040.772	227.568	1630.488	1206.332	2439.717	473.461	1692.63	1159.054
29	999.885	2136.07	1666.989	1443.616	453.002	1889.802	1229.286	1428.02	382.645	1620.891	1262.49	1400.377	332.663	1891.283	1292.197	1442.665	330.614	1818.725	1168.581	1056.956	321.218	1783.034	1404.142	1261.394	267.127	1769.403	1445.346	1511.774	0.0	1772.405	1501.579	1467.776	474.316	1919.306	1420.925	995.993	524.445	1910.885	1415.698	1384.615	332.268	1948.027	1563.875	1204.33	371.644	990.865
30	957.214	459.768	1273.366	1511.307	1856.942	258.824	1670.07	1652.356	1856.826	330.095	1552.751	1496.531	1921.696	258.501	1232.117	1459.539	1883.427	216.279	1357.145	1412.246	1660.196	327.475	1420.97	1373.269	1896.654	521.479	1370.376	1482.566	1928.794	0.0	1510.165	1704.725	2143.562	417.46	1734.182	1651.076	1994.802	381.809	1690.963	1402.453	1990.34	426.567	1686.65	1437.914	1833.046	997.136
31	1460.212	1764.652	518.234	2482.798	1658.68	1552.616	389.229	2205.985	1312.62	1591.819	385.592	2108.191	1629.422	1713.213	524.637	2122.104	1667.236	1464.038	622.889	1935.191	1289.772	1485.957	398.199	1921.629	1423.991	1652.464	282.505	2167.309	1519.598	1640.138	0.0	2287.856	1418.901	1678.265	408.675	2060.241	1338.03	1354.868	389.828	2362.894	1563.805	1733.264	475.903	1930.183	1323.876	1199.207
32	1172.257	1641.868	2127.46	318.293	1097.595	1546.88	2202.165	248.761	1496.655	1548.056	2311.727	324.714	1269.688	1835.52	1812.961	423.644	1589.905	1501.708	1798.12	633.471	1487.535	1474.224	2203.041	433.795	1416.2	1339.979	2343.083	359.823	1383.743	1724.702	2123.13	0.0	1768.586	1660.772	2200.5	514.539	1870.162	1726.242	2191.511	376.566	1373.475	1459.376	2618.538	402.025	1471.983	1283.05
33	1265.547	2433.029	1447.722	1861.784	818.705	1857.676	1155.457	1858.534	342.248	1876.917	1161.329	1563.439	626.274	2145.187	1304.648	1611.024	446.575	2078.829	1000.831	1422.631	555.958	1758.44	1398.911	1663.698	386.638	1790.523	1406.326	1939.992	486.426	2023.587	1435.148	1644.233	0.0	2220.978	1108.168	1379.449	283.347	1825.411	1125.374	1794.437	555.969	1942.765	1458.272	1611.868	395.225	1235.768
34	1078.31	390.445	1387.735	1474.726	2012.734	377.08	1737.186	1630.903	2083.169	410.401	1872.747	1467.268	1804.206	448.914	1536.533	1220.37	2089.965	441.253	1415.367	1232.118	1857.092	492.205	1525.464	1361.112	2107.789	443.276	1697.253	1430.787	1826.06	427.853	1849.662	1437.683	2068.391	0.0	2077.594	1445.476	2237.149	678.071	1747.645	1366.95	2190.202	261.02	2033.939	1442.452	1759.026	1145.062
35	1363.03	2051.163	783.529	2265.914	1650.679	1811.667	316.488	2340.553	1242.149	1584.425	272.707	2246.632	1370.224	1731.659	661.273	2265.568	1367.104	1718.793	676.304	1764.131	1257.827	1731.608	563.895	2053.392	1364.601	1613.291	476.431	2321.351	1470.301	1651.928	418.602	2419.637	1122.315	1938.054	0.0	1849.023	1243.859	1628.458	257.438	2165.632	1511.585	1990.895	428.261	2049.252	1261.27	1307.318
36	823.014	1698.62	1974.009	579.381	866.318	1532.151	1708.458	547.064	1248.168	1521.179	1799.284	480.535	1003.182	1574.503	1639.563	518.13	1142.943	1490.867	1594.691	383.459	1027.743	1444.388	2030.186	402.594	1173.171	1318.148	1849.538	601.688	1124.786	1464.161	1964.786	526.742	1295.677	1463.469	2014.255	0.0	1386.047	1692.616	1992.015	518.707	1146.216	1478.277	2085.322	321.67	1216.108	907.36
37	1226.151	2306.745	1637.069	2016.3	753.166	2070.561	1318.537	1721.519	442.623	2089.45	1133.608	1710.79	692.124	2033.493	1283.987	1764.36	454.567	1982.406	1163.976	1569.559	568.99	1965.059	1583.044	1556.119	446.937	1993.646	1359.125	1813.044	550.237	2246.247	1389.936	1785.476	289.911	2104.512	1258.966	1506.823	0.0	2040.895	1283.337	1670.517	493.99	2156.955	1626.007	1511.613	498.675	1207.011
38	1131.241	592.483	1058.602	1874.836	1823.692	434.747	1472.231	1731.067	1771.506	487.551	1604.336	1586.239	1877.155	413.154	1065.805	1558.204	2124.375	382.479	1206.241	1487.329	1595.999	454.34	1205.96	1697.878	1822.763	672.031	1375.473	1582.37	1866.099	400.136	1304.894	1791.52	2037.851	593.632	1534.146	1712.686	2214.412	0.0	1493.398	1746.967	1924.214	618.239	1731.249	1507.885	1752.582	985.787
39	1343.527	1766.681	640.3	2310.811	1685.506	1549.659	231.403	2384.664	1085.678	1583.089	217.81	1949.973	1401.804	1736.243	503.539	1969.305	1413.469	1712.423	517.039	1780.023	1271.098	1475.391	528.066	2079.524	1195.711	1614.559	446.548	2014.719	1288.919	1652.238	408.101	2112.616	1166.884	1945.908	264.096	1879.259	1298.202	1387.149	0.0	2200.102	1330.468	1711.999	526.564	2072.066	1099.178	1280.248
40	1029.56	1657.304	1947.004	319.102	1308.835	1327.692	2054.551	412.892	1456.371	1326.179	2166.776	260.307	1266.24	1594.967	1948.402	266.902	1584.534	1515.657	1660.419	534.199	1451.288	1262.447	2029.154	329.527	1630.089	1125.598	2172.032	244.152	1367.38	1491.971	2309.993	337.76	1731.351	1416.16	2059.126	531.784	1843.329	1766.744	2047.199	0.0	1607.488	1235.345	2453.743	424.303	1430.637	1141.48
41	1170.378	2341.917	1589.252	1545.654	466.724	2095.766	1374.282	1519.325	494.49	1806.834	1404.714	1516.166	362.155	2089.585	1468.27	1345.126	248.785	2018.382	1343.512	1183.622	484.927	1985.198	1568.048	1377.542	352.954	1689.488	1606.589	1630.488	304.688	1966.166	1661.137	1566.346	499.957	2114.966	1564.727	1091.198	506.137	2118.253	1347.673	1498.3	0.0	1842.206	1703.453	1317.507	509.726	1168.015
42	938.445	469.884	1496.682	1359.445	1839.7	372.751	1596.38	1504.491	1905.025	325.585	1725.174	1341.852	1919.733	448.591	1400.935	1296.902	1913.969	385.57	1504.85	1101.592	1688.221	395.943	1404.218	1235.782	1928.832	387.385	1567.23	1315.526	1948.027	391.98	1712.711	1548.002	1894.398	274.348	1924.036	1309.009	2055.848	633.076	1880.393	1250.917	2008.957	0.0	1892.081	1308.856	1876.943	1001.355
43	1520.766	2072.543	794.052	2402.56	1856.8	1869.276	589.881	2492.905	1472.952	1919.473	507.032	2406.558	1831.841	1752.672	802.696	2431.611	1564.317	1766.321	880.81	2241.99	1474.07	1799.839	688.774	2205.425	1587.327	1980.615	502.453	2469.713	1701.864	1686.65	438.19	2588.207	1544.73	1984.531	449.586	2351.533	1443.991	1651.955	538.905	2306.518	1724.397	2059.029	0.0	2213.684	1496.049	1474.766
44	923.338	1534.774	1918.219	536.348	973.713	1393.567	1982.159	462.761	1322.263	1383.346	1784.403	328.894	1108.243	1678.785	1608.327	346.013	1434.857	1356.82	1582.382	379.05	1099.898	1314.356	1986.187	246.511	1257.613	1179.82	2117.61	445.719	1218.781	1561.669	1930.183	433.217	1593.62	1308.788	2000.653	337.297	1455.163	1565.634	1979.287	434.02	1240.309	1324.562	2404.206	0.0	1291.281	881.581
45	1049.934	1929.433	1393.808	1673.848	581.335	1695.811	1155.886	1669.127	215.876	1703.969	1179.469	1385.528	473.111	1978.362	1048.883	1420.152	460.516	1623.652	928.394	1213.252	315.171	1596.339	1360.562	1456.679	297.138	1607.574	1388.514	1484.209	350.367	1854.527	1228.557	1471.983	425.116	2031.978	1147.041	1187.935	522.327	1688.722	1140.226	1595.008	446.961	1769.484	1513.581	1198.309	0.0	1019.212
60	262.153	1342.68	1063.241	1226.667	1088.597	903.561	1132.471	1286.274	1071.078	883.642	1218.641	1123.636	925.974	1135.526	952.813	934.73	1159.357	1025.879	784.342	733.131	889.85	955.68	1111.858	983.483	1106.791	789.802	1217.332	1200.285	942.726	1021.96	1321.679	1110.7	1150.868	1145.062	1401.445	896.204	1283.083	1126.007	1149.808	1101.815	1209.565	952.706	1511.482	971.615	882.303	0.0

[*,*,7]:	1	2	3	4	5	6	7	8	9	10	11	12	13	14	15	16	17	18	19	20	21	22	23	24	25	26	27	28	29	30	31	32	33	34	35	36	37	38	39	40	41	42	43	44	45	60:=
1	0.0	1044.561	1060.485	1066.79	871.993	826.277	1136.999	1122.267	901.017	803.523	1218.707	827.328	883.025	1043.721	830.613	799.012	1114.599	801.977	810.312	612.627	868.593	746.285	1111.031	838.954	918.596	698.791	1213.023	885.431	910.914	937.753	1123.612	970.418	1124.93	1027.51	1196.686	777.675	1244.943	903.096	1152.748	947.72	989.794	854.941	1489.848	710.496	869.156	249.803
2	1137.905	0.0	1290.105	1517.4	2002.45	417.982	1642.911	1666.755	1753.818	476.664	1769.878	1305.266	1796.319	369.847	1466.049	1282.55	2052.613	462.874	1368.978	1298.698	1841.583	478.357	1424.158	1422.149	1775.21	562.672	1584.19	1486.515	1808.67	418.61	1724.787	1478.069	2017.437	347.062	1673.692	1491.766	2176.492	513.375	1651.61	1423.127	2154.041	397.864	1887.012	1500.102	1736.946	1193.493
3	1073.366	1402.521	0.0	1922.343	1634.229	1025.208	531.171	2013.856	1361.648	1057.373	617.821	1893.895	1383.599	1130.785	436.488	1619.289	1474.357	1127.779	521.647	1481.493	1298.836	1146.108	260.518	1730.771	1460.484	1129.592	375.716	1940.561	1314.02	1079.438	471.577	1776.233	1302.883	1343.773	696.47	1614.033	1438.12	997.438	555.16	1817.931	1595.341	1179.775	673.122	1745.52	1163.701	1029.559
4	1005.007	1535.393	2085.781	0.0	1176.395	1459.886	1873.156	269.962	1547.704	1250.78	1974.193	327.117	1144.966	1483.81	1800.242	404.33	1418.672	1424.452	1791.854	567.446	1328.525	1397.13	1855.526	390.99	1475.863	1076.676	1983.156	273.969	1444.964	1395.498	2106.995	289.482	1556.802	1326.789	2189.653	515.005	1651.828	1647.438	1861.487	276.839	1441.484	1360.715	2218.456	455.165	1522.333	1103.614
5	894.545	1889.104	1653.158	1092.699	0.0	1690.654	1281.851	1059.442	590.334	1692.468	1326.023	1060.455	308.904	1696.429	1317.111	1108.039	446.792	1630.309	1223.539	815.429	473.904	1597.221	1648.772	955.574	480.716	1556.037	1464.456	1160.629	421.996	1589.732	1530.136	1089.184	637.113	1685.481	1484.669	835.531	669.481	1745.226	1481.456	1056.837	405.143	1713.783	1589.611	898.252	576.88	911.601
6	785.64	428.519	1131.264	1476.413	1573.157	0.0	1462.056	1382.998	1585.009	217.977	1356.408	1244.149	1630.81	287.707	1074.602	1209.646	1879.54	177.916	1175.048	1167.031	1409.715	226.648	1256.732	1138.49	1616.634	384.739	1207.828	1233.216	1641.355	240.85	1330.42	1425.722	1838.596	343.851	1519.218	1377.687	1709.554	386.442	1480.357	1165.105	1696.076	323.746	1739.465	1194.132	1562.988	823.937
7	1176.971	1564.051	544.232	2062.046	1298.427	1362.746	0.0	1822.118	981.991	1390.119	238.154	1740.524	1260.738	1527.038	411.914	1754.012	1280.997	1288.138	428.511	1580.069	974.898	1296.061	443.771	1849.697	1082.102	1420.232	379.399	1799.335	1162.446	1451.271	310.327	1888.662	1064.048	1468.223	288.415	1675.729	1185.301	1217.701	205.691	1959.356	1206.377	1509.579	512.599	1580.347	991.333	957.134
8	1084.579	1475.905	1919.456	276.441	1163.65	1400.431	1987.051	0.0	1354.591	1404.195	2085.618	328.483	1153.248	1657.185	1639.752	416.423	1434.469	1589.269	1628.978	609.777	1353.813	1337.075	1987.7	434.713	1280.72	1220.142	2113.33	337.732	1253.934	1560.177	2236.232	198.844	1595.281	1500.657	1980.628	498.237	1684.549	1558.623	1975.721	367.015	1238.413	1321.082	2353.836	469.106	1334.195	1183.551
9	945.88	1977.709	1209.225	1476.817	604.17	1489.909	994.064	1474.113	0.0	1500.714	1011.963	1431.704	427.611	1737.953	1069.727	1257.247	375.783	1671.923	810.155	1083.948	314.777	1403.743	1178.294	1294.276	290.391	1418.946	1199.634	1532.485	312.551	1630.941	1237.63	1297.239	319.755	1789.521	977.705	1057.476	402.885	1729.557	977.212	1411.731	439.547	1556.057	1293.766	1246.722	187.112	920.097
10	784.467	499.821	1017.886	1298.682	1616.686	222.969	1308.667	1421.046	1629.874	0.0	1420.166	1268.232	1430.935	359.897	1117.407	1050.673	1662.632	239.277	1213.381	1010.086	1448.614	194.327	1130.456	1160.725	1663.212	304.739	1272.651	1260.939	1440.792	270.166	1398.561	1457.633	1627.844	382.965	1588.171	1200.798	1772.222	443.536	1322.759	1193.319	1747.787	289.409	1570.99	1215.398	1604.44	824.57
11	1108.333	1728.877	647.125	1902.258	1375.543	1512.25	208.829	1966.212	1023.822	1317.914	0.0	1880.433	1327.973	1452.475	501.507	1894.27	1142.737	1434.632	499.225	1462.551	1031.124	1440.564	461.911	1714.017	1131.908	1567.08	398.8	1946.58	1218.797	1380.223	369.341	2031.606	936.636	1625.186	254.183	1539.636	1046.242	1362.222	198.042	1813.17	1263.618	1665.469	450.695	1709.198	1036.548	1057.547
12	816.9	1389.658	1851.014	293.016	1022.731	1289.483	1935.52	336.87	1351.571	1282.754	1748.215	0.0	1159.005	1323.082	1577.314	239.903	1249.707	1257.911	1564.958	465.328	1143.279	1224.338	1922.011	222.599	1290.766	1091.547	1758.078	263.392	1259.367	1234.472	1873.948	310.464	1605.371	1186.118	1950.744	447.402	1465.292	1462.645	1932.456	202.893	1270.544	1206.735	1985.143	292.35	1324.725	908.331
13	946.602	1774.233	1470.8	1307.827	277.431	1574.141	1305.587	1097.22	438.256	1577.073	1149.589	1079.378	0.0	1843.944	1148.68	1117.866	419.009	1513.814	1052.647	946.73	327.982	1483.263	1460.229	966.811	345.181	1458.502	1507.367	1174.818	279.15	1727.734	1346.536	1128.612	597.755	1583.524	1296.725	871.528	551.086	1609.226	1291.451	1251.645	330.135	1610.92	1646.948	915.839	420.543	812.713
14	1043.721	339.508	1117.216	1575.028	1653.662	302.588	1475.176	1714.771	1655.521	368.639	1597.12	1339.972	1720.097	0.0	1097.325	1313.704	1960.675	266.058	1215.266	1286.599	1735.722	364.312	1249.285	1443.731	1688.845	521.668	1404.684	1321.977	1722.994	253.245	1318.293	1519.48	1906.832	427.765	1520.327	1487.766	2064.658	329.83	1489.698	1468.182	1767.17	408.675	1717.039	1291.802	1637.728	1082.03
15	904.838	1466.049	401.503	1779.145	1396.138	1048.177	432.682	1851.789	948.626	1065.635	513.401	1481.526	1162.979	1195.384	0.0	1482.971	1245.735	1158.351	287.098	1319.694	1053.925	986.015	378.764	1572.291	1035.295	1099.369	437.784	1792.356	1094.14	1121.819	512.785	1632.094	1081.798	1365.807	539.58	1439.9	1211.485	923.499	470.741	1673.094	1350.481	1186.211	730.84	1571.993	944.242	846.945
16	808.716	1394.307	1619.289	372.647	1095.352	1096.241	1711.915	436.903	1415.724	1091.432	1808.492	245.461	1051.59	1329.66	1612.192	0.0	1330.119	1254.468	1369.186	381.13	1198.535	1213.439	1689.357	224.649	1360.197	917.338	1812.269	304.28	1137.195	1237.258	1931.049	353.704	1449.847	1181.71	2013.838	423.645	1549.942	1468.174	1707.449	249.209	1350.28	1022.296	2061.289	314.861	1185.696	905.119
17	1050.047	2076.952	1599.707	1418.672	481.014	1858.5	1163.654	1400.849	393.821	1601.305	1185.949	1395.147	366.83	1847.123	1260.507	1443.206	0.0	1787.542	1148.878	1088.603	427.281	1760.965	1343.417	1267.908	286.026	1504.28	1371.624	1494.578	330.923	1739.103	1414.879	1445.989	373.421	1880.31	1321.093	1015.95	372.398	1866.711	1138.628	1374.671	232.018	1915.756	1444.446	1217.673	418.83	1043.056
18	822.717	436.674	1140.842	1323.107	1630.309	191.204	1271.693	1446.946	1633.635	250.494	1382.986	1304.309	1685.55	272.938	1092.784	1268.999	1660.365	0.0	1198.709	1046.605	1457.559	250.694	1270.151	1195.513	1668.458	425.332	1226.184	1293.891	1694.244	185.157	1350.579	1490.201	1617.739	369.509	1545.932	1437.886	1762.138	366.023	1505.114	1223.839	1752.068	359.18	1512.151	1251.67	1611.21	859.08
19	770.461	1403.49	575.61	1812.139	1138.505	1175.048	459.738	1608.7	861.867	1186.216	447.778	1509.94	1090.542	1155.499	294.335	1510.826	1161.884	1115.401	0.0	1323.192	822.32	1102.221	535.145	1361.49	957.736	1196.835	484.118	1572.519	1014.95	1262.899	533.747	1657.283	990.552	1290.641	567.131	1433.922	961.034	1072.214	493.917	1457.086	1087.286	1307.011	819.642	1355.926	855.678	715.224
20	634.165	1236.361	1517.923	624.667	825.974	1087.761	1580.069	559.163	1070.783	1072.955	1667.93	418.448	914.209	1331.831	1256.349	390.502	1198.379	1060.138	1233.314	0.0	878.923	1015.631	1576.081	379.408	1031.053	902.513	1688.747	501.171	999.486	1227.225	1542.9	543.29	1310.085	1041.353	1607.649	376.113	1410.958	1230.189	1582.243	509.447	1039.012	1041.695	1948.263	302.211	1040.532	619.623
21	839.424	1630.715	1237.953	1360.41	520.517	1427.485	1063.143	1353.813	289.254	1431.436	1093.743	1114.816	344.73	1677.432	933.247	1142.354	437.536	1600.926	832.686	958.48	0.0	1340.288	1219.598	1167.452	290.753	1337.572	1256.47	1202.59	282.059	1567.58	1307.457	1189.042	477.209	1708.782	1064.401	936.014	556.771	1437.01	1053.12	1290.034	395.268	1482.414	1391.837	1114.979	251.927	818.786
22	783.444	539.424	1017.812	1333.139	1634.656	213.049	1311.996	1455.053	1403.743	178.928	1423.878	1296.928	1447.232	382.452	1111.889	1077.606	1680.31	256.57	1036.087	1028.119	1458.549	0.0	1131.175	1186.407	1675.931	318.216	1274.47	1293.15	1456.412	287.637	1401.064	1277.796	1642.873	422.823	1362.962	1223.718	1788.64	443.581	1327.99	1223.751	1764.621	323.413	1580.886	1239.267	1383.641	820.965
23	1084.682	1493.348	250.79	1926.588	1574.947	1285.512	417.769	2011.553	1279.705	1130.456	497.749	1900.253	1324.919	1219.658	397.166	1626.269	1394.867	1213.278	547.4	1483.733	1234.233	1228.53	0.0	1735.243	1381.836	1189.682	257.954	1952.097	1248.126	1162.991	349.855	2074.361	1213.271	1423.485	565.228	1602.601	1342.701	1097.088	441.229	1825.869	1516.804	1248.193	563.726	1745.05	1281.091	1037.529
24	762.973	1389.204	1812.862	376.743	991.259	1269.295	1621.936	409.825	1309.444	1077.153	1714.017	239.435	1116.833	1312.978	1535.867	235.304	1221.709	1240.159	1517.916	332.69	1100.613	1200.31	1610.306	0.0	1252.363	1065.872	1726.905	339.939	1217.739	1220.683	1840.641	381.23	1341.807	1181.185	1913.913	344.497	1436.191	1441.647	1890.797	275.75	1239.176	1193.013	1960.378	236.122	1280.168	853.475
25	907.017	1889.986	1427.416	1322.009	463.616	1675.54	1203.333	1313.419	274.138	1682.256	1052.321	1290.766	370.645	1667.557	1102.232	1329.4	256.209	1609.105	992.633	1146.566	298.177	1582.129	1397.658	1164.306	0.0	1581.5	1221.748	1385.923	240.229	1564.529	1265.77	1354.051	397.007	1703.907	1184.879	1092.28	382.802	1680.74	1184.969	1270.55	295.775	1734.609	1309.369	1117.878	284.098	894.714
26	749.104	555.754	1200.785	1229.823	1397.497	371.37	1470.754	1160.864	1454.272	335.861	1356.576	1016.555	1458.502	559.228	1085.852	975.153	1718.251	381.996	1155.246	934.618	1272.589	326.138	1311.181	922.695	1472.847	0.0	1458.122	1008.969	1484.773	468.845	1365.578	1191.092	1708.988	389.057	1526.755	1145.158	1587.391	576.111	1487.457	1112.625	1540.11	325.069	1780.706	974.991	1428.955	693.197
27	1213.023	1454.237	371.208	2105.072	1427.537	1270.302	366.513	2186.767	1142.734	1303.565	438.514	1780.521	1406.126	1404.684	401.872	1790.521	1455.945	1195.272	509.159	1631.393	1300.131	1214.021	264.22	1898.879	1237.345	1360.188	0.0	1829.062	1316.738	1342.515	217.384	1939.651	1250.067	1617.294	418.287	1747.649	1379.955	1098.072	383.139	1999.376	1358.699	1427.776	492.238	1629.471	1149.44	1159.983
28	964.555	1486.515	1785.02	270.758	1230.267	1202.891	1890.058	381.404	1358.996	1202.517	1992.744	247.396	1189.442	1440.111	1792.356	279.891	1477.063	1371.524	1533.851	526.44	1358.097	1146.756	1861.652	348.001	1301.758	1021.529	1992.51	0.0	1280.061	1349.849	2118.347	323.926	1608.617	1271.81	1894.158	528.416	1710.668	1371.092	1883.492	209.654	1499.685	1113.893	2248.628	435.65	1336.139	1066.92
29	921.978	1966.272	1314.02	1331.74	417.164	1487.478	1134.547	1315.602	351.948	1496.684	1163.607	1288.542	262.6	1743.921	1189.48	1137.195	304.993	1674.844	919.799	975.498	295.931	1639.993	1296.545	1162.596	245.794	1396.743	1332.731	1391.602	0.0	1635.048	1382.788	1155.298	437.761	1768.213	1306.934	919.672	483.368	1758.28	1117.533	1276.732	305.856	1535.551	1442.678	1109.054	292.524	912.862
30	883.443	423.574	1171.213	1395.498	1711.499	238.154	1318.33	1523.611	1709.226	260.201	1432.417	1378.139	1512.582	238.578	1135.122	1342.45	1739.103	199.339	1248.762	1114.808	1530.84	301.444	1120.094	1266.843	1746.608	410.46	1264.763	1365.855	1774.06	0.0	1391.882	1568.583	1692.099	384.933	1596.331	1301.477	1840.209	351.604	1330.97	1294.368	1833.656	392.346	1557.405	1325.291	1686.657	919.443
31	1152.671	1627.157	477.039	1957.09	1530.136	1429.787	306.365	2035.973	1209.287	1464.118	356.045	1943.069	1499.295	1352.387	483.759	1953.417	1314.216	1350.579	573.612	1523.203	1190.371	1368.979	366.254	1774.378	1312.458	1520.497	223.006	1998.44	1398.805	1292.855	0.0	2106.861	1116.828	1548.923	376.503	1894.962	1235.499	1248.749	358.696	1865.236	1441.96	1595.486	375.136	1780.599	1219.142	1106.786
32	922.692	1515.332	1959.981	292.759	1013.488	1425.722	2026.297	196.369	1380.042	1425.0	1822.242	299.549	1169.242	1444.752	1673.239	390.294	1462.358	1386.635	1657.283	582.882	1174.24	1359.358	2027.92	341.943	1306.447	1233.972	1844.259	332.092	1274.812	1586.341	1960.438	0.0	1627.345	1310.991	2029.046	473.638	1474.174	1592.462	2018.138	296.398	1267.624	1344.49	2408.471	371.218	1356.691	1012.822
33	1164.479	1920.6	1334.921	1713.79	645.352	1713.711	1064.048	1462.866	315.872	1729.162	1068.164	1443.635	577.222	1973.87	1029.871	1485.499	411.077	1638.658	923.269	1310.085	437.599	1622.92	1288.785	1530.231	357.01	1650.282	1294.015	1531.403	448.526	1862.731	1131.27	1516.808	0.0	1748.149	1022.763	1270.855	260.616	1685.532	1037.23	1651.131	438.874	1791.393	1342.353	1270.571	364.596	972.682
34	993.004	307.322	1280.784	1358.632	1851.266	348.185	1601.122	1500.657	1644.425	378.424	1723.881	1156.588	1664.384	413.4	1209.417	1126.317	1925.437	405.855	1306.91	1135.613	1708.782	388.54	1406.606	1252.916	1661.486	408.923	1562.982	1126.183	1685.328	394.171	1701.277	1327.516	1906.386	0.0	1640.025	1332.85	2059.317	534.496	1612.207	1258.809	1723.925	240.903	1873.822	1326.734	1624.234	1053.616
35	1256.272	1887.355	618.507	2089.363	1519.466	1428.065	291.961	2155.389	977.705	1462.316	251.239	2066.4	1265.226	1596.028	608.463	1788.409	1260.585	1582.165	533.103	1627.415	1158.319	1362.962	520.437	1891.744	1255.128	1489.667	439.115	2135.966	1160.635	1523.217	385.327	1907.303	1035.338	1784.733	0.0	1706.522	1145.939	1497.818	237.711	1996.011	1390.868	1571.585	394.893	1886.356	994.208	1203.895
36	759.232	1564.241	1553.757	534.729	798.119	1409.237	1577.542	504.215	1148.488	1200.798	1659.09	442.337	790.769	1452.483	1509.855	407.824	1054.858	1373.503	1466.76	354.075	947.246	1329.038	1602.601	371.225	1079.915	1039.043	1706.203	554.088	885.328	1351.321	1810.113	484.485	1196.391	1348.844	1853.394	0.0	1278.052	1558.069	1570.225	478.509	1055.538	1163.563	1924.609	296.347	1118.548	836.292
37	1132.193	2126.071	1506.331	1591.64	694.482	1905.971	1039.35	1588.105	407.606	1644.622	1046.242	1576.112	636.599	1877.67	1183.419	1623.457	358.829	1827.944	1071.451	1237.221	524.895	1809.601	1246.026	1436.191	411.753	1833.71	1254.978	1671.039	506.295	1773.157	1281.638	1643.547	228.525	1941.417	1159.368	1186.032	0.0	1880.231	1180.384	1542.508	455.299	1984.698	1283.548	1393.834	459.035	1113.47
38	891.712	546.567	974.854	1475.698	1683.142	400.523	1354.124	1598.418	1632.754	448.614	1266.441	1462.645	1727.939	325.673	983.208	1434.933	1672.112	353.002	1111.282	1368.011	1473.7	418.754	1109.65	1340.281	1680.74	618.611	1084.23	1459.74	1718.47	314.95	1204.327	1650.487	1874.368	548.143	1413.985	1575.909	1748.027	0.0	1374.687	1377.064	1775.092	569.329	1362.679	1391.674	1614.614	910.248
39	1235.746	1631.303	590.149	2126.267	1330.516	1428.916	213.008	1879.735	1001.541	1457.849	171.44	1799.692	1291.451	1596.956	464.953	1815.061	1300.588	1351.763	476.754	1638.528	1001.956	1361.052	486.29	1636.809	1103.559	1487.457	410.725	1860.335	1187.965	1520.289	322.149	1948.009	1074.128	1533.881	243.63	1730.589	1021.825	1280.243	0.0	2023.603	1228.517	1577.908	484.512	1635.661	1013.535	1009.168
40	947.72	1306.386	1796.116	293.858	1030.194	1225.369	1892.812	379.768	1344.772	1222.307	1993.735	205.483	1167.58	1468.182	1535.848	246.218	1459.179	1192.986	1532.453	492.145	1334.861	1165.708	1870.222	303.211	1286.77	1037.896	1999.376	192.456	1261.411	1373.94	1818.214	311.729	1595.055	1302.551	1901.338	490.132	1696.118	1394.644	1887.69	0.0	1267.118	1139.609	2259.624	333.972	1320.38	1049.907
41	1078.243	2154.041	1467.47	1424.592	429.451	1654.369	1267.203	1398.553	389.787	1666.808	1293.585	1193.386	334.244	1925.087	1350.481	1242.051	229.299	1857.192	1060.55	1091.399	446.38	1564.852	1446.528	1268.563	277.813	1559.281	1480.115	1499.685	281.341	1812.168	1528.477	1236.453	461.002	1946.847	1233.411	1006.633	466.096	1667.293	1243.809	1380.35	0.0	1701.04	1570.031	1212.289	402.371	1075.168
42	865.325	432.532	1179.775	1254.091	1694.16	293.395	1473.35	1386.053	1752.198	300.636	1590.051	1234.691	1515.411	413.639	1289.574	1022.296	1765.641	355.068	1184.479	1016.694	1555.32	364.179	1296.615	1138.99	1774.793	305.796	1445.117	1210.954	1535.551	361.603	1577.217	1218.444	1748.399	252.751	1769.684	1208.702	1894.825	582.518	1484.357	1153.45	1849.264	0.0	1745.449	1205.311	1477.356	922.526
43	1403.563	1909.388	730.351	2218.456	1711.368	1719.994	465.644	2298.668	1355.866	1513.044	467.738	2216.173	1441.856	1617.596	739.506	2236.54	1444.446	1627.975	810.467	1769.796	1359.216	1656.769	542.933	2034.51	1461.752	1558.957	463.73	2275.291	1565.335	1557.405	403.869	2381.51	1219.389	1829.904	413.848	1853.62	1332.085	1521.267	424.176	2128.758	1588.648	1893.848	0.0	2040.299	1376.573	1359.858
44	728.87	1415.19	1765.739	422.781	898.252	1283.32	1560.173	427.097	1218.171	1272.37	1647.667	303.134	1019.737	1325.21	1483.012	318.508	1131.04	1251.67	1457.198	298.353	1015.13	1210.887	1826.849	227.621	1159.112	1085.599	1671.613	410.99	1121.9	1231.001	1780.599	398.944	1254.351	1207.922	1843.157	310.238	1343.656	1443.007	1821.219	342.609	1143.669	1219.272	1895.139	0.0	1189.127	813.639
45	826.411	1780.735	1284.084	1539.567	536.788	1562.988	1063.575	1317.586	199.056	1568.52	929.728	1278.153	435.682	1557.184	968.047	1308.354	423.572	1499.234	855.678	1116.36	248.791	1471.958	1252.41	1148.242	274.11	1480.397	1092.91	1369.823	322.785	1705.751	1134.414	1356.691	391.166	1604.016	1057.669	1093.506	411.73	1557.85	1050.022	1255.443	412.515	1630.186	1392.157	1106.485	0.0	804.552
60	241.414	1056.834	981.298	1130.101	1001.267	834.322	1043.771	1183.551	845.495	814.792	1121.771	885.717	854.213	1045.693	749.966	862.692	1068.09	943.58	724.239	675.709	818.786	754.401	1025.227	905.305	872.439	728.594	1121.028	944.754	870.072	941.509	1215.65	1025.589	1060.727	1053.616	1106.282	826.375	1181.09	887.586	1060.7	1014.649	952.058	879.283	1392.494	893.669	814.693	0.0

[*,*,8]:	1	2	3	4	5	6	7	8	9	10	11	12	13	14	15	16	17	18	19	20	21	22	23	24	25	26	27	28	29	30	31	32	33	34	35	36	37	38	39	40	41	42	43	44	45	60:=
1	0.0	1016.78	1030.431	1034.869	849.207	803.207	1103.41	934.35	876.248	780.1	1013.194	804.951	857.638	866.448	808.522	776.368	1081.247	781.02	787.688	594.53	723.153	725.77	1078.644	697.479	893.749	678.7	1006.994	861.883	885.099	909.693	1094.251	943.324	1091.699	855.459	1163.789	755.006	1035.006	878.669	1119.606	786.752	963.469	830.712	1445.267	691.929	844.89	207.975
2	1104.29	0.0	1254.641	1473.167	1664.773	406.676	1595.677	1383.661	1707.173	463.155	1716.918	1271.157	1746.165	358.921	1220.568	1247.293	1992.779	384.819	1331.95	1261.361	1528.795	465.635	1383.797	1379.595	1728.821	546.962	1537.392	1237.607	1758.951	406.407	1433.932	1438.09	1959.436	288.115	1629.179	1449.489	2111.365	499.96	1605.497	1381.087	1793.36	386.927	1832.005	1247.137	1689.964	990.782
3	1042.506	1164.307	0.0	1867.864	1585.328	998.418	516.34	1954.365	1133.648	1028.306	599.812	1574.524	1346.175	1098.275	362.352	1576.223	1432.574	1094.033	508.015	1440.13	1260.467	954.199	253.357	1680.318	1214.199	1099.039	364.914	1610.962	1279.073	1048.847	457.466	1729.817	1266.506	1304.077	579.851	1569.663	1396.199	829.238	540.144	1765.666	1324.377	1148.398	654.046	1693.289	1133.292	999.145
4	976.947	1490.036	1736.529	0.0	1142.103	1213.703	1822.491	262.2	1284.83	1217.515	1918.244	317.329	1115.046	1442.382	1747.061	336.627	1379.673	1382.929	1489.69	552.097	1290.33	1159.831	1806.176	379.909	1431.701	1048.54	1927.787	265.876	1203.014	1357.136	2045.576	240.666	1514.693	1288.644	1817.746	501.308	1605.015	1598.142	1812.843	269.11	1398.901	1132.871	2157.472	441.897	1265.619	1071.885
5	870.349	1834.792	1372.374	1063.638	0.0	1640.065	1248.354	1029.863	572.895	1409.075	1289.571	1029.542	256.813	1650.544	1279.244	919.842	434.909	1584.106	1186.927	794.121	460.672	1550.038	1372.695	929.306	466.703	1293.639	1424.845	1127.261	350.321	1547.452	1486.772	1056.593	620.465	1638.423	1440.81	695.626	651.077	1694.352	1231.635	1028.251	393.495	1422.702	1547.334	872.796	559.618	886.149
6	765.11	416.555	1097.845	1229.197	1529.911	0.0	1215.506	1345.591	1539.44	180.954	1320.333	1208.89	1582.012	280.188	1044.599	1173.912	1564.822	173.025	1140.795	970.232	1371.585	220.132	1043.28	1108.211	1570.819	373.227	1176.266	1198.784	1592.867	200.521	1293.847	1384.162	1528.55	334.551	1475.54	1143.69	1664.087	375.49	1436.061	1134.659	1648.721	314.183	1448.202	1161.306	1517.427	801.651
7	978.496	1521.746	528.586	1711.813	1263.894	1324.126	0.0	1774.503	954.573	1349.054	198.277	1692.677	1223.988	1269.53	400.772	1703.584	1063.423	1253.879	416.367	1532.789	949.422	1259.875	430.661	1539.976	1052.355	1378.832	315.42	1750.666	1129.025	1204.777	302.074	1835.137	1032.208	1429.856	280.362	1626.227	986.829	1184.227	199.695	1628.946	1173.747	1466.179	425.536	1538.317	963.238	932.123
8	1052.125	1437.337	1865.865	268.274	968.804	1361.934	1929.128	0.0	1317.951	1363.825	1731.381	319.747	1120.565	1607.598	1596.903	404.796	1392.093	1323.155	1584.198	592.002	1125.517	1300.91	1930.554	360.878	1246.658	1185.563	2050.094	328.906	1218.924	1514.088	1861.789	193.378	1548.778	1247.598	1927.056	483.912	1398.433	1517.171	1919.729	356.033	1206.052	1284.197	2284.301	390.557	1297.518	983.966
9	918.308	1644.204	1176.517	1434.358	501.553	1450.284	965.892	1430.004	0.0	1458.814	982.069	1191.974	415.856	1687.292	889.337	1223.241	364.979	1387.951	788.609	1053.229	305.358	1367.061	1145.396	1256.042	241.767	1379.94	1164.665	1274.059	304.097	1584.051	1027.421	1262.738	310.694	1735.974	952.156	1027.951	390.983	1439.953	950.349	1370.579	365.425	1513.968	1256.57	1034.97	182.136	892.565
10	762.235	484.865	991.287	1262.423	1568.928	185.634	1272.692	1379.622	1355.025	0.0	1379.336	1052.826	1392.879	349.697	1083.971	1023.217	1616.211	232.209	1010.208	982.319	1406.386	161.558	1099.879	1127.354	1380.72	296.634	1236.584	1223.208	1403.142	262.623	1357.246	1213.561	1583.095	371.801	1320.354	1168.319	1721.271	368.202	1287.579	1159.5	1695.488	281.846	1527.128	1179.494	1335.786	800.533
11	1077.866	1678.48	537.999	1850.806	1335.996	1255.399	203.276	1910.49	993.186	1283.475	0.0	1824.883	1105.612	1412.547	486.888	1574.835	1111.827	1393.387	414.433	1423.653	1001.902	1397.458	449.841	1666.162	1098.47	1304.682	387.837	1889.837	1013.269	1342.891	358.723	1686.543	911.726	1579.128	246.577	1499.403	1017.031	1321.981	164.881	1763.327	1226.784	1384.617	438.504	1660.059	860.493	1027.576
12	795.174	1350.275	1795.627	285.359	994.177	1251.39	1611.429	327.609	1312.173	1066.44	1700.929	0.0	962.151	1287.894	1532.613	232.724	1217.05	1222.79	1518.728	387.411	1111.851	1188.649	1597.899	216.579	1253.657	906.151	1711.32	255.927	1221.683	1202.213	1821.627	301.293	1336.561	1153.512	1893.879	371.956	1425.658	1420.594	1604.233	197.497	1234.537	1170.627	1933.268	284.188	1285.592	883.362
13	788.099	1725.46	1427.926	1087.286	269.927	1528.885	1083.836	1068.039	425.836	1529.883	1119.548	1049.242	0.0	1535.186	1117.103	1085.28	348.35	1472.868	1022.384	785.931	319.259	1441.227	1416.535	941.547	335.543	1415.417	1254.967	1142.523	271.013	1436.382	1310.115	1096.164	496.228	1541.409	1259.976	845.449	536.685	1564.296	1253.3	1042.065	321.06	1563.962	1369.22	891.067	408.452	791.098
14	866.448	330.478	1085.554	1527.898	1610.45	294.14	1431.598	1427.643	1610.011	357.893	1327.794	1303.728	1670.644	0.0	1068.141	1276.473	1902.006	259.105	1181.335	1248.591	1445.085	354.297	1212.868	1200.272	1643.164	506.67	1166.102	1286.818	1674.164	245.667	1283.845	1477.056	1850.503	356.139	1478.534	1444.397	1716.49	320.909	1446.869	1218.816	1720.171	397.093	1665.66	1258.045	1592.002	900.851
15	878.108	1220.568	390.465	1727.283	1160.704	1019.826	420.243	1537.268	923.396	1035.435	498.038	1442.811	1130.508	1160.071	0.0	1442.205	1209.422	963.016	279.332	1281.753	874.919	959.791	368.03	1525.243	1008.241	1068.675	424.851	1492.237	1064.062	1089.118	426.313	1587.948	1050.696	1133.828	525.23	1399.094	1175.234	899.367	457.598	1623.669	1124.351	1153.603	709.536	1306.904	918.702	703.093
16	785.466	1157.488	1576.223	362.087	1062.576	1067.595	1664.119	423.996	1178.669	1061.429	1755.774	204.068	1023.146	1291.432	1338.366	0.0	1292.423	1216.931	1333.407	370.489	1163.129	1010.256	1642.917	218.1	1130.824	892.525	1760.166	252.599	1106.951	1202.194	1873.267	344.461	1409.367	1146.801	1676.633	411.999	1504.761	1220.593	1661.265	242.044	1120.938	995.107	2002.872	305.44	1154.712	878.381
17	1020.73	2015.597	1331.846	1379.673	466.992	1545.097	1132.179	1360.574	326.931	1558.717	1152.339	1353.4	357.245	1795.551	1223.27	1201.55	0.0	1735.435	955.141	1059.158	414.997	1461.87	1307.688	1231.975	277.468	1464.971	1333.328	1450.426	275.512	1691.295	1373.635	1202.149	363.32	1826.251	1096.709	988.93	361.844	1810.854	1108.874	1336.29	225.164	1594.974	1404.739	1182.177	348.202	1013.069
18	800.464	424.119	947.073	1287.918	1584.106	185.483	1238.462	1406.547	1585.375	208.55	1344.968	1266.288	1401.312	265.556	1061.366	1053.463	1616.207	0.0	1162.84	1019.255	1416.864	243.288	1057.471	1162.649	1619.822	353.607	1193.018	1256.691	1406.481	180.232	1312.303	1445.61	1575.465	359.193	1500.264	1197.12	1713.698	355.353	1251.304	1190.736	1701.696	298.174	1471.934	1216.197	1562.998	835.095
19	750.328	1364.305	558.606	1508.707	1107.208	1140.795	382.212	1565.187	837.089	984.741	435.869	1467.148	1057.91	1125.304	286.118	1466.194	967.334	1084.739	0.0	1100.059	800.078	1070.532	444.252	1325.28	930.593	1161.022	471.468	1528.614	984.968	1051.434	519.075	1608.973	823.513	1255.731	550.826	1190.374	935.475	1041.827	479.137	1419.01	1056.929	1268.401	682.398	1318.652	830.735	695.878
20	527.224	1202.919	1474.283	518.569	804.006	1056.933	1532.789	544.552	1040.886	1041.259	1388.645	406.945	887.56	1107.241	1222.367	379.276	994.837	1031.943	1198.362	0.0	855.955	987.275	1529.522	315.878	1002.71	876.204	1403.97	487.615	970.75	1018.784	1501.865	527.893	1270.884	1014.141	1562.763	365.002	1174.702	1196.372	1536.12	423.538	1010.908	1011.746	1617.356	294.173	1011.043	603.431
21	814.306	1588.102	1203.389	1320.222	433.36	1388.244	1032.152	1125.517	281.43	1390.283	907.974	1085.166	334.96	1627.239	908.86	1110.459	424.61	1332.86	809.795	930.541	0.0	1304.035	1184.535	969.163	283.02	1299.665	1218.873	1171.164	274.184	1521.272	1088.531	1156.355	463.298	1420.627	1035.611	909.104	462.205	1398.792	1023.274	1251.433	384.939	1441.025	1350.721	928.282	245.002	680.712
22	760.607	448.459	990.282	1294.812	1357.014	207.383	1274.814	1411.513	1367.061	173.932	1381.815	1079.765	1407.448	371.303	924.389	1048.459	1632.001	212.992	1008.532	998.982	1414.905	0.0	1099.592	1151.359	1395.306	309.468	1237.319	1075.083	1417.019	279.368	1163.097	1243.813	1596.314	410.171	1327.346	1189.552	1735.802	369.306	1291.484	1188.079	1467.049	314.665	1535.436	1028.781	1346.842	796.4
23	1053.942	1448.663	244.236	1872.798	1528.421	1070.261	406.284	1952.915	1063.905	1099.879	483.439	1577.5	1289.681	1185.092	385.281	1583.772	1355.923	1177.437	455.741	1442.945	1198.255	1021.361	0.0	1685.355	1147.135	1158.041	250.644	1893.685	1215.511	1130.52	339.519	1727.022	1179.918	1381.99	469.913	1559.254	1304.098	910.751	429.494	1774.123	1471.417	1215.576	547.987	1693.499	1066.58	1007.285
24	741.999	1348.708	1507.156	366.553	962.761	1053.709	1578.799	398.21	1270.261	1049.005	1666.162	232.362	929.826	1276.885	1491.096	195.624	1188.664	1204.504	1260.102	323.842	1069.422	1164.393	1568.226	0.0	1215.367	887.398	1679.433	330.03	1012.389	1187.666	1787.722	316.479	1306.121	1147.71	1856.643	335.495	1396.092	1399.06	1574.194	268.17	1203.053	991.833	1907.353	229.333	1062.735	829.287
25	882.894	1836.424	1384.704	1287.463	450.672	1626.043	1001.842	1277.314	266.147	1398.574	1023.857	1253.657	307.692	1623.207	1070.995	1289.62	249.514	1564.179	963.309	954.58	289.98	1536.01	1161.968	1132.814	0.0	1312.887	1189.254	1346.646	233.04	1523.645	1230.429	1314.051	330.531	1657.067	1150.339	908.087	372.448	1632.419	983.706	1236.759	287.392	1682.705	1275.153	1086.667	275.705	870.118
26	623.671	540.476	1165.782	1022.436	1359.697	360.693	1220.951	1129.99	1413.058	325.811	1321.127	988.173	1415.417	465.589	1056.003	946.727	1428.499	371.664	1122.033	775.876	1238.743	316.896	1271.947	898.584	1431.725	0.0	1213.968	981.233	1441.492	389.783	1328.642	1156.848	1418.721	378.709	1483.486	1110.892	1545.91	560.025	1443.516	926.322	1497.773	315.593	1480.422	948.619	1387.872	674.761
27	1006.994	1415.561	360.688	2042.082	1390.233	1234.835	355.686	1820.606	1111.321	1265.566	364.567	1732.361	1365.699	1166.102	391.184	1739.778	1412.379	1164.038	494.943	1583.2	1082.432	1180.648	256.518	1578.667	1203.876	1321.083	0.0	1780.417	1279.421	1302.343	211.703	1885.496	1213.139	1346.488	406.789	1696.705	1147.25	1068.371	372.124	1659.787	1322.563	1387.313	477.509	1586.891	1117.348	965.75
28	936.061	1237.607	1735.95	262.866	1022.805	1170.354	1835.719	316.623	1322.853	1168.438	1933.115	240.931	1156.233	1397.569	1492.237	272.197	1434.006	1140.241	1492.363	511.305	1127.428	1116.257	1808.893	337.588	1267.741	993.008	1933.649	0.0	1244.873	1310.5	1761.126	315.164	1562.369	1055.797	1843.782	513.44	1659.48	1335.263	1830.905	203.46	1248.572	1083.272	2183.08	362.185	1299.998	885.707
29	895.471	1632.306	1279.073	1293.998	404.681	1448.608	1102.87	1276.738	293.016	1455.541	1129.687	1071.252	255.497	1693.784	987.45	1106.951	296.349	1624.728	895.763	948.262	287.189	1365.386	1260.903	1128.706	204.345	1358.963	1294.415	1155.242	0.0	1588.71	1341.411	1125.109	425.539	1715.978	1088.096	894.391	469.278	1461.777	1087.305	1240.026	253.907	1494.712	1401.792	1075.868	284.88	885.895
30	858.778	411.061	975.1	1357.136	1661.608	197.993	1282.672	1479.807	1418.918	253.281	1391.822	1336.901	1473.056	231.917	1101.589	1117.665	1691.295	193.528	1038.18	1084.654	1486.829	250.245	1090.304	1230.941	1694.344	399.734	1229.451	1325.506	1477.004	0.0	1351.309	1304.07	1646.33	373.866	1325.198	1266.863	1788.057	341.083	1296.19	1258.229	1779.488	326.65	1514.593	1286.658	1402.233	893.009
31	1121.493	1580.377	396.015	1905.04	1486.772	1387.004	298.36	1979.128	1173.563	1218.96	346.257	1886.428	1246.466	1315.807	469.851	1621.634	1279.263	1312.303	556.448	1483.4	1157.136	1328.538	304.927	1725.601	1274.2	1264.092	216.974	1940.985	1161.221	1258.471	0.0	2043.818	1087.644	1505.677	365.381	1577.662	1201.535	1212.348	298.208	1814.785	1400.503	1324.497	365.159	1730.136	1182.662	1075.884
32	898.581	1473.023	1902.081	243.738	985.628	1384.162	1684.599	191.057	1340.366	1182.967	1773.778	291.06	1134.255	1406.998	1626.522	378.764	1217.495	1348.517	1608.973	484.589	1142.479	1320.276	1683.483	332.849	1269.423	1197.048	1796.066	322.82	1237.153	1320.718	1906.547	0.0	1352.922	1275.531	1970.711	393.192	1434.967	1547.332	1957.749	288.653	1232.231	1304.772	2005.187	361.014	1317.143	985.427
33	968.11	1868.651	1296.542	1422.707	628.188	1665.144	1032.208	1424.639	307.053	1678.081	889.306	1403.95	560.395	1641.012	1002.015	1442.791	341.256	1595.076	897.104	1270.884	426.164	1577.607	1250.713	1274.003	347.196	1602.176	1075.803	1489.982	435.631	1546.351	1101.183	1473.822	0.0	1702.467	994.208	1233.313	216.977	1639.198	1006.995	1372.698	427.003	1739.89	1114.358	1236.779	354.263	947.265
34	963.29	299.291	1245.024	1318.496	1541.283	338.614	1554.449	1247.598	1599.946	367.544	1431.084	1125.828	1617.216	401.03	1177.813	1094.871	1868.558	337.897	1270.983	1102.51	1420.627	378.031	1366.166	1040.112	1617.297	397.335	1516.213	1096.754	1638.274	382.527	1416.408	1291.023	1850.815	0.0	1595.665	1294.531	1709.548	520.281	1566.517	1221.142	1678.877	234.177	1818.467	1104.58	1579.585	875.942
35	1219.651	1569.086	601.778	2029.294	1261.389	1390.084	283.687	2090.894	952.156	1421.488	243.817	1720.394	1230.445	1549.503	505.856	1740.035	1224.343	1313.439	518.925	1581.294	1123.658	1327.346	505.906	1835.86	1044.965	1448.717	426.315	1775.773	1129.242	1479.424	319.88	1856.577	1005.997	1731.329	0.0	1658.875	1112.087	1247.018	231.177	1937.827	1156.323	1529.077	383.54	1565.963	967.767	1167.871
36	737.716	1517.434	1513.155	519.799	774.542	1173.269	1534.176	489.518	954.816	1168.319	1611.392	367.207	769.737	1411.319	1464.676	397.167	1025.407	1332.928	1221.16	344.342	919.634	1104.92	1559.254	360.552	896.494	1011.409	1657.849	537.508	862.193	1313.592	1756.64	403.361	1163.503	1309.525	1540.853	0.0	1241.308	1293.435	1528.464	464.948	1023.953	1133.158	1870.874	287.593	931.254	811.914
37	1101.07	2064.096	1252.315	1548.589	674.516	1582.247	1011.708	1543.098	395.41	1601.646	1017.031	1529.552	530.005	1826.054	1148.922	1349.69	349.123	1775.391	889.468	1204.316	510.019	1755.452	1213.466	1396.092	399.59	1526.666	1220.479	1622.328	420.917	1725.196	1244.791	1364.395	222.447	1886.397	1124.676	1155.039	0.0	1824.687	982.736	1500.105	442.027	1650.015	1248.83	1353.761	381.069	1081.914
38	867.997	531.078	945.684	1437.136	1636.149	388.691	1127.384	1554.478	1585.159	372.964	1232.186	1420.594	1434.453	317.011	955.344	1391.996	1628.417	343.146	1078.454	1138.946	1433.189	406.547	922.528	1304.029	1632.419	513.541	1055.394	1418.371	1667.048	306.72	1170.702	1601.73	1560.516	533.074	1372.767	1310.16	1700.746	0.0	1141.2	1340.44	1724.786	552.293	1327.071	1352.819	1566.917	885.226
39	1028.827	1586.459	572.946	1767.71	1294.527	1387.835	176.829	1829.742	973.157	1414.226	166.96	1749.444	1253.3	1329.556	452.172	1762.152	1081.267	1315.2	463.047	1360.228	975.308	1322.48	471.739	1594.037	1072.748	1443.516	341.952	1809.195	1153.336	1263.919	313.436	1892.004	891.69	1493.086	236.725	1678.805	995.123	1244.499	0.0	1684.763	1194.745	1531.912	402.807	1591.419	984.396	982.329
40	786.752	1271.642	1745.214	285.065	1003.273	1191.157	1836.896	316.178	1307.804	1186.676	1657.527	199.925	1134.012	1218.816	1495.001	239.24	1415.517	1161.811	1489.667	477.607	1111.347	1133.663	1815.704	252.08	1251.965	1008.056	1659.787	187.337	1225.662	1332.828	1770.701	303.025	1547.936	1084.447	1849.071	475.845	1410.099	1356.921	1833.418	0.0	1233.418	1107.312	2192.01	325.245	1283.514	874.106
41	1046.391	1793.36	1427.13	1383.065	357.032	1609.621	1230.771	1161.012	379.42	1619.571	1254.878	1162.201	324.912	1868.218	1124.351	1207.908	222.615	1544.01	1031.864	1060.021	370.563	1523.234	1405.533	1230.604	270.553	1515.746	1436.391	1248.572	273.607	1759.343	1270.727	1203.009	447.748	1616.18	1200.608	978.105	452.149	1623.724	1209.082	1339.573	0.0	1654.279	1524.265	1007.858	391.487	892.554
42	840.447	359.068	1148.398	1218.55	1643.466	285.728	1432.214	1345.108	1458.803	292.371	1543.701	1026.482	1474.422	401.747	1070.543	995.107	1715.602	344.443	1153.527	988.308	1509.374	303.199	1260.971	1105.788	1475.506	297.525	1403.57	1005.277	1494.712	351.355	1530.022	1186.604	1699.584	245.284	1473.361	1175.475	1839.591	484.287	1444.207	1120.289	1535.171	0.0	1695.983	1169.245	1438.751	895.274
43	1364.375	1852.982	608.058	2157.472	1661.481	1429.948	453.049	2232.581	1125.576	1472.803	454.482	2149.859	1404.178	1572.433	717.66	1862.045	1404.739	1580.519	673.796	1721.926	1320.139	1375.371	528.493	1976.852	1418.012	1518.22	450.783	2208.077	1303.229	1514.593	392.096	1979.911	1186.407	1777.295	343.557	1804.321	1294.334	1475.747	413.092	2069.323	1541.718	1576.734	0.0	1980.824	1144.439	1320.762
44	709.156	1374.504	1465.833	411.537	872.796	1244.92	1519.403	415.172	1182.185	1059.319	1602.373	294.297	847.777	1289.366	1440.375	264.41	1100.959	1216.197	1413.595	290.557	986.788	1175.116	1520.954	221.364	1125.323	902.532	1626.398	399.174	931.348	1198.262	1730.136	387.007	1221.573	1174.197	1788.708	258.291	1306.719	1400.943	1514.103	333.342	1110.789	1012.182	1844.737	0.0	1153.545	790.922
45	804.816	1731.016	1246.151	1281.776	522.032	1517.427	884.222	1281.948	193.333	1302.111	905.001	1241.93	422.645	1516.492	941.019	1269.704	352.647	1458.021	830.735	928.106	242.062	1429.639	1039.691	1117.704	266.342	1436.099	1064.351	1331.577	313.25	1420.133	1103.23	1317.143	325.203	1560.63	1027.261	907.777	400.779	1513.701	1018.602	1222.636	400.997	1582.029	1159.049	1076.068	0.0	782.79
60	234.19	1029.217	953.9	1096.716	833.611	811.387	1013.345	983.966	822.625	791.367	931.241	862.161	830.005	1014.403	730.369	838.605	1036.537	785.583	704.33	656.012	680.712	733.995	995.751	751.541	849.236	707.946	1087.484	920.066	845.779	913.696	1012.096	997.396	1029.807	875.942	1076.359	802.617	980.485	863.98	1030.64	984.288	927.179	854.733	1351.359	744.03	792.298	0.0

[*,*,9]:	1	2	3	4	5	6	7	8	9	10	11	12	13	14	15	16	17	18	19	20	21	22	23	24	25	26	27	28	29	30	31	32	33	34	35	36	37	38	39	40	41	42	43	44	45	60:=
1	0.0	1007.428	1019.25	878.179	841.768	794.812	935.007	926.585	867.446	660.074	1005.241	797.202	847.998	860.057	801.085	767.943	917.536	774.178	779.455	503.792	717.143	718.48	912.685	692.005	885.145	671.072	999.567	853.955	875.495	771.957	1084.665	933.464	925.083	848.35	1152.1	638.841	1026.882	870.21	1107.022	780.949	954.607	821.699	1226.44	685.868	836.058	206.247
2	935.753	0.0	1242.039	1246.507	1651.706	402.761	1577.742	1373.456	1691.47	458.129	1456.96	1260.022	1727.914	304.143	1210.425	1234.765	1686.171	381.798	1319.127	1247.183	1517.52	461.351	1368.782	1170.711	1713.677	541.245	1302.754	1227.323	1741.283	343.878	1422.678	1424.246	1937.412	285.99	1614.193	1433.762	1791.684	495.58	1588.716	1170.304	1778.457	383.04	1550.134	1237.348	1673.696	983.474
3	1030.789	1155.719	0.0	1847.596	1345.294	989.672	510.943	1656.088	1124.228	1017.977	507.525	1562.166	1333.215	1085.931	359.679	1561.724	1417.029	928.386	503.565	1425.077	1068.094	946.269	250.812	1421.786	1204.669	1088.459	360.813	1599.08	1267.307	1037.466	388.201	1714.665	1253.268	1105.048	575.032	1553.897	1181.381	822.729	534.944	1745.82	1314.609	1137.834	646.949	1436.909	1123.365	846.655
4	966.735	1262.626	1722.099	0.0	966.38	1204.177	1804.946	259.253	1275.354	1206.315	1897.43	269.282	1105.279	1427.305	1480.423	333.83	1365.815	1170.152	1477.998	546.782	1275.827	1151.277	1789.562	375.787	1214.928	1039.355	1907.637	225.298	1193.017	1343.504	1730.845	238.777	1500.111	1274.16	1804.339	496.697	1587.6	1356.168	1796.963	266.297	1185.4	1123.457	2135.801	373.907	1255.686	1059.837
5	861.97	1814.169	1362.252	1053.854	0.0	1391.743	1237.419	1019.098	485.459	1397.365	1276.618	871.138	254.797	1634.655	1264.866	913.058	430.908	1566.918	1007.215	787.165	455.857	1313.47	1361.288	919.971	394.897	1283.486	1411.128	1114.591	347.737	1533.218	1470.64	896.615	615.03	1621.297	1220.913	689.846	644.537	1433.66	1221.969	1018.352	389.072	1412.209	1533.1	863.325	474.887	876.887
6	758.408	412.201	930.291	1218.982	1514.544	0.0	1205.966	1332.637	1522.137	179.619	1308.188	1195.773	1342.48	277.734	1033.681	994.749	1551.818	171.287	965.273	962.617	1358.381	217.658	1035.585	1098.017	1553.774	316.717	1165.962	1186.254	1349.763	198.855	1280.851	1171.196	1516.553	331.33	1458.955	1135.255	1648.78	371.416	1218.627	1124.72	1631.488	266.232	1436.168	1149.641	1283.957	793.933
7	970.816	1507.097	522.644	1699.188	1252.268	1309.758	0.0	1758.959	944.596	1143.16	196.629	1675.675	1035.666	1259.566	396.914	1684.436	1055.58	1242.345	411.849	1300.71	941.105	1246.706	364.934	1527.179	1041.785	1166.686	312.944	1733.813	1116.335	1195.891	299.295	1815.225	875.922	1417.331	277.432	1378.031	978.629	1172.332	168.97	1616.161	1162.448	1449.699	422.397	1524.167	952.786	923.958
8	892.823	1424.747	1846.362	227.33	960.753	1348.254	1632.314	0.0	1305.264	1348.496	1718.612	316.806	1108.406	1364.192	1582.915	400.565	1179.631	1312.16	1568.285	500.917	1116.683	1288.386	1908.855	358.216	1235.191	1172.699	1739.69	326.025	1206.183	1283.007	1846.317	191.435	1310.484	1237.806	1908.504	478.473	1388.119	1503.215	1898.899	302.126	1195.487	1270.775	1935.67	387.312	1284.485	976.244
9	777.018	1631.299	1165.191	1418.236	497.854	1436.943	955.412	1213.487	0.0	1443.566	832.185	1182.068	411.679	1427.686	882.357	1211.465	360.877	1377.715	781.355	1041.801	259.124	1355.086	1133.424	1064.344	239.758	1366.079	985.47	1264.059	301.169	1566.247	1019.844	1251.123	307.322	1473.131	943.816	1017.207	331.311	1427.987	940.803	1159.703	362.557	1499.393	1242.446	1027.336	180.46	757.422
10	753.964	411.452	982.604	1249.228	1329.477	184.091	1259.909	1167.354	1344.39	0.0	1363.833	1045.061	1380.066	345.903	919.848	1014.254	1599.318	196.769	1001.813	972.452	1190.001	160.29	1089.291	1114.683	1370.536	293.906	1223.166	1038.003	1390.85	259.878	1150.102	1203.477	1567.194	314.596	1309.991	1157.072	1701.924	365.487	1275.735	1146.919	1438.775	279.377	1511.166	999.479	1324.686	677.364
11	1067.039	1420.23	533.777	1832.989	1320.98	1246.14	201.406	1889.76	842.808	1272.232	0.0	1546.368	1096.424	1398.359	411.976	1562.475	1101.124	1377.725	411.376	1410.557	991.031	1185.87	445.9	1648.746	930.821	1293.84	383.941	1599.068	1005.316	1329.963	354.691	1674.104	903.339	1561.993	209.243	1486.268	1006.401	1120.219	163.511	1745.615	1038.032	1373.75	434.283	1641.4	854.147	1016.426
12	787.859	1335.623	1523.752	282.86	983.785	1060.402	1598.038	324.319	1110.283	1058.07	1684.555	0.0	955.055	1276.047	1515.983	197.488	1206.389	1210.009	1286.939	384.192	1100.683	1005.764	1585.357	214.494	1239.566	899.467	1695.579	253.15	1036.709	1191.682	1802.587	255.309	1325.454	1141.926	1602.488	369.036	1411.934	1404.627	1592.401	195.68	1221.141	993.382	1916.333	281.217	1089.384	874.489
13	781.55	1708.129	1208.226	1078.752	267.328	1511.7	1075.842	1058.214	421.216	1298.244	1109.741	1038.275	0.0	1522.429	1105.882	918.3	345.616	1458.69	1010.892	780.134	316.323	1425.589	1202.058	933.299	332.036	1199.395	1244.538	1131.047	229.315	1425.109	1297.503	1083.843	492.568	1527.23	1246.305	717.44	531.984	1547.945	1062.02	1033.405	317.835	1323.332	1358.473	882.489	403.861	783.821
14	860.057	327.439	1073.775	1296.56	1596.343	291.065	1213.106	1415.779	1593.84	302.828	1317.373	1291.178	1651.866	0.0	1058.315	1262.623	1614.024	256.835	1168.988	1058.03	1433.077	350.738	1026.257	1190.851	1627.346	500.975	1157.502	1274.981	1655.999	208.471	1272.598	1461.618	1568.078	353.179	1463.683	1222.163	1703.018	317.82	1430.607	1209.826	1704.348	392.784	1413.463	1247.025	1575.362	893.364
15	744.091	1210.425	386.543	1461.524	1151.594	1010.009	415.519	1525.93	914.902	1024.2	422.631	1430.173	1118.692	983.02	0.0	1427.718	1023.341	955.457	276.643	1267.346	868.466	950.963	364.037	1294.307	999.409	1057.504	360.01	1479.837	1053.374	921.547	422.967	1572.662	1038.886	1125.466	520.398	1383.912	997.292	891.488	452.815	1375.864	1115.008	1142.015	600.367	1296.647	909.858	697.908
16	776.637	1148.951	1561.724	358.158	901.692	1058.243	1646.725	359.286	1168.874	1050.767	1485.632	202.466	1013.296	1276.917	1328.495	0.0	1278.399	1032.676	1321.727	366.617	985.612	1001.86	1626.415	184.543	1121.948	883.933	1740.382	250.736	1096.769	1189.15	1589.636	341.444	1394.636	971.776	1662.7	407.861	1273.239	1211.013	1645.273	239.323	1112.671	985.953	1981.139	259.193	1144.597	744.322
17	1010.061	1707.975	1320.778	1365.815	395.141	1532.97	1121.28	1345.282	324.52	1544.379	1139.836	1148.483	354.115	1776.783	1036.574	1191.565	0.0	1468.422	947.644	1048.962	410.332	1451.088	1295.659	1218.607	235.456	1452.138	1319.391	1229.061	273.223	1674.307	1162.288	1192.713	359.823	1805.724	1088.62	979.833	357.918	1536.673	1099.16	1322.323	190.799	1581.72	1390.629	1000.289	345.469	1001.682
18	792.759	419.352	940.088	1276.071	1566.918	157.399	1227.613	1391.846	1343.415	206.817	1331.458	1071.458	1390.314	262.999	1049.437	1045.693	1601.34	0.0	986.775	1010.327	1402.054	206.157	1048.684	1150.971	1370.597	350.832	1181.533	1242.566	1396.107	178.574	1298.064	1226.731	1561.664	355.438	1271.293	1187.172	1696.485	300.679	1241.483	1179.273	1682.569	295.975	1458.394	1203.001	1326.345	826.366
19	743.755	1350.044	473.351	1496.17	1096.087	965.273	379.212	1550.12	827.68	977.478	431.86	1451.229	897.733	1115.446	283.127	1242.423	959.295	1073.843	0.0	1091.425	792.376	1058.499	440.976	1313.089	920.496	985.232	467.338	1512.637	834.641	1042.696	513.861	1361.418	817.049	1243.643	544.635	1181.595	926.87	1030.523	406.591	1406.58	1045.882	1074.817	676.727	1305.407	702.919	689.179
20	523.086	1191.339	1457.712	514.744	796.611	1045.465	1300.71	539.781	1030.007	882.341	1377.106	402.857	751.001	1098.551	1210.599	375.013	987.5	1022.451	1185.359	0.0	848.457	976.955	1296.086	313.253	992.638	741.392	1392.951	482.921	959.839	1011.27	1488.05	522.165	1078.46	1005.257	1546.429	309.295	1164.94	1184.355	1299.774	420.214	1001.177	1000.374	1605.427	291.468	1000.073	598.145
21	691.013	1574.191	1190.811	1118.729	429.758	1374.3	873.346	1116.683	278.721	1374.656	901.277	1075.184	331.326	1380.859	900.898	1098.852	359.806	1321.784	801.661	787.368	0.0	1291.482	1171.221	962.015	280.417	1285.563	1034.324	1160.905	271.318	1289.095	1079.486	1144.74	392.016	1409.477	1025.641	898.885	458.796	1385.925	1012.171	1061.954	381.567	1425.963	1144.573	920.568	242.541	675.369
22	643.58	444.94	980.749	1280.258	1347.005	205.475	1260.982	1197.797	1355.086	172.114	1170.922	1070.792	1393.311	314.175	917.134	1038.365	1613.658	211.421	999.255	988.142	1200.675	0.0	1088.099	975.638	1383.711	306.36	1046.946	1066.645	1403.377	276.228	1154.519	1232.371	1578.993	348.067	1315.718	1177.118	1470.883	366.237	1278.512	1005.282	1455.534	311.636	1518.178	1021.193	1334.453	675.817
23	1042.506	1229.321	242.097	1853.223	1295.153	1061.367	402.203	1652.441	1055.555	1089.291	478.005	1565.865	1277.818	1172.233	326.946	1569.899	1341.75	997.736	451.954	1428.452	1013.892	1013.344	0.0	1666.412	1138.674	1147.389	247.924	1606.963	1204.863	1118.703	287.702	1712.67	1168.067	1169.358	466.225	1544.243	1289.44	904.034	425.543	1754.873	1248.631	1204.928	542.259	1435.036	1057.717	852.305
24	734.546	1141.197	1495.326	363.024	951.939	1045.937	1564.277	393.889	1077.932	1039.816	1648.746	196.898	922.1	1264.059	1261.677	194.089	1177.221	1190.966	1250.808	320.863	1057.818	988.093	1554.489	0.0	1029.877	880.024	1662.564	279.252	1004.443	1176.232	1767.629	314.145	1294.106	1135.256	1575.53	332.556	1381.5	1185.534	1561.113	265.476	1017.953	984.048	1888.992	226.756	1054.896	820.289
25	874.773	1816.497	1175.046	1276.185	445.961	1377.875	993.517	1264.484	225.198	1387.597	1014.001	1239.566	305.422	1608.276	1059.374	1094.359	247.328	1547.83	816.289	946.648	287.067	1299.68	1152.848	1121.909	0.0	1303.203	1178.315	1332.034	197.756	1510.299	1217.569	1113.5	327.784	1640.423	973.349	900.959	368.862	1614.071	976.45	1225.383	284.274	1427.927	1263.983	1075.309	233.627	861.379
26	618.488	535.047	986.416	1014.411	1346.608	356.639	1211.945	1119.595	1397.725	276.48	1309.554	977.844	1199.395	461.72	1045.396	801.065	1417.287	368.086	1109.421	770.153	1227.349	313.457	1079.362	890.712	1416.761	0.0	1203.88	971.377	1219.705	386.723	1315.851	1143.846	1408.257	375.226	1467.389	942.692	1532.368	554.172	1223.206	918.624	1482.728	267.036	1468.802	939.487	1372.273	668.554
27	999.567	1402.539	356.774	1732.891	1378.055	1221.928	301.401	1805.476	1100.159	1070.847	361.705	1715.684	1350.349	1157.502	387.585	1720.9	1198.531	1153.841	489.77	1341.571	1073.437	1168.789	217.05	1566.276	1192.287	1306.234	0.0	1764.039	1265.539	1105.156	209.848	1865.788	1027.989	1335.298	402.703	1435.651	1138.246	1058.086	367.941	1647.545	1310.398	1372.259	405.21	1572.99	1105.669	957.725
28	793.199	1227.323	1718.514	222.421	1014.777	1159.088	1815.086	314.288	1310.685	1155.759	1640.423	238.821	1144.147	1184.271	1479.837	269.463	1213.371	1131.292	1477.996	505.558	1119.113	1105.989	1789.265	286.474	1256.636	982.629	1638.535	0.0	1232.369	1108.868	1747.303	312.13	1544.809	1048.01	1826.821	507.869	1408.219	1323.566	1811.768	172.408	1238.196	1072.392	1847.193	359.343	1287.484	879.174
29	885.406	1620.267	1267.307	1279.957	343.409	1435.918	1091.343	1081.882	290.581	1440.921	955.874	1062.844	253.037	1674.746	980.167	1096.769	293.134	1378.728	887.916	938.35	243.358	1354.04	1248.238	955.045	202.741	1345.881	1279.866	1146.722	0.0	1571.472	1138.308	1115.253	421.091	1454.085	1079.053	885.407	397.075	1450.304	1076.838	1226.088	252.034	1480.963	1386.582	912.971	282.384	750.689
30	849.801	348.325	966.997	1343.504	1405.955	196.439	1270.324	1463.174	1408.453	250.951	1376.72	1134.481	1460.152	229.493	933.464	1108.377	1674.307	163.752	1030.032	1074.213	1470.117	248.399	1080.275	1217.584	1437.804	396.233	1216.6	1123.207	1464.73	0.0	1143.397	1293.835	1630.482	369.664	1315.424	1255.21	1768.656	289.44	1284.835	1245.078	1507.901	323.936	1499.379	1088.694	1391.227	882.971
31	1110.697	1562.613	393.094	1887.516	1470.64	1176.998	295.746	1958.442	994.453	1208.831	342.78	1596.184	1236.682	1303.141	464.57	1609.674	1267.496	1298.064	472.196	1470.406	1145.041	1125.776	302.393	1708.268	1078.152	1254.171	214.885	1919.169	1152.657	1246.894	0.0	1734.364	1078.116	1489.939	309.616	1564.551	1189.466	1025.817	295.868	1797.315	1384.762	1314.728	361.8	1711.363	1003.596	1064.639
32	890.71	1457.627	1611.785	241.713	975.728	1171.196	1671.377	189.218	1325.3	1174.243	1757.462	287.902	962.518	1394.673	1609.521	320.957	1207.378	1334.971	1361.418	480.786	1131.481	1305.437	1671.067	329.787	1255.648	1015.803	1780.332	319.446	1048.338	1309.742	1887.397	0.0	1342.304	1263.252	1948.56	390.292	1421.768	1530.542	1661.327	286.124	1219.352	1105.637	1988.524	357.388	1114.488	975.941
33	960.512	1850.662	1281.969	1412.214	622.41	1647.076	875.922	1412.16	303.843	1421.971	881.916	1389.849	474.173	1628.132	992.369	1426.574	338.739	1580.404	887.369	1078.46	422.431	1561.118	1059.829	1263.416	343.709	1355.666	1067.359	1475.638	430.734	1534.946	1091.054	1457.83	0.0	1687.554	983.816	1045.084	215.174	1622.733	852.059	1361.924	422.893	1720.334	1106.139	1225.403	350.419	938.967
34	817.439	296.67	1232.011	1117.267	1528.475	335.213	1315.283	1237.806	1584.544	363.413	1420.529	1115.472	1599.668	340.31	1167.495	1083.427	1583.378	335.089	1258.217	932.879	1409.477	374.391	1350.81	1032.441	1602.421	393.023	1286.644	1087.147	1621.15	324.146	1404.638	1278.055	1566.05	0.0	1580.304	1279.98	1696.939	515.495	1549.519	1036.249	1664.17	231.729	1540.932	1095.401	1563.719	869.067
35	1031.997	1556.771	595.985	2006.485	1252.085	1377.297	280.609	1774.313	943.816	1406.63	206.605	1706.098	1218.086	1311.098	501.886	1723.285	1210.582	1303.751	514.152	1564.136	953.526	1315.718	500.618	1555.67	1036.281	1434.166	360.722	1761.836	1118.371	1462.796	317.521	1839.499	995.081	1469.189	0.0	1641.536	942.36	1236.655	228.855	1639.674	1147.247	1514.357	379.229	1554.414	958.865	991.044
36	729.711	1287.68	1499.901	514.366	656.331	1163.519	1518.766	414.201	947.322	1157.072	1593.28	364.499	762.657	1396.005	1242.91	393.688	1014.689	1129.496	1211.012	340.883	778.14	1096.247	1544.243	356.5	889.882	1002.106	1639.86	456.124	854.64	1299.862	1488.541	400.009	1151.816	1108.043	1528.759	0.0	1227.355	1283.895	1514.404	459.903	868.917	1123.232	1851.319	243.7	923.515	686.993
37	1090.01	1746.516	1242.486	1533.681	666.935	1570.577	1002.401	1526.355	335.541	1587.616	1006.401	1296.111	525.6	1807.712	972.15	1339.097	345.762	1755.436	882.907	1193.238	504.485	1489.66	1202.836	1381.5	338.604	1513.979	1208.22	1372.718	417.614	1708.588	1230.799	1354.332	220.401	1865.929	954.39	1144.921	0.0	1546.202	974.569	1485.037	374.017	1637.064	1236.808	1338.545	378.258	1070.175
38	860.012	525.315	802.498	1424.546	1619.047	329.369	1118.016	1538.864	1341.267	370.036	1220.324	1404.627	1423.873	314.095	944.978	1181.234	1614.152	339.56	913.86	1129.481	1418.793	343.996	915.287	1291.476	1614.071	509.754	1045.686	1402.98	1414.641	304.033	1158.466	1357.273	1547.548	527.72	1161.554	1299.877	1684.373	0.0	1132.783	1328.11	1706.071	468.671	1315.446	1338.679	1327.773	876.334
39	1020.278	1570.524	484.793	1753.836	1282.065	1372.236	175.525	1812.911	962.598	1200.099	165.497	1731.158	1062.02	1318.507	447.63	1491.028	1072.781	1302.539	457.842	1350.196	966.337	1308.13	400.313	1580.074	1061.535	1223.206	339.11	1791.022	975.885	1253.999	310.418	1870.738	885.113	1479.352	234.156	1424.618	986.406	1231.491	0.0	1670.763	1182.745	1296.213	399.646	1576.099	973.331	973.293
40	780.949	1259.945	1726.277	241.903	994.485	1178.706	1556.548	313.551	1294.668	1004.095	1644.518	198.0	1121.266	1209.826	1481.249	236.644	1201.194	1151.634	1474.096	404.714	1102.112	1122.276	1536.342	250.101	1239.913	996.726	1647.545	185.614	1212.363	1131.025	1755.19	299.858	1311.689	1075.435	1830.498	402.632	1399.031	1343.859	1812.811	0.0	1222.073	1095.297	1860.119	322.396	1270.099	866.842
41	886.69	1778.457	1412.795	1170.267	354.23	1594.126	1216.937	1152.449	375.93	1601.997	1064.877	1152.02	321.516	1583.09	1115.008	1195.775	188.363	1531.892	1021.93	1048.107	367.83	1509.222	1390.282	1044.279	268.183	1499.903	1217.168	1238.196	270.858	1488.652	1260.753	1191.428	442.716	1604.26	1189.564	967.492	383.69	1609.501	1196.444	1135.127	0.0	1637.663	1289.742	999.948	387.719	885.971
42	831.001	356.42	1137.834	1205.328	1394.629	283.225	1417.244	1139.817	1446.68	289.435	1306.188	1018.426	1460.228	397.231	1062.647	985.953	1696.987	292.291	1143.422	977.978	1279.012	300.68	1248.306	935.653	1463.925	294.661	1387.794	997.862	1480.963	347.542	1298.362	1176.21	1681.819	207.849	1461.118	1163.668	1556.553	480.486	1430.304	1107.697	1523.849	0.0	1677.58	992.21	1426.148	758.637
43	1350.114	1570.179	603.005	2135.801	1405.847	1418.724	448.688	2207.487	1117.274	1459.255	449.551	1824.349	1391.878	1555.997	608.13	1846.571	1390.629	1337.342	668.508	1705.35	1305.301	1365.227	523.632	1955.402	1203.312	1504.92	446.071	1871.079	1292.399	1499.379	331.769	1964.372	1174.986	1757.318	341.023	1787.724	1280.289	1252.304	409.473	2047.694	1306.42	1563.632	0.0	1676.056	1135.456	1305.917
44	702.329	1359.055	1455.021	407.752	863.325	1056.427	1506.094	410.833	1001.759	1050.516	1586.278	249.017	841.123	1276.953	1424.186	262.46	1090.832	1203.001	1199.563	288.011	976.473	995.769	1508.315	219.141	952.182	895.448	1610.741	394.688	924.479	1187.239	1711.363	328.41	1210.872	1161.923	1515.715	256.144	1293.594	1185.395	1502.219	330.133	1098.304	1004.717	1827.768	0.0	978.887	782.655
45	797.766	1712.923	1055.963	1271.124	516.788	1283.957	877.283	1269.607	191.16	1292.507	896.677	1228.454	358.653	1503.208	931.183	1075.921	349.717	1443.376	702.919	920.822	239.732	1413.571	1032.023	1107.422	263.452	1218.66	1055.027	1317.659	265.441	1408.332	1092.148	1114.488	322.65	1545.606	1015.714	901.081	397.093	1497.276	864.376	1211.926	396.806	1340.579	1149.417	1065.259	0.0	775.254
60	198.732	1020.201	943.93	929.335	826.683	803.237	857.433	976.244	814.706	782.472	924.373	854.23	820.998	860.813	723.971	829.84	878.34	779.055	697.255	555.079	675.369	726.929	984.559	745.998	841.424	700.264	922.828	912.007	836.939	774.247	1003.686	987.378	871.361	869.067	1065.997	793.596	973.253	856.033	1019.457	835.257	919.057	845.799	1145.114	737.847	784.339	0.0

[*,*,10]:	1	2	3	4	5	6	7	8	9	10	11	12	13	14	15	16	17	18	19	20	21	22	23	24	25	26	27	28	29	30	31	32	33	34	35	36	37	38	39	40	41	42	43	44	45	60:=
1	0.0	1479.98	1282.225	1292.899	1237.125	998.418	1377.204	1362.354	1273.325	972.71	1478.64	1170.673	1068.313	1265.645	1176.849	966.079	1350.842	1137.79	979.127	742.053	1054.412	1054.656	1344.966	1017.891	1299.816	845.42	1470.944	1254.518	1101.379	1136.513	1594.105	1172.588	1362.586	1247.325	1691.167	941.42	1510.472	1277.884	1394.633	1149.231	1402.383	1033.703	1805.625	1008.003	1050.231	303.243
2	1378.302	0.0	1823.188	1836.898	2429.545	591.446	1987.649	2021.152	2484.886	576.33	2145.009	1851.822	2170.552	447.982	1779.681	1812.511	2484.804	561.599	1937.109	1571.209	2233.154	677.757	1721.939	1723.578	2518.547	679.895	1918.871	1804.526	2556.029	506.751	2092.66	2091.473	2440.763	420.857	2371.36	1803.683	2637.806	728.341	1995.695	1723.781	2614.856	562.265	2284.335	1820.053	2457.785	1447.262
3	1298.593	1700.735	0.0	2324.29	1980.608	1454.495	641.831	2439.309	1652.946	1494.289	747.908	2297.837	1957.797	1368.062	529.298	2294.28	1782.634	1366.816	740.077	1790.138	1573.232	1391.295	368.167	2095.196	1771.984	1598.377	454.554	2353.177	1861.762	1305.141	571.529	2519.999	1574.317	1627.663	845.467	2280.965	1740.926	1210.178	785.554	2199.394	1934.554	1671.557	813.867	2115.489	1650.981	1247.067
4	1214.383	1859.764	2531.993	0.0	1424.092	1771.26	2650.523	326.609	1876.788	1772.16	2386.981	396.451	1624.4	1792.937	2180.566	490.828	2004.879	1724.379	2174.031	802.938	1607.294	1694.198	2628.99	472.743	1788.677	1527.514	2396.314	331.849	1754.086	1972.13	2550.637	351.224	2202.88	1605.193	2655.232	729.682	1997.213	1996.618	2640.951	334.514	1746.016	1651.813	3135.142	551.003	1847.026	1335.189
5	1265.784	2285.5	2004.664	1548.184	0.0	2048.993	1818.603	1280.159	715.05	2054.539	1873.948	1283.741	374.789	2400.454	1593.485	1343.639	633.034	1971.195	1482.872	1156.876	572.634	1934.655	2001.495	1350.425	581.934	1887.918	2072.21	1404.168	511.724	2252.402	1850.076	1320.04	903.893	2036.623	1798.324	1014.276	946.116	2112.694	1797.431	1495.428	490.155	2078.18	2252.23	1086.07	699.151	1101.518
6	1114.613	517.794	1370.258	1792.263	2223.199	0.0	1773.892	1956.948	1917.597	264.325	1921.818	1504.291	1976.465	408.178	1298.478	1465.199	2281.63	251.432	1422.462	1415.942	1994.752	274.206	1523.948	1613.063	1954.661	466.286	1713.585	1490.135	1988.112	292.375	1880.161	1725.917	2230.744	486.551	1838.0	1670.621	2422.172	467.244	1794.123	1652.972	2049.425	392.142	2111.59	1687.558	1892.086	1165.873
7	1428.003	2213.138	658.43	2500.493	1839.668	1647.686	0.0	2585.097	1186.572	1683.8	289.103	2459.723	1526.195	1852.734	582.859	2122.062	1553.372	1825.09	518.109	1914.97	1383.119	1566.074	537.523	2245.403	1529.236	1719.271	460.319	2546.066	1406.366	1759.851	439.685	2283.567	1289.576	2083.015	348.501	2029.749	1438.873	1720.866	249.001	2377.259	1707.028	1826.34	621.592	2239.106	1198.613	1357.917
8	1314.458	2093.914	2319.343	334.843	1412.59	1979.102	2405.438	0.0	1916.75	1698.842	2529.077	465.409	1394.384	2008.431	2326.369	503.178	1737.519	1929.262	2302.086	738.17	1642.563	1891.966	2404.786	527.145	1814.58	1475.264	2561.257	479.151	1515.17	1889.785	2714.63	281.008	1931.178	1820.726	2802.596	602.783	2042.73	2208.326	2388.83	444.805	1756.976	1596.308	2851.114	569.462	1885.496	1435.986
9	1145.042	2399.527	1711.057	1786.702	732.633	2110.968	1201.915	1786.556	0.0	1813.363	1225.753	1737.989	604.303	2103.891	1297.885	1779.009	454.635	2027.419	1147.864	1310.593	381.495	1991.535	1423.772	1567.709	352.515	2005.267	1452.225	1859.343	442.26	1973.166	1500.783	1837.986	386.614	2168.816	1387.102	1277.783	488.0	2099.562	1381.004	1708.981	533.296	2201.825	1565.241	1511.809	265.109	1115.114
10	948.493	605.76	1444.107	1569.241	1958.232	270.668	1849.42	1720.256	1977.503	0.0	1718.164	1537.893	2027.412	435.148	1354.245	1490.623	2009.013	289.828	1472.961	1427.463	1753.629	235.775	1599.599	1404.283	2016.856	431.768	1538.752	1528.199	2044.097	326.451	1694.025	1769.466	2300.483	463.601	1926.905	1699.134	2144.094	537.843	1874.143	1442.833	2118.235	410.593	1898.28	1472.167	1947.679	998.188
11	1566.306	2092.903	785.148	2691.702	1664.177	1833.796	295.879	2377.333	1240.824	1869.767	0.0	2277.699	1612.067	2052.65	607.103	2298.291	1616.976	1735.666	605.374	2072.206	1246.724	1745.896	655.328	2071.104	1371.038	1902.326	563.587	2356.445	1478.75	1953.021	446.841	2463.581	1327.067	1965.0	308.058	2184.331	1264.21	1650.009	240.41	2562.388	1529.681	2020.69	637.735	2067.845	1256.947	1278.673
12	1157.42	1680.225	2243.342	415.712	1235.8	1561.903	2349.586	476.067	1636.154	1556.348	2473.73	0.0	1405.441	1874.601	1907.119	290.751	1772.999	1519.975	1895.576	564.875	1615.692	1482.131	2331.95	314.979	1561.612	1323.64	2490.922	318.465	1526.294	1751.385	2264.354	376.054	1948.808	1676.233	2361.486	542.827	2073.393	1769.557	2343.348	287.467	1536.205	1462.507	2816.386	353.257	1604.591	1283.662
13	1149.109	2507.362	1780.487	1586.769	392.565	1904.448	1583.19	1554.59	529.893	1911.339	1630.958	1304.249	0.0	2238.419	1623.325	1353.24	508.378	2142.053	1273.528	1148.031	464.7	1793.402	1769.729	1371.646	417.093	1766.63	1829.838	1660.263	337.927	2096.235	1905.354	1365.432	724.854	2243.606	1567.861	1056.251	781.844	1944.481	1564.286	1519.41	466.55	1950.11	1998.219	1295.916	508.787	1151.487
14	1265.645	481.03	1350.817	1908.859	2346.104	365.627	1786.826	2081.612	2339.597	446.259	1937.763	1896.066	2081.031	0.0	1554.738	1588.389	2376.246	377.464	1468.446	1558.409	2107.045	514.849	1512.33	1751.659	2389.721	631.131	1703.358	1873.035	2083.259	306.921	1870.305	1836.039	2309.676	519.277	2148.54	1801.025	2505.021	466.711	1802.286	1780.358	2503.804	494.126	2080.97	1832.72	1978.921	1313.509
15	1095.997	1779.681	567.407	2153.756	1693.915	1483.175	523.474	2245.53	1344.055	1288.452	622.218	2101.888	1405.266	1447.924	0.0	2095.748	1508.033	1405.411	406.244	1596.61	1278.018	1397.029	457.961	1905.542	1468.806	1328.404	530.271	2175.796	1546.248	1358.026	622.155	2309.418	1308.795	1656.214	764.501	1740.973	1468.262	1310.198	568.812	2026.556	1639.39	1676.364	884.723	1907.277	1336.106	1027.028
16	978.412	1690.775	2294.28	450.565	1327.515	1555.273	2068.564	529.204	1718.59	1542.421	2189.281	297.814	1488.003	1608.667	1954.988	0.0	1608.237	1520.357	1942.508	460.533	1451.742	1473.03	2387.414	271.95	1650.308	1298.036	2192.543	368.978	1611.228	1495.96	2340.341	501.811	1751.899	1431.362	2444.659	598.698	1876.292	1781.316	2416.046	301.501	1637.386	1448.433	2492.289	381.597	1682.185	1096.337
17	1268.807	2515.735	1941.933	2004.879	582.295	2254.892	1646.574	1694.793	477.558	2268.8	1433.922	1690.853	520.434	2231.94	1526.805	1751.951	0.0	2163.921	1393.918	1540.378	516.939	2135.394	1903.413	1533.018	346.65	2134.171	1657.379	1810.326	401.718	2457.715	1712.791	1754.398	528.392	2274.862	1601.993	1439.442	450.263	2262.366	1615.408	1661.061	281.035	2325.594	2041.304	1474.062	508.161	1261.925
18	1164.148	528.302	1383.417	1874.637	1971.195	231.73	1804.192	1748.393	1978.761	304.082	1954.448	1578.94	2045.054	386.209	1322.086	1538.822	2352.478	0.0	1452.779	1484.852	1761.217	303.656	1541.874	1689.51	2019.762	516.049	1735.055	1565.392	2054.486	262.338	1632.974	1806.053	2295.138	446.491	1872.531	1745.493	2490.269	443.091	1826.134	1731.736	2119.71	435.552	2142.482	1513.385	1952.711	1038.055
19	1093.078	1695.884	697.216	2199.81	1608.946	1422.462	557.794	2276.316	1042.716	1438.438	634.432	1825.657	1321.686	1639.343	355.655	1830.007	1410.447	1576.294	0.0	1605.41	1163.586	1333.503	648.932	1929.018	1157.991	1450.507	686.834	1900.127	1229.372	1533.071	754.296	2006.235	1201.823	1826.262	686.134	1738.813	1361.635	1296.406	598.604	2067.215	1313.804	1583.134	994.989	1916.206	1035.847	1012.044
20	769.424	1749.455	1836.434	757.488	1170.276	1315.203	1914.97	793.303	1293.862	1299.63	2024.751	591.354	1106.702	1615.892	1777.738	472.443	1453.186	1502.051	1491.191	0.0	1246.956	1227.221	1909.049	460.575	1457.094	1092.543	2048.933	709.158	1209.211	1488.167	2186.049	656.887	1587.761	1477.401	1942.576	455.572	1712.805	1738.514	1915.394	618.105	1470.205	1260.277	2362.517	428.186	1258.099	879.078
21	1017.343	2313.548	1495.86	1647.814	631.872	2017.334	1286.995	1642.563	409.296	1731.8	1326.303	1579.52	416.811	2032.969	1324.027	1380.344	529.971	1943.412	1176.759	1160.295	0.0	1896.512	1475.51	1415.684	411.952	1617.248	1522.783	1706.153	340.822	1898.752	1587.162	1680.364	577.689	2073.242	1506.131	1132.421	675.156	2036.02	1273.319	1563.461	560.779	1791.25	1685.881	1353.507	356.026	993.421
22	948.403	654.475	1440.207	1612.876	1982.228	301.857	1586.325	1763.455	1991.535	216.204	1724.691	1574.38	2045.241	462.98	1349.04	1524.816	2032.895	311.123	1467.974	1243.09	1767.692	0.0	1366.836	1437.05	2034.464	449.706	1542.818	1568.961	2060.828	347.993	1698.969	1810.438	1986.386	512.441	1933.678	1478.659	2166.513	538.476	1876.727	1481.42	2140.99	457.63	1912.609	1502.769	1960.403	994.972
23	1311.481	1809.868	355.803	2327.961	1907.675	1560.523	590.394	2435.098	1552.648	1599.599	602.193	2304.298	1877.203	1474.679	481.346	2307.24	1685.465	1469.599	664.506	2096.824	1494.109	1490.559	0.0	2099.355	1675.652	1685.594	311.89	2365.85	1770.756	1405.28	423.766	2518.13	1714.605	1723.209	685.784	2267.687	1624.444	1330.359	625.152	2207.644	1838.296	1770.852	681.169	2113.714	1555.155	1255.988
24	1078.24	1681.71	2199.521	533.093	1199.258	1539.182	2298.03	495.516	1586.984	1528.191	2071.104	290.018	1355.758	1855.512	1859.254	285.491	1728.722	1500.386	1840.667	471.37	1330.743	1454.719	2284.592	0.0	1516.941	1293.894	2440.477	411.516	1477.466	1727.271	2226.868	462.29	1901.131	1428.161	2319.573	488.749	1735.397	1746.214	2295.296	389.692	1500.092	1447.467	2773.942	285.668	1552.366	1031.93
25	1285.101	2285.168	1729.961	1875.576	560.202	2029.52	1460.763	1856.136	331.859	2041.058	1489.038	1561.612	449.454	2362.668	1332.701	1611.17	363.492	1944.336	1202.339	1391.851	421.386	1915.257	1695.76	1647.498	0.0	1917.77	1731.026	1675.709	291.146	2219.647	1529.472	1640.112	481.939	2407.976	1434.363	1325.248	541.666	2033.415	1436.926	1800.171	357.619	2102.265	1857.643	1350.77	344.117	1264.417
26	909.36	785.396	1453.618	1492.128	1977.463	449.296	1783.477	1644.763	1758.35	407.048	1924.618	1228.337	1766.63	678.864	1534.536	1180.478	2084.73	540.526	1397.655	1133.343	1803.06	394.332	1589.09	1309.057	1779.691	0.0	1770.058	1425.884	1797.402	568.843	1932.298	1441.023	2072.365	551.233	1845.987	1387.878	2252.082	696.134	1801.702	1350.649	2176.497	393.514	2160.506	1379.615	1728.797	982.152
27	1470.944	2060.427	448.824	2551.248	2025.292	1534.949	443.944	2654.582	1614.922	1578.04	532.043	2519.444	1701.178	1703.358	569.39	2164.906	1764.537	1695.771	615.234	1976.046	1578.269	1715.665	319.853	2303.883	1750.847	1645.601	0.0	2591.495	1592.058	1627.065	308.409	2343.745	1514.16	1963.282	591.127	2115.628	1674.28	1553.775	463.534	2424.497	1925.065	1726.313	596.569	2311.783	1388.907	1408.138
28	1168.33	1804.526	2522.606	327.768	1492.666	1702.094	2286.655	462.501	1925.486	1453.954	2415.112	350.989	1437.243	1744.354	2175.796	395.544	1788.068	1664.051	2170.404	636.904	1646.866	1624.774	2250.91	421.761	1846.845	1234.348	2413.454	0.0	1808.994	1634.068	2570.161	458.356	1946.159	1542.232	2683.726	638.903	2073.25	1945.211	2275.887	253.946	1820.514	1574.163	2722.091	528.568	1890.641	1293.777
29	1115.44	2384.355	1861.762	1610.196	505.583	2110.332	1370.911	1593.541	427.24	2115.128	1408.612	1563.37	371.58	2109.854	1442.395	1611.228	368.764	2029.832	1304.948	1178.727	358.45	1990.838	1832.288	1407.389	298.218	1976.396	1612.382	1687.494	0.0	1976.924	1675.874	1639.059	528.962	2141.771	1586.527	1299.689	585.145	2133.296	1581.312	1544.632	370.889	2175.637	1744.331	1344.121	415.013	1105.716
30	1067.494	513.059	1421.77	1972.13	2071.866	288.949	1865.442	1843.315	2072.654	368.664	1731.924	1670.24	2145.948	288.282	1374.931	1629.641	2457.715	241.311	1515.105	1577.457	1852.062	365.539	1586.998	1531.731	2116.806	582.333	1528.255	1654.41	2153.585	0.0	1684.952	1903.141	2394.326	465.705	1935.754	1843.99	2224.983	426.128	1888.29	1564.028	2221.04	476.281	2200.939	1604.339	2046.398	1112.372
31	1631.034	1968.589	578.47	2772.891	1850.076	1732.835	434.651	2460.134	1464.765	1777.338	503.166	2352.195	1819.074	1913.633	585.268	2368.766	1862.038	1632.974	695.191	2161.017	1438.365	1658.193	444.607	2507.566	1588.805	1844.798	315.554	2417.78	1696.229	1831.774	0.0	2553.417	1584.48	1871.616	456.044	2300.352	1746.018	1511.682	435.201	2639.316	1744.531	1934.729	531.509	2152.908	1477.543	1337.366
32	1309.053	1831.026	2374.053	355.389	1432.27	1725.917	2458.479	277.862	1669.621	1727.994	2581.833	362.183	1417.066	2049.716	2021.83	472.749	1775.201	1959.604	2006.235	707.202	1661.554	1644.597	2459.111	484.48	1579.616	1495.515	2616.509	401.278	1544.132	1925.707	2770.509	0.0	1974.435	1855.056	2454.807	574.347	2088.675	1925.434	2445.888	420.509	1531.712	1628.531	2923.716	524.609	1642.351	1433.147
33	1412.846	2717.656	1615.032	2078.189	914.363	2072.035	1289.576	2075.415	381.678	2094.47	1296.676	2040.158	698.759	2394.869	1457.272	1797.206	498.483	2321.722	1116.318	1587.761	620.836	1961.028	1561.058	1857.594	504.53	1997.76	1570.011	2166.941	542.642	2258.798	1602.833	1833.962	0.0	2480.155	1235.839	1539.34	316.369	2382.009	1255.626	2003.295	621.009	2167.287	1627.773	1800.201	440.83	1379.976
34	1203.474	436.008	1547.614	1645.66	2247.308	492.059	1938.249	1820.726	2326.867	457.83	2090.425	1638.705	2012.395	501.022	1715.838	1360.967	2332.211	492.679	1846.936	1374.724	2073.242	549.785	1701.758	1519.321	2354.066	494.426	1894.26	1597.752	2036.438	477.445	2065.231	1876.057	2307.789	0.0	2320.641	1612.527	2497.184	757.297	1949.307	1525.617	2445.788	291.091	2269.691	1610.562	2295.382	1278.337
35	1520.788	2289.901	875.19	2527.781	1842.545	2023.345	353.008	2612.231	1387.102	1766.965	304.316	2508.466	1788.029	1932.082	738.239	2530.605	1525.098	1918.577	755.324	1967.695	1403.828	1933.678	628.861	2291.4	1523.639	2105.211	531.574	2591.537	1642.303	1842.838	467.258	2702.351	1251.82	2163.012	0.0	2062.047	1388.034	1818.247	335.936	2416.284	1687.521	2223.799	477.755	2287.446	1408.638	1459.064
36	917.982	1895.786	2204.365	646.131	966.732	1710.716	2229.396	610.381	1393.445	1699.134	2007.223	536.39	1120.396	1756.186	1829.873	578.593	1274.621	1663.673	1780.545	500.382	1146.695	1612.503	2267.687	449.12	1309.534	1472.162	2062.957	671.528	1256.043	1632.846	2192.523	588.131	1690.751	1632.852	2248.698	0.0	1546.229	1889.357	2224.764	578.561	1279.262	1650.785	2325.569	358.954	1357.839	1012.378
37	1600.026	2573.73	1827.611	2252.176	840.208	2311.233	1472.597	1920.166	494.0	2333.278	1264.21	1909.087	772.787	2653.54	1432.596	1969.718	507.744	2211.508	1299.27	1752.949	634.646	2193.151	1767.777	1735.397	498.741	2225.996	1773.546	2022.887	614.281	2509.023	1550.568	1993.01	323.784	2347.353	1405.1	1682.661	0.0	2277.454	1432.904	2179.886	551.165	2408.007	1816.225	1686.307	556.638	1346.288
38	1263.417	660.85	1181.478	2093.62	2033.797	485.139	1643.813	2258.898	1976.541	544.298	1792.018	1769.557	2095.346	461.428	1188.789	1739.071	2372.278	426.544	1346.055	1660.67	2082.646	506.925	1346.323	1896.503	2033.415	750.144	1536.185	1764.96	2082.704	446.83	1455.229	1999.174	2275.352	774.64	1711.709	1912.029	2473.464	0.0	1666.983	1951.085	2146.251	690.0	1933.277	1681.607	1955.722	1286.371
39	1500.109	2305.372	714.409	2579.77	1882.684	1728.75	258.3	2663.291	1210.955	1766.845	243.227	2174.627	1564.286	1938.594	657.076	2197.234	1577.985	1912.749	576.792	1986.924	1419.615	1645.638	589.361	2322.194	1333.468	1801.702	498.591	2629.041	1438.099	1844.545	455.842	2356.767	1302.516	2173.27	294.571	2097.392	1449.696	1546.96	0.0	2456.513	1736.151	1910.148	587.851	2314.466	1226.208	1429.834
40	1149.231	1850.946	2171.67	356.142	1461.569	1480.654	2292.693	461.012	1900.443	1479.672	2418.971	290.759	1412.577	1780.358	2176.057	297.701	1768.457	1692.527	1851.714	596.117	1620.429	1647.388	2264.009	367.881	1820.784	1255.681	2424.497	272.679	1525.162	1665.15	2579.558	376.672	1932.031	1581.207	2686.988	593.333	2057.877	1973.426	2283.79	0.0	1795.309	1377.893	2738.559	473.817	1595.459	1274.514
41	1306.036	2614.856	2073.842	1724.549	521.047	2340.938	1533.105	1695.923	552.267	2015.325	1567.765	1693.095	403.879	2331.787	1639.39	1755.278	277.579	2253.306	1500.682	1320.411	541.292	2217.151	1748.986	1537.439	394.142	1884.131	1792.808	1820.514	397.593	2193.732	1854.48	1749.585	557.736	2360.799	1747.551	1217.112	564.887	2365.442	1502.936	1671.967	0.0	2403.925	1900.612	1470.854	569.356	1303.779
42	1046.899	524.501	1671.557	1516.312	2053.242	416.249	1780.297	1678.875	2127.046	424.861	1924.847	1498.033	2144.312	500.434	1563.772	1448.433	2134.823	430.325	1680.458	1228.506	1883.901	442.088	1832.387	1378.812	2153.332	432.703	1748.351	1468.436	2175.637	437.211	1911.513	1728.646	2112.649	306.148	2148.274	1708.148	2293.793	706.761	2100.37	1395.483	2242.468	0.0	2110.409	1460.78	2095.973	1117.422
43	1695.972	2312.771	886.595	3135.142	2071.708	2086.845	658.888	2781.005	1644.16	2143.747	565.539	2685.897	2045.608	1954.596	895.736	2715.004	2041.304	1970.756	983.329	2504.268	1644.425	2009.043	769.252	2459.911	1771.575	2211.743	560.341	2755.976	1900.208	2200.939	488.907	2889.454	1725.44	2213.879	501.843	2626.29	1610.614	1843.704	601.792	2572.249	1924.271	2298.999	0.0	2469.897	1670.177	1645.201
44	1031.354	1712.145	2141.183	599.015	1086.07	1555.324	2213.467	516.075	1475.525	1544.568	2328.498	366.961	1237.233	1875.177	1794.197	386.232	1602.507	1513.385	1766.056	423.283	1226.615	1466.702	2217.667	321.677	1403.17	1317.142	2365.338	497.23	1360.446	1744.136	2152.908	483.502	1779.588	1459.572	2232.548	376.608	1898.866	1746.841	2209.66	484.793	1383.649	1478.523	2685.116	0.0	1441.165	983.147
45	1172.456	2151.721	1555.364	1868.927	758.593	1892.086	1290.421	1864.389	240.824	1902.03	1317.28	1545.405	528.026	2209.227	1169.723	1584.761	514.186	2118.731	1035.847	1354.465	352.041	1780.824	1518.706	1626.88	331.424	1794.171	1550.547	1655.203	390.978	2070.663	1603.164	1642.351	474.596	2269.688	1279.603	1326.015	583.357	1883.585	1272.577	1781.137	498.455	1974.584	1689.982	1563.694	0.0	1138.444
60	292.582	1499.364	1185.735	1368.849	1215.468	1179.072	1263.544	1435.986	1196.378	985.763	1360.29	1254.923	1032.822	1267.331	1064.001	1042.419	1293.738	1145.44	1023.501	817.984	993.421	1067.48	1240.353	1097.798	1236.11	880.938	1358.633	1340.353	1051.336	1140.415	1475.714	1449.371	1284.07	1278.337	1565.392	999.776	1432.222	1257.571	1282.485	1229.707	1350.715	1062.467	1686.677	1084.852	1151.332	0.0
;

param T :=
[*,*,1]:	1	2	3	4	5	6	7	8	9	10	11	12	13	14	15	16	17	18	19	20	21	22	23	24	25	26	27	28	29	30	31	32	33	34	35	36	37	38	39	40	41	42	43	44	45	60:=
1	0.0	0.245	0.212	0.213	0.202	0.189	0.228	0.225	0.208	0.157	0.245	0.19	0.174	0.208	0.192	0.156	0.223	0.185	0.185	0.116	0.17	0.17	0.222	0.164	0.213	0.134	0.244	0.205	0.18	0.185	0.266	0.225	0.225	0.204	0.282	0.151	0.251	0.209	0.231	0.187	0.231	0.168	0.304	0.162	0.2	0.037
2	0.228	0.0	0.306	0.309	0.414	0.088	0.336	0.341	0.423	0.087	0.364	0.311	0.431	0.064	0.298	0.304	0.424	0.083	0.326	0.263	0.379	0.103	0.289	0.289	0.429	0.123	0.324	0.303	0.435	0.074	0.354	0.353	0.416	0.059	0.403	0.304	0.451	0.112	0.395	0.289	0.446	0.082	0.388	0.306	0.418	0.24
3	0.214	0.285	0.0	0.396	0.334	0.241	0.115	0.416	0.276	0.247	0.117	0.39	0.33	0.227	0.078	0.389	0.3	0.226	0.114	0.353	0.263	0.23	0.048	0.355	0.297	0.266	0.065	0.4	0.313	0.216	0.085	0.429	0.308	0.272	0.133	0.387	0.292	0.198	0.122	0.374	0.326	0.279	0.129	0.358	0.276	0.205
4	0.234	0.313	0.432	0.0	0.236	0.297	0.452	0.043	0.316	0.297	0.407	0.054	0.271	0.353	0.37	0.071	0.338	0.289	0.368	0.125	0.269	0.284	0.448	0.069	0.301	0.254	0.478	0.043	0.294	0.332	0.435	0.046	0.373	0.269	0.454	0.112	0.338	0.337	0.451	0.052	0.293	0.276	0.538	0.082	0.311	0.221
5	0.207	0.389	0.339	0.257	0.0	0.347	0.305	0.247	0.111	0.347	0.315	0.212	0.05	0.408	0.266	0.222	0.095	0.333	0.246	0.188	0.101	0.326	0.338	0.222	0.088	0.318	0.35	0.233	0.075	0.382	0.312	0.218	0.143	0.404	0.302	0.163	0.15	0.358	0.302	0.248	0.072	0.352	0.382	0.177	0.108	0.21
6	0.181	0.09	0.227	0.301	0.376	0.0	0.298	0.329	0.324	0.031	0.323	0.251	0.334	0.056	0.251	0.243	0.387	0.027	0.236	0.234	0.336	0.033	0.254	0.269	0.33	0.067	0.287	0.291	0.336	0.035	0.316	0.29	0.378	0.069	0.31	0.28	0.412	0.068	0.301	0.276	0.406	0.054	0.357	0.282	0.319	0.189
7	0.236	0.375	0.101	0.426	0.309	0.276	0.0	0.441	0.228	0.282	0.035	0.418	0.254	0.312	0.086	0.36	0.259	0.306	0.077	0.323	0.228	0.307	0.08	0.381	0.254	0.289	0.065	0.434	0.233	0.295	0.061	0.389	0.212	0.352	0.055	0.343	0.238	0.287	0.029	0.404	0.285	0.308	0.094	0.379	0.197	0.224
8	0.217	0.354	0.462	0.044	0.234	0.333	0.41	0.0	0.322	0.285	0.431	0.066	0.231	0.339	0.395	0.087	0.292	0.325	0.39	0.115	0.274	0.318	0.41	0.077	0.304	0.246	0.437	0.068	0.296	0.319	0.464	0.033	0.326	0.306	0.479	0.091	0.345	0.374	0.407	0.063	0.294	0.313	0.488	0.084	0.317	0.238
9	0.187	0.408	0.286	0.301	0.114	0.357	0.197	0.3	0.0	0.358	0.201	0.291	0.09	0.357	0.213	0.298	0.065	0.343	0.186	0.217	0.052	0.336	0.277	0.262	0.046	0.338	0.241	0.313	0.061	0.334	0.249	0.309	0.053	0.368	0.229	0.247	0.071	0.355	0.227	0.287	0.078	0.373	0.261	0.251	0.03	0.181
10	0.153	0.091	0.239	0.307	0.331	0.032	0.31	0.289	0.334	0.0	0.288	0.256	0.342	0.062	0.224	0.247	0.398	0.036	0.244	0.236	0.295	0.026	0.266	0.233	0.341	0.06	0.257	0.254	0.345	0.05	0.284	0.297	0.39	0.067	0.325	0.284	0.364	0.079	0.315	0.24	0.359	0.056	0.375	0.245	0.328	0.161
11	0.26	0.355	0.123	0.459	0.279	0.308	0.036	0.405	0.204	0.314	0.0	0.387	0.269	0.346	0.092	0.39	0.269	0.292	0.091	0.35	0.205	0.293	0.099	0.411	0.227	0.32	0.083	0.401	0.245	0.329	0.064	0.42	0.218	0.332	0.039	0.37	0.244	0.276	0.026	0.436	0.255	0.341	0.096	0.35	0.206	0.211
12	0.188	0.282	0.381	0.057	0.238	0.261	0.399	0.067	0.274	0.259	0.421	0.0	0.233	0.315	0.322	0.036	0.297	0.297	0.32	0.084	0.269	0.247	0.396	0.039	0.261	0.218	0.424	0.041	0.254	0.293	0.451	0.051	0.328	0.28	0.402	0.08	0.35	0.298	0.398	0.034	0.256	0.243	0.482	0.056	0.268	0.21
13	0.187	0.427	0.299	0.265	0.053	0.321	0.264	0.258	0.079	0.322	0.272	0.252	0.0	0.38	0.27	0.224	0.074	0.362	0.21	0.187	0.066	0.302	0.297	0.226	0.069	0.297	0.307	0.277	0.044	0.355	0.32	0.226	0.112	0.38	0.262	0.171	0.122	0.385	0.261	0.252	0.066	0.329	0.337	0.212	0.075	0.187
14	0.208	0.068	0.224	0.322	0.399	0.058	0.3	0.352	0.397	0.064	0.327	0.319	0.353	0.0	0.258	0.266	0.404	0.05	0.286	0.26	0.356	0.074	0.252	0.294	0.406	0.096	0.285	0.315	0.353	0.039	0.314	0.362	0.393	0.076	0.363	0.303	0.427	0.066	0.303	0.299	0.426	0.072	0.352	0.308	0.392	0.216
15	0.178	0.298	0.083	0.365	0.283	0.246	0.077	0.381	0.221	0.213	0.094	0.355	0.273	0.24	0.0	0.354	0.251	0.232	0.055	0.267	0.21	0.231	0.066	0.321	0.243	0.257	0.078	0.369	0.257	0.225	0.094	0.392	0.216	0.277	0.119	0.293	0.244	0.215	0.1	0.343	0.274	0.28	0.141	0.321	0.22	0.166
16	0.158	0.283	0.389	0.065	0.219	0.259	0.41	0.078	0.288	0.256	0.372	0.037	0.246	0.269	0.33	0.0	0.269	0.253	0.327	0.078	0.241	0.244	0.405	0.033	0.276	0.213	0.372	0.049	0.268	0.249	0.398	0.072	0.345	0.238	0.416	0.089	0.316	0.299	0.411	0.038	0.274	0.24	0.425	0.052	0.281	0.178
17	0.245	0.429	0.327	0.338	0.088	0.383	0.274	0.284	0.069	0.385	0.238	0.283	0.076	0.444	0.254	0.294	0.0	0.367	0.23	0.256	0.076	0.362	0.32	0.256	0.046	0.361	0.325	0.304	0.055	0.418	0.287	0.294	0.077	0.387	0.267	0.238	0.065	0.384	0.269	0.326	0.034	0.395	0.344	0.245	0.074	0.208
18	0.189	0.078	0.229	0.315	0.333	0.025	0.303	0.344	0.334	0.038	0.329	0.264	0.346	0.052	0.219	0.256	0.4	0.0	0.241	0.246	0.347	0.038	0.256	0.282	0.342	0.075	0.29	0.262	0.347	0.03	0.274	0.304	0.39	0.075	0.315	0.292	0.424	0.063	0.307	0.29	0.359	0.061	0.362	0.252	0.33	0.197
19	0.177	0.333	0.108	0.373	0.268	0.236	0.083	0.386	0.169	0.238	0.096	0.308	0.218	0.274	0.056	0.308	0.233	0.262	0.0	0.268	0.189	0.221	0.099	0.325	0.19	0.241	0.105	0.376	0.202	0.255	0.116	0.339	0.196	0.306	0.106	0.292	0.224	0.214	0.09	0.349	0.254	0.264	0.16	0.322	0.168	0.162
20	0.12	0.293	0.309	0.118	0.19	0.217	0.323	0.124	0.25	0.214	0.342	0.088	0.18	0.27	0.298	0.068	0.241	0.249	0.249	0.0	0.204	0.236	0.322	0.065	0.241	0.178	0.346	0.109	0.199	0.247	0.37	0.101	0.265	0.245	0.384	0.065	0.287	0.291	0.323	0.093	0.243	0.208	0.402	0.059	0.207	0.139
21	0.164	0.393	0.292	0.276	0.096	0.34	0.212	0.274	0.056	0.291	0.219	0.263	0.059	0.344	0.218	0.268	0.078	0.327	0.191	0.19	0.0	0.319	0.246	0.234	0.056	0.271	0.254	0.285	0.053	0.32	0.264	0.28	0.087	0.351	0.25	0.185	0.104	0.344	0.21	0.261	0.083	0.353	0.282	0.223	0.046	0.16
22	0.152	0.1	0.238	0.27	0.335	0.037	0.265	0.296	0.336	0.028	0.289	0.262	0.345	0.067	0.222	0.253	0.344	0.039	0.243	0.205	0.297	0.0	0.265	0.239	0.344	0.063	0.257	0.261	0.348	0.046	0.285	0.304	0.336	0.075	0.326	0.288	0.367	0.079	0.315	0.247	0.363	0.064	0.323	0.25	0.33	0.16
23	0.217	0.304	0.047	0.464	0.322	0.26	0.087	0.415	0.258	0.266	0.091	0.392	0.315	0.246	0.069	0.392	0.331	0.244	0.101	0.354	0.249	0.248	0.0	0.356	0.28	0.282	0.04	0.403	0.297	0.273	0.059	0.429	0.286	0.289	0.105	0.384	0.272	0.219	0.094	0.375	0.309	0.297	0.124	0.358	0.259	0.207
24	0.174	0.282	0.373	0.078	0.197	0.256	0.39	0.073	0.265	0.254	0.411	0.036	0.224	0.311	0.313	0.034	0.289	0.25	0.31	0.067	0.22	0.241	0.388	0.0	0.253	0.213	0.415	0.057	0.245	0.289	0.378	0.066	0.32	0.237	0.394	0.07	0.342	0.293	0.39	0.052	0.25	0.24	0.474	0.035	0.259	0.167
25	0.211	0.389	0.29	0.315	0.099	0.343	0.242	0.311	0.043	0.345	0.247	0.261	0.064	0.401	0.221	0.269	0.048	0.385	0.197	0.23	0.058	0.323	0.284	0.275	0.0	0.323	0.29	0.281	0.036	0.376	0.299	0.274	0.069	0.409	0.238	0.218	0.079	0.344	0.238	0.302	0.048	0.356	0.312	0.262	0.045	0.207
26	0.145	0.122	0.242	0.248	0.333	0.064	0.299	0.274	0.296	0.056	0.324	0.237	0.297	0.104	0.255	0.193	0.353	0.079	0.232	0.185	0.302	0.055	0.265	0.215	0.351	0.0	0.297	0.235	0.302	0.085	0.325	0.24	0.351	0.081	0.311	0.23	0.382	0.127	0.303	0.223	0.368	0.054	0.366	0.227	0.29	0.157
27	0.244	0.348	0.064	0.435	0.342	0.3	0.063	0.453	0.269	0.264	0.078	0.429	0.285	0.285	0.084	0.368	0.296	0.283	0.11	0.334	0.263	0.287	0.041	0.391	0.293	0.276	0.0	0.442	0.266	0.272	0.038	0.467	0.252	0.331	0.088	0.359	0.28	0.258	0.067	0.413	0.324	0.29	0.09	0.392	0.27	0.233
28	0.191	0.303	0.429	0.043	0.248	0.284	0.389	0.066	0.324	0.242	0.411	0.046	0.28	0.293	0.369	0.053	0.301	0.278	0.367	0.097	0.275	0.271	0.383	0.059	0.31	0.238	0.411	0.0	0.303	0.273	0.438	0.064	0.329	0.257	0.458	0.098	0.351	0.328	0.453	0.029	0.306	0.262	0.466	0.077	0.318	0.213
29	0.182	0.406	0.313	0.27	0.074	0.357	0.266	0.266	0.059	0.357	0.234	0.26	0.049	0.358	0.239	0.268	0.05	0.343	0.214	0.226	0.048	0.336	0.307	0.233	0.037	0.333	0.27	0.282	0.0	0.334	0.281	0.273	0.092	0.363	0.264	0.213	0.088	0.361	0.263	0.258	0.05	0.368	0.293	0.222	0.057	0.18
30	0.203	0.075	0.235	0.332	0.351	0.035	0.313	0.311	0.351	0.049	0.291	0.28	0.363	0.042	0.228	0.272	0.418	0.027	0.252	0.262	0.312	0.049	0.264	0.256	0.359	0.087	0.299	0.277	0.365	0.0	0.282	0.32	0.407	0.067	0.326	0.31	0.378	0.06	0.318	0.306	0.377	0.068	0.372	0.268	0.346	0.181
31	0.272	0.333	0.086	0.474	0.312	0.291	0.06	0.491	0.243	0.298	0.072	0.4	0.306	0.322	0.088	0.403	0.313	0.274	0.107	0.366	0.28	0.278	0.062	0.427	0.265	0.31	0.039	0.412	0.284	0.307	0.0	0.436	0.264	0.37	0.065	0.391	0.292	0.252	0.061	0.45	0.293	0.326	0.077	0.365	0.246	0.259
32	0.215	0.361	0.404	0.047	0.236	0.29	0.419	0.032	0.28	0.29	0.44	0.049	0.235	0.346	0.401	0.068	0.298	0.33	0.339	0.109	0.277	0.275	0.419	0.069	0.264	0.249	0.446	0.066	0.257	0.324	0.473	0.0	0.333	0.311	0.419	0.086	0.353	0.325	0.417	0.058	0.299	0.272	0.501	0.076	0.275	0.237
33	0.234	0.464	0.27	0.352	0.145	0.351	0.212	0.351	0.062	0.355	0.213	0.344	0.108	0.407	0.241	0.302	0.072	0.394	0.182	0.265	0.093	0.388	0.26	0.312	0.072	0.338	0.262	0.367	0.081	0.383	0.267	0.309	0.0	0.422	0.238	0.257	0.04	0.404	0.207	0.338	0.093	0.368	0.272	0.302	0.063	0.228
34	0.197	0.061	0.303	0.275	0.381	0.07	0.327	0.306	0.395	0.066	0.354	0.273	0.341	0.073	0.287	0.264	0.397	0.071	0.31	0.228	0.351	0.08	0.286	0.253	0.4	0.072	0.319	0.266	0.404	0.069	0.349	0.315	0.393	0.0	0.394	0.27	0.426	0.117	0.329	0.254	0.416	0.043	0.386	0.269	0.389	0.21
35	0.253	0.389	0.138	0.432	0.31	0.341	0.047	0.446	0.229	0.348	0.038	0.427	0.299	0.326	0.114	0.431	0.254	0.323	0.117	0.333	0.232	0.326	0.113	0.39	0.253	0.355	0.079	0.442	0.274	0.311	0.067	0.461	0.206	0.367	0.0	0.409	0.23	0.305	0.042	0.412	0.282	0.377	0.069	0.389	0.233	0.242
36	0.147	0.319	0.373	0.116	0.155	0.286	0.377	0.093	0.23	0.284	0.34	0.079	0.182	0.295	0.308	0.086	0.246	0.279	0.299	0.072	0.187	0.269	0.384	0.064	0.216	0.244	0.35	0.103	0.206	0.32	0.372	0.088	0.282	0.273	0.382	0.0	0.258	0.318	0.377	0.087	0.21	0.276	0.464	0.048	0.224	0.164
37	0.266	0.44	0.307	0.382	0.133	0.393	0.244	0.324	0.072	0.396	0.244	0.322	0.12	0.452	0.238	0.332	0.073	0.376	0.214	0.293	0.097	0.372	0.296	0.342	0.073	0.377	0.297	0.342	0.093	0.427	0.259	0.336	0.041	0.4	0.233	0.281	0.0	0.387	0.237	0.369	0.082	0.41	0.305	0.283	0.083	0.223
38	0.207	0.102	0.193	0.354	0.403	0.07	0.274	0.383	0.334	0.08	0.3	0.298	0.355	0.065	0.195	0.292	0.403	0.071	0.222	0.277	0.351	0.074	0.222	0.319	0.344	0.117	0.255	0.297	0.352	0.063	0.284	0.338	0.386	0.12	0.287	0.322	0.421	0.0	0.279	0.329	0.364	0.106	0.326	0.33	0.33	0.211
39	0.249	0.391	0.111	0.44	0.316	0.29	0.03	0.454	0.199	0.297	0.027	0.432	0.261	0.327	0.099	0.373	0.263	0.322	0.087	0.335	0.234	0.276	0.089	0.394	0.258	0.303	0.072	0.448	0.239	0.31	0.064	0.401	0.214	0.368	0.037	0.355	0.24	0.303	0.0	0.418	0.29	0.322	0.088	0.393	0.202	0.236
40	0.187	0.311	0.369	0.047	0.242	0.289	0.39	0.065	0.319	0.246	0.412	0.035	0.235	0.299	0.368	0.038	0.297	0.283	0.366	0.09	0.27	0.274	0.385	0.049	0.305	0.207	0.413	0.032	0.255	0.279	0.44	0.061	0.326	0.263	0.458	0.09	0.348	0.332	0.388	0.0	0.301	0.229	0.468	0.067	0.313	0.209
41	0.215	0.446	0.35	0.289	0.076	0.397	0.256	0.284	0.081	0.341	0.261	0.283	0.066	0.397	0.274	0.294	0.034	0.382	0.249	0.218	0.08	0.376	0.294	0.256	0.053	0.372	0.301	0.306	0.053	0.372	0.312	0.293	0.083	0.402	0.293	0.2	0.084	0.402	0.293	0.28	0.0	0.408	0.321	0.244	0.084	0.215
42	0.17	0.077	0.279	0.253	0.347	0.057	0.351	0.281	0.36	0.058	0.325	0.249	0.363	0.073	0.261	0.24	0.362	0.06	0.281	0.237	0.317	0.062	0.307	0.228	0.365	0.06	0.294	0.244	0.368	0.062	0.322	0.289	0.419	0.039	0.364	0.285	0.39	0.109	0.355	0.231	0.381	0.0	0.358	0.243	0.354	0.182
43	0.333	0.393	0.141	0.538	0.351	0.353	0.1	0.476	0.275	0.363	0.085	0.459	0.345	0.387	0.143	0.464	0.344	0.333	0.158	0.426	0.275	0.339	0.119	0.42	0.297	0.375	0.099	0.472	0.32	0.372	0.071	0.495	0.288	0.376	0.073	0.448	0.27	0.31	0.09	0.514	0.325	0.39	0.0	0.421	0.279	0.276
44	0.166	0.287	0.363	0.089	0.177	0.259	0.375	0.089	0.245	0.257	0.395	0.05	0.203	0.315	0.302	0.052	0.267	0.252	0.297	0.058	0.236	0.244	0.376	0.04	0.233	0.217	0.402	0.073	0.225	0.292	0.365	0.07	0.298	0.285	0.379	0.05	0.319	0.293	0.375	0.069	0.229	0.246	0.458	0.0	0.239	0.186
45	0.191	0.428	0.259	0.314	0.117	0.319	0.212	0.313	0.027	0.32	0.216	0.258	0.078	0.374	0.225	0.265	0.075	0.358	0.168	0.223	0.045	0.3	0.253	0.271	0.044	0.301	0.258	0.325	0.054	0.35	0.267	0.275	0.068	0.385	0.211	0.219	0.087	0.318	0.209	0.299	0.086	0.334	0.283	0.26	0.0	0.185
60	0.036	0.249	0.228	0.226	0.199	0.192	0.208	0.238	0.195	0.159	0.225	0.205	0.168	0.208	0.172	0.198	0.213	0.186	0.164	0.129	0.16	0.172	0.204	0.178	0.202	0.141	0.225	0.221	0.2	0.186	0.245	0.239	0.212	0.21	0.26	0.162	0.237	0.206	0.212	0.202	0.222	0.202	0.283	0.176	0.187	0.0

[*,*,2]:	1	2	3	4	5	6	7	8	9	10	11	12	13	14	15	16	17	18	19	20	21	22	23	24	25	26	27	28	29	30	31	32	33	34	35	36	37	38	39	40	41	42	43	44	45	60:=
1	0.0	0.242	0.209	0.21	0.2	0.16	0.225	0.222	0.176	0.155	0.242	0.16	0.172	0.205	0.189	0.154	0.22	0.182	0.157	0.114	0.168	0.143	0.22	0.162	0.18	0.133	0.241	0.202	0.178	0.183	0.262	0.19	0.223	0.202	0.238	0.149	0.248	0.176	0.229	0.185	0.228	0.166	0.3	0.16	0.169	0.037
2	0.225	0.0	0.258	0.306	0.408	0.074	0.332	0.337	0.417	0.086	0.359	0.307	0.365	0.063	0.294	0.256	0.419	0.082	0.275	0.26	0.374	0.102	0.286	0.285	0.423	0.104	0.32	0.299	0.368	0.073	0.349	0.298	0.412	0.058	0.397	0.3	0.445	0.111	0.334	0.286	0.44	0.07	0.384	0.302	0.353	0.237
3	0.212	0.281	0.0	0.391	0.33	0.237	0.098	0.411	0.272	0.209	0.116	0.385	0.278	0.224	0.077	0.384	0.297	0.223	0.113	0.298	0.259	0.227	0.041	0.351	0.293	0.224	0.065	0.395	0.308	0.213	0.084	0.423	0.261	0.269	0.131	0.326	0.289	0.195	0.103	0.369	0.322	0.275	0.128	0.354	0.272	0.202
4	0.198	0.309	0.426	0.0	0.234	0.293	0.381	0.042	0.312	0.293	0.402	0.054	0.267	0.299	0.365	0.07	0.285	0.286	0.363	0.106	0.266	0.28	0.442	0.068	0.297	0.25	0.404	0.043	0.29	0.28	0.43	0.045	0.314	0.266	0.448	0.111	0.334	0.333	0.444	0.044	0.29	0.272	0.454	0.081	0.306	0.218
5	0.175	0.384	0.334	0.254	0.0	0.342	0.301	0.209	0.11	0.342	0.266	0.209	0.05	0.344	0.263	0.219	0.094	0.33	0.243	0.186	0.086	0.323	0.333	0.187	0.087	0.314	0.295	0.23	0.074	0.376	0.309	0.215	0.141	0.342	0.299	0.161	0.127	0.354	0.298	0.209	0.071	0.347	0.376	0.175	0.107	0.178
6	0.178	0.076	0.224	0.297	0.318	0.0	0.294	0.278	0.32	0.03	0.319	0.248	0.33	0.055	0.212	0.241	0.382	0.023	0.233	0.231	0.283	0.033	0.25	0.265	0.327	0.066	0.283	0.246	0.332	0.035	0.267	0.286	0.373	0.058	0.306	0.276	0.406	0.067	0.298	0.272	0.344	0.053	0.352	0.238	0.315	0.16
7	0.233	0.316	0.1	0.421	0.304	0.273	0.0	0.435	0.193	0.279	0.034	0.353	0.251	0.307	0.073	0.356	0.255	0.302	0.076	0.319	0.225	0.259	0.079	0.376	0.214	0.285	0.064	0.366	0.231	0.291	0.06	0.384	0.21	0.347	0.046	0.339	0.235	0.243	0.028	0.399	0.241	0.304	0.093	0.374	0.195	0.221
8	0.214	0.349	0.391	0.043	0.23	0.281	0.405	0.0	0.272	0.282	0.426	0.065	0.229	0.335	0.389	0.073	0.288	0.32	0.33	0.114	0.271	0.268	0.405	0.076	0.3	0.243	0.432	0.067	0.25	0.315	0.457	0.028	0.322	0.302	0.404	0.09	0.341	0.369	0.403	0.062	0.29	0.265	0.483	0.083	0.267	0.235
9	0.185	0.403	0.241	0.297	0.112	0.352	0.195	0.296	0.0	0.302	0.199	0.287	0.076	0.352	0.211	0.251	0.065	0.338	0.184	0.214	0.051	0.331	0.234	0.258	0.045	0.285	0.239	0.309	0.052	0.33	0.246	0.304	0.053	0.363	0.226	0.209	0.07	0.35	0.192	0.283	0.077	0.314	0.259	0.248	0.03	0.179
10	0.151	0.09	0.236	0.26	0.327	0.031	0.262	0.285	0.329	0.0	0.285	0.253	0.337	0.061	0.221	0.244	0.337	0.035	0.241	0.199	0.291	0.025	0.224	0.23	0.336	0.059	0.254	0.251	0.34	0.043	0.281	0.293	0.329	0.066	0.32	0.239	0.36	0.078	0.31	0.237	0.354	0.055	0.317	0.242	0.324	0.159
11	0.22	0.35	0.121	0.387	0.276	0.304	0.035	0.401	0.201	0.31	0.0	0.382	0.265	0.292	0.091	0.385	0.227	0.288	0.09	0.345	0.203	0.289	0.098	0.348	0.224	0.316	0.07	0.396	0.242	0.277	0.063	0.414	0.215	0.329	0.038	0.365	0.206	0.273	0.026	0.369	0.252	0.337	0.081	0.346	0.204	0.209
12	0.185	0.279	0.376	0.056	0.202	0.257	0.394	0.057	0.271	0.256	0.355	0.0	0.23	0.31	0.319	0.035	0.293	0.251	0.316	0.083	0.227	0.244	0.391	0.033	0.258	0.215	0.418	0.041	0.251	0.289	0.381	0.05	0.324	0.236	0.397	0.079	0.295	0.294	0.393	0.034	0.254	0.24	0.475	0.047	0.265	0.177
13	0.184	0.36	0.296	0.261	0.044	0.318	0.261	0.255	0.078	0.318	0.268	0.213	0.0	0.374	0.228	0.221	0.073	0.305	0.208	0.185	0.065	0.299	0.293	0.223	0.058	0.293	0.303	0.234	0.044	0.35	0.27	0.224	0.111	0.375	0.259	0.169	0.12	0.325	0.258	0.249	0.055	0.326	0.333	0.179	0.074	0.184
14	0.205	0.067	0.221	0.318	0.393	0.049	0.297	0.347	0.335	0.063	0.322	0.269	0.349	0.0	0.255	0.263	0.399	0.05	0.242	0.257	0.351	0.063	0.249	0.29	0.342	0.095	0.282	0.31	0.349	0.038	0.31	0.306	0.388	0.075	0.307	0.299	0.421	0.055	0.3	0.295	0.42	0.072	0.348	0.303	0.331	0.213
15	0.176	0.294	0.07	0.361	0.28	0.207	0.077	0.376	0.218	0.21	0.093	0.35	0.231	0.238	0.0	0.299	0.248	0.229	0.046	0.264	0.207	0.227	0.065	0.317	0.24	0.218	0.077	0.363	0.217	0.222	0.093	0.33	0.214	0.273	0.117	0.29	0.241	0.212	0.085	0.339	0.27	0.236	0.139	0.317	0.185	0.164
16	0.156	0.279	0.384	0.064	0.216	0.255	0.347	0.077	0.284	0.216	0.367	0.036	0.208	0.266	0.326	0.0	0.266	0.25	0.323	0.066	0.238	0.241	0.342	0.032	0.272	0.179	0.368	0.049	0.264	0.247	0.393	0.071	0.292	0.235	0.41	0.075	0.313	0.295	0.346	0.038	0.27	0.236	0.421	0.051	0.277	0.176
17	0.207	0.424	0.323	0.285	0.087	0.378	0.231	0.281	0.068	0.379	0.236	0.28	0.075	0.376	0.251	0.29	0.0	0.363	0.227	0.216	0.075	0.357	0.315	0.253	0.045	0.356	0.275	0.301	0.054	0.353	0.284	0.29	0.065	0.383	0.264	0.235	0.064	0.379	0.265	0.276	0.034	0.39	0.291	0.242	0.073	0.206
18	0.16	0.077	0.226	0.31	0.33	0.025	0.298	0.291	0.33	0.037	0.278	0.261	0.341	0.043	0.216	0.253	0.394	0.0	0.238	0.243	0.293	0.038	0.253	0.238	0.338	0.074	0.245	0.259	0.343	0.029	0.271	0.3	0.384	0.064	0.312	0.288	0.358	0.062	0.303	0.244	0.355	0.06	0.357	0.25	0.325	0.167
19	0.174	0.282	0.106	0.368	0.226	0.233	0.081	0.325	0.167	0.235	0.094	0.304	0.215	0.27	0.048	0.304	0.23	0.221	0.0	0.264	0.159	0.218	0.098	0.32	0.188	0.238	0.104	0.318	0.199	0.251	0.098	0.335	0.194	0.258	0.105	0.288	0.221	0.212	0.089	0.344	0.215	0.261	0.158	0.272	0.166	0.137
20	0.118	0.247	0.306	0.117	0.188	0.215	0.319	0.122	0.212	0.212	0.337	0.074	0.178	0.266	0.251	0.068	0.238	0.245	0.246	0.0	0.201	0.2	0.318	0.064	0.203	0.176	0.342	0.092	0.196	0.244	0.365	0.1	0.262	0.241	0.325	0.064	0.283	0.245	0.319	0.092	0.205	0.205	0.397	0.058	0.205	0.137
21	0.162	0.387	0.247	0.272	0.094	0.287	0.21	0.271	0.047	0.288	0.216	0.259	0.058	0.339	0.215	0.227	0.077	0.323	0.161	0.188	0.0	0.269	0.243	0.231	0.055	0.268	0.25	0.281	0.045	0.316	0.261	0.237	0.086	0.346	0.211	0.183	0.102	0.339	0.208	0.257	0.082	0.299	0.279	0.22	0.039	0.157
22	0.151	0.098	0.201	0.267	0.33	0.036	0.263	0.292	0.331	0.023	0.286	0.259	0.291	0.066	0.22	0.213	0.34	0.039	0.24	0.203	0.293	0.0	0.224	0.236	0.339	0.053	0.254	0.258	0.293	0.046	0.281	0.299	0.332	0.074	0.321	0.244	0.363	0.078	0.266	0.244	0.358	0.054	0.319	0.247	0.325	0.158
23	0.214	0.3	0.046	0.392	0.318	0.256	0.074	0.41	0.255	0.224	0.09	0.386	0.311	0.243	0.069	0.386	0.28	0.241	0.1	0.299	0.246	0.244	0.0	0.352	0.277	0.277	0.04	0.398	0.293	0.231	0.059	0.423	0.242	0.286	0.104	0.324	0.269	0.217	0.093	0.371	0.305	0.293	0.105	0.354	0.255	0.204
24	0.147	0.279	0.368	0.065	0.195	0.253	0.384	0.072	0.262	0.25	0.348	0.035	0.22	0.263	0.31	0.034	0.244	0.247	0.306	0.066	0.218	0.238	0.382	0.0	0.25	0.21	0.35	0.057	0.242	0.244	0.374	0.065	0.315	0.235	0.389	0.069	0.289	0.29	0.384	0.044	0.247	0.237	0.4	0.035	0.255	0.166
25	0.208	0.385	0.287	0.311	0.083	0.339	0.239	0.263	0.043	0.34	0.208	0.258	0.063	0.395	0.218	0.266	0.047	0.325	0.195	0.227	0.049	0.319	0.28	0.232	0.0	0.319	0.285	0.278	0.035	0.371	0.253	0.271	0.068	0.345	0.235	0.215	0.067	0.34	0.235	0.297	0.048	0.352	0.308	0.222	0.045	0.175
26	0.143	0.103	0.239	0.244	0.281	0.064	0.296	0.27	0.293	0.056	0.319	0.2	0.293	0.102	0.215	0.191	0.348	0.066	0.229	0.182	0.298	0.054	0.262	0.212	0.297	0.0	0.293	0.199	0.299	0.083	0.274	0.237	0.346	0.08	0.308	0.227	0.376	0.107	0.299	0.22	0.311	0.054	0.361	0.192	0.287	0.155
27	0.241	0.343	0.064	0.43	0.337	0.254	0.062	0.447	0.227	0.261	0.077	0.362	0.282	0.282	0.083	0.364	0.293	0.279	0.093	0.33	0.259	0.242	0.041	0.386	0.247	0.273	0.0	0.435	0.264	0.269	0.038	0.395	0.249	0.326	0.074	0.354	0.276	0.218	0.066	0.407	0.319	0.287	0.089	0.387	0.228	0.23
28	0.189	0.299	0.363	0.042	0.245	0.24	0.385	0.065	0.319	0.239	0.406	0.045	0.237	0.289	0.363	0.045	0.297	0.274	0.31	0.096	0.272	0.267	0.379	0.058	0.306	0.201	0.406	0.0	0.256	0.27	0.433	0.054	0.325	0.253	0.451	0.097	0.346	0.323	0.383	0.029	0.302	0.221	0.46	0.076	0.268	0.21
29	0.18	0.4	0.308	0.267	0.073	0.352	0.225	0.263	0.059	0.302	0.231	0.257	0.041	0.354	0.236	0.264	0.05	0.339	0.211	0.192	0.047	0.331	0.259	0.231	0.036	0.281	0.267	0.279	0.0	0.331	0.277	0.27	0.078	0.359	0.261	0.18	0.087	0.356	0.222	0.255	0.049	0.363	0.29	0.219	0.056	0.178
30	0.172	0.074	0.232	0.28	0.347	0.035	0.264	0.307	0.346	0.048	0.288	0.276	0.358	0.036	0.225	0.268	0.353	0.027	0.248	0.221	0.309	0.048	0.26	0.253	0.354	0.085	0.253	0.274	0.36	0.0	0.279	0.316	0.343	0.066	0.322	0.305	0.374	0.059	0.313	0.259	0.373	0.067	0.315	0.265	0.341	0.179
31	0.229	0.329	0.085	0.467	0.309	0.287	0.06	0.416	0.24	0.294	0.061	0.396	0.302	0.271	0.087	0.398	0.308	0.271	0.106	0.361	0.237	0.274	0.062	0.36	0.262	0.306	0.033	0.408	0.28	0.303	0.0	0.43	0.26	0.313	0.064	0.385	0.247	0.249	0.06	0.38	0.29	0.322	0.076	0.362	0.242	0.219
32	0.212	0.306	0.399	0.046	0.2	0.286	0.413	0.027	0.277	0.286	0.434	0.049	0.232	0.341	0.339	0.067	0.294	0.278	0.335	0.108	0.234	0.272	0.413	0.068	0.261	0.246	0.44	0.056	0.254	0.32	0.4	0.0	0.329	0.263	0.414	0.085	0.348	0.322	0.411	0.057	0.253	0.269	0.494	0.064	0.272	0.2
33	0.231	0.391	0.267	0.347	0.143	0.347	0.21	0.346	0.052	0.35	0.21	0.291	0.107	0.402	0.203	0.299	0.071	0.388	0.18	0.262	0.092	0.328	0.257	0.308	0.061	0.334	0.258	0.309	0.08	0.379	0.263	0.306	0.0	0.416	0.202	0.254	0.039	0.342	0.204	0.334	0.078	0.364	0.268	0.297	0.062	0.224
34	0.195	0.06	0.256	0.272	0.376	0.059	0.323	0.302	0.333	0.065	0.349	0.269	0.337	0.072	0.283	0.223	0.392	0.07	0.262	0.225	0.346	0.068	0.282	0.249	0.394	0.072	0.315	0.262	0.341	0.068	0.344	0.266	0.388	0.0	0.332	0.267	0.42	0.116	0.326	0.251	0.41	0.036	0.381	0.265	0.329	0.207
35	0.251	0.384	0.116	0.427	0.306	0.336	0.047	0.441	0.226	0.294	0.038	0.421	0.253	0.322	0.113	0.363	0.252	0.319	0.115	0.329	0.23	0.321	0.095	0.385	0.25	0.3	0.078	0.436	0.231	0.307	0.066	0.455	0.204	0.362	0.0	0.346	0.227	0.301	0.036	0.407	0.279	0.318	0.069	0.384	0.229	0.239
36	0.146	0.315	0.368	0.098	0.154	0.282	0.319	0.092	0.227	0.239	0.336	0.078	0.179	0.292	0.304	0.085	0.208	0.275	0.295	0.06	0.185	0.265	0.324	0.064	0.213	0.24	0.346	0.102	0.203	0.271	0.368	0.087	0.238	0.27	0.376	0.0	0.255	0.314	0.371	0.086	0.208	0.272	0.392	0.047	0.221	0.162
37	0.225	0.434	0.303	0.322	0.132	0.388	0.24	0.321	0.071	0.391	0.206	0.318	0.119	0.382	0.235	0.328	0.062	0.371	0.211	0.289	0.096	0.367	0.292	0.289	0.072	0.372	0.251	0.338	0.091	0.36	0.256	0.332	0.04	0.396	0.23	0.277	0.0	0.382	0.234	0.311	0.081	0.404	0.257	0.28	0.082	0.221
38	0.204	0.101	0.191	0.349	0.341	0.069	0.271	0.323	0.33	0.079	0.253	0.294	0.35	0.064	0.193	0.288	0.397	0.06	0.22	0.274	0.297	0.073	0.219	0.269	0.34	0.115	0.251	0.294	0.348	0.062	0.24	0.334	0.381	0.101	0.284	0.318	0.355	0.0	0.275	0.324	0.36	0.105	0.321	0.279	0.326	0.178
39	0.246	0.33	0.11	0.434	0.267	0.287	0.029	0.448	0.197	0.293	0.026	0.366	0.258	0.322	0.084	0.369	0.259	0.271	0.086	0.331	0.231	0.273	0.087	0.389	0.219	0.299	0.071	0.379	0.236	0.306	0.054	0.397	0.212	0.362	0.037	0.351	0.237	0.256	0.0	0.412	0.245	0.319	0.087	0.331	0.199	0.233
40	0.185	0.306	0.365	0.047	0.239	0.244	0.385	0.064	0.27	0.243	0.406	0.029	0.232	0.295	0.363	0.037	0.293	0.279	0.309	0.089	0.267	0.232	0.38	0.048	0.257	0.204	0.407	0.031	0.252	0.275	0.434	0.051	0.322	0.26	0.387	0.089	0.343	0.28	0.384	0.0	0.297	0.226	0.463	0.066	0.264	0.206
41	0.213	0.44	0.296	0.286	0.075	0.335	0.253	0.28	0.08	0.337	0.258	0.279	0.056	0.392	0.27	0.248	0.033	0.377	0.21	0.216	0.079	0.37	0.291	0.253	0.053	0.315	0.298	0.302	0.045	0.368	0.308	0.247	0.083	0.396	0.288	0.198	0.083	0.396	0.248	0.277	0.0	0.345	0.317	0.241	0.071	0.212
42	0.168	0.076	0.275	0.25	0.343	0.056	0.297	0.278	0.355	0.049	0.321	0.246	0.306	0.073	0.257	0.236	0.358	0.06	0.277	0.2	0.314	0.061	0.259	0.226	0.36	0.05	0.291	0.241	0.363	0.062	0.318	0.285	0.355	0.038	0.359	0.241	0.386	0.107	0.299	0.229	0.376	0.0	0.354	0.24	0.349	0.18
43	0.282	0.389	0.139	0.454	0.347	0.348	0.084	0.471	0.271	0.357	0.084	0.453	0.34	0.327	0.141	0.458	0.291	0.329	0.156	0.359	0.272	0.335	0.118	0.415	0.294	0.369	0.083	0.466	0.315	0.315	0.07	0.488	0.243	0.372	0.072	0.441	0.267	0.306	0.089	0.435	0.321	0.385	0.0	0.416	0.276	0.273
44	0.14	0.284	0.358	0.088	0.175	0.256	0.37	0.076	0.242	0.253	0.334	0.049	0.2	0.266	0.299	0.052	0.263	0.25	0.293	0.058	0.2	0.241	0.371	0.034	0.23	0.214	0.339	0.072	0.222	0.288	0.362	0.069	0.294	0.241	0.375	0.05	0.269	0.29	0.37	0.058	0.227	0.242	0.452	0.0	0.236	0.157
45	0.188	0.362	0.256	0.31	0.099	0.315	0.209	0.264	0.027	0.316	0.213	0.255	0.077	0.369	0.19	0.261	0.074	0.302	0.166	0.22	0.038	0.296	0.249	0.267	0.043	0.298	0.254	0.275	0.053	0.345	0.225	0.272	0.067	0.324	0.209	0.216	0.085	0.314	0.207	0.294	0.073	0.329	0.279	0.219	0.0	0.156
60	0.036	0.245	0.193	0.224	0.196	0.162	0.206	0.235	0.164	0.157	0.222	0.202	0.166	0.206	0.169	0.168	0.211	0.184	0.139	0.128	0.157	0.145	0.202	0.176	0.199	0.139	0.222	0.218	0.169	0.184	0.241	0.202	0.209	0.207	0.219	0.16	0.234	0.203	0.209	0.199	0.219	0.171	0.279	0.173	0.158	0.0

[*,*,3]:	1	2	3	4	5	6	7	8	9	10	11	12	13	14	15	16	17	18	19	20	21	22	23	24	25	26	27	28	29	30	31	32	33	34	35	36	37	38	39	40	41	42	43	44	45	60:=
1	0.0	0.202	0.204	0.205	0.166	0.156	0.219	0.184	0.172	0.151	0.236	0.157	0.167	0.2	0.158	0.15	0.214	0.152	0.153	0.111	0.14	0.14	0.214	0.157	0.176	0.129	0.235	0.169	0.173	0.178	0.218	0.186	0.217	0.168	0.233	0.145	0.241	0.172	0.223	0.18	0.19	0.162	0.292	0.133	0.165	0.031
2	0.219	0.0	0.252	0.298	0.397	0.072	0.324	0.328	0.348	0.084	0.349	0.256	0.356	0.061	0.245	0.25	0.408	0.08	0.268	0.253	0.364	0.085	0.279	0.278	0.353	0.102	0.311	0.249	0.359	0.072	0.34	0.291	0.401	0.056	0.331	0.293	0.433	0.092	0.326	0.278	0.366	0.068	0.374	0.293	0.344	0.231
3	0.207	0.274	0.0	0.382	0.321	0.198	0.095	0.4	0.227	0.204	0.113	0.375	0.271	0.218	0.075	0.32	0.289	0.217	0.094	0.291	0.253	0.189	0.04	0.342	0.285	0.219	0.063	0.384	0.257	0.208	0.082	0.353	0.254	0.262	0.109	0.319	0.282	0.19	0.101	0.36	0.313	0.23	0.124	0.344	0.226	0.197
4	0.193	0.301	0.354	0.0	0.228	0.285	0.372	0.041	0.303	0.244	0.392	0.052	0.223	0.292	0.356	0.058	0.278	0.279	0.354	0.103	0.259	0.272	0.369	0.066	0.289	0.209	0.394	0.042	0.241	0.274	0.419	0.044	0.307	0.259	0.436	0.093	0.326	0.324	0.37	0.043	0.282	0.226	0.443	0.079	0.298	0.213
5	0.171	0.375	0.325	0.212	0.0	0.333	0.251	0.204	0.107	0.285	0.259	0.204	0.048	0.336	0.257	0.213	0.078	0.322	0.237	0.155	0.083	0.314	0.277	0.183	0.084	0.305	0.288	0.225	0.072	0.314	0.301	0.209	0.118	0.333	0.291	0.134	0.124	0.345	0.29	0.204	0.069	0.338	0.314	0.171	0.104	0.174
6	0.149	0.074	0.218	0.247	0.31	0.0	0.286	0.271	0.312	0.03	0.266	0.242	0.321	0.046	0.207	0.234	0.318	0.023	0.227	0.225	0.277	0.032	0.244	0.221	0.319	0.064	0.236	0.24	0.323	0.029	0.26	0.279	0.363	0.057	0.298	0.268	0.339	0.065	0.29	0.227	0.335	0.052	0.293	0.232	0.307	0.156
7	0.227	0.309	0.098	0.409	0.254	0.266	0.0	0.362	0.188	0.271	0.029	0.345	0.245	0.299	0.071	0.347	0.249	0.252	0.074	0.31	0.188	0.253	0.077	0.313	0.209	0.278	0.063	0.357	0.225	0.284	0.05	0.375	0.204	0.289	0.045	0.33	0.196	0.237	0.028	0.388	0.235	0.296	0.09	0.312	0.19	0.184
8	0.208	0.291	0.381	0.042	0.192	0.275	0.395	0.0	0.265	0.275	0.414	0.054	0.223	0.326	0.325	0.072	0.281	0.267	0.322	0.111	0.263	0.262	0.395	0.074	0.25	0.237	0.42	0.056	0.244	0.306	0.381	0.027	0.314	0.294	0.394	0.088	0.332	0.308	0.393	0.061	0.242	0.258	0.47	0.069	0.261	0.228
9	0.18	0.392	0.235	0.29	0.109	0.294	0.19	0.289	0.0	0.295	0.194	0.239	0.074	0.343	0.205	0.245	0.063	0.329	0.153	0.209	0.05	0.276	0.229	0.252	0.038	0.278	0.232	0.3	0.051	0.321	0.24	0.254	0.052	0.353	0.188	0.204	0.068	0.291	0.187	0.276	0.075	0.307	0.252	0.241	0.025	0.174
10	0.147	0.088	0.196	0.253	0.318	0.026	0.256	0.278	0.32	0.0	0.278	0.246	0.281	0.06	0.215	0.203	0.328	0.034	0.201	0.194	0.284	0.025	0.219	0.225	0.327	0.049	0.248	0.245	0.284	0.041	0.273	0.244	0.321	0.064	0.312	0.234	0.351	0.076	0.259	0.232	0.345	0.046	0.31	0.235	0.269	0.155
11	0.214	0.341	0.118	0.378	0.269	0.296	0.029	0.391	0.196	0.258	0.0	0.372	0.221	0.285	0.089	0.375	0.222	0.281	0.088	0.288	0.198	0.282	0.082	0.339	0.218	0.263	0.068	0.386	0.236	0.271	0.062	0.403	0.179	0.321	0.037	0.304	0.201	0.266	0.022	0.36	0.246	0.327	0.079	0.338	0.198	0.204
12	0.155	0.272	0.366	0.047	0.197	0.251	0.328	0.055	0.264	0.249	0.347	0.0	0.223	0.259	0.311	0.034	0.244	0.245	0.307	0.069	0.222	0.238	0.38	0.032	0.251	0.21	0.349	0.04	0.244	0.241	0.372	0.049	0.27	0.23	0.387	0.077	0.288	0.287	0.383	0.028	0.247	0.233	0.396	0.046	0.258	0.173
13	0.153	0.352	0.288	0.254	0.043	0.31	0.254	0.213	0.076	0.31	0.224	0.208	0.0	0.312	0.223	0.216	0.071	0.298	0.202	0.18	0.054	0.291	0.286	0.186	0.057	0.286	0.252	0.228	0.043	0.34	0.264	0.218	0.108	0.313	0.253	0.164	0.1	0.317	0.251	0.207	0.054	0.317	0.324	0.175	0.072	0.154
14	0.2	0.056	0.216	0.309	0.328	0.048	0.289	0.289	0.327	0.061	0.313	0.262	0.34	0.0	0.213	0.256	0.389	0.041	0.236	0.25	0.293	0.061	0.243	0.282	0.334	0.093	0.274	0.259	0.341	0.037	0.258	0.299	0.378	0.062	0.299	0.292	0.41	0.054	0.292	0.287	0.351	0.07	0.339	0.253	0.323	0.177
15	0.171	0.245	0.069	0.352	0.272	0.202	0.075	0.366	0.182	0.205	0.091	0.292	0.225	0.231	0.0	0.292	0.242	0.223	0.045	0.257	0.202	0.19	0.064	0.309	0.2	0.212	0.075	0.303	0.212	0.216	0.09	0.323	0.208	0.266	0.098	0.282	0.234	0.177	0.083	0.33	0.225	0.23	0.136	0.308	0.181	0.159
16	0.152	0.272	0.32	0.062	0.211	0.213	0.339	0.075	0.236	0.211	0.358	0.035	0.203	0.259	0.317	0.0	0.26	0.243	0.269	0.064	0.232	0.201	0.334	0.032	0.265	0.175	0.359	0.047	0.221	0.241	0.383	0.059	0.285	0.229	0.342	0.073	0.305	0.287	0.338	0.037	0.263	0.197	0.41	0.05	0.231	0.172
17	0.202	0.413	0.269	0.278	0.084	0.367	0.226	0.274	0.066	0.316	0.23	0.272	0.062	0.366	0.245	0.241	0.0	0.354	0.221	0.211	0.074	0.347	0.263	0.247	0.044	0.297	0.268	0.293	0.045	0.344	0.277	0.282	0.063	0.373	0.257	0.196	0.062	0.369	0.221	0.269	0.033	0.324	0.284	0.236	0.071	0.2
18	0.156	0.075	0.22	0.259	0.322	0.024	0.249	0.284	0.322	0.031	0.271	0.254	0.332	0.042	0.211	0.246	0.329	0.0	0.232	0.202	0.286	0.037	0.211	0.232	0.329	0.072	0.239	0.252	0.334	0.025	0.264	0.292	0.32	0.062	0.304	0.24	0.349	0.061	0.294	0.238	0.346	0.059	0.298	0.244	0.317	0.163
19	0.145	0.275	0.104	0.306	0.221	0.227	0.079	0.318	0.163	0.229	0.079	0.297	0.21	0.225	0.046	0.296	0.191	0.216	0.0	0.257	0.156	0.213	0.095	0.267	0.183	0.231	0.086	0.31	0.194	0.209	0.096	0.327	0.189	0.252	0.102	0.28	0.184	0.207	0.087	0.287	0.21	0.254	0.131	0.265	0.162	0.134
20	0.115	0.241	0.298	0.113	0.157	0.21	0.31	0.102	0.206	0.206	0.281	0.072	0.174	0.259	0.245	0.066	0.232	0.205	0.24	0.0	0.168	0.195	0.31	0.054	0.198	0.171	0.332	0.089	0.191	0.237	0.304	0.098	0.255	0.201	0.317	0.063	0.235	0.24	0.311	0.09	0.2	0.2	0.386	0.049	0.2	0.114
21	0.158	0.323	0.241	0.265	0.078	0.28	0.204	0.263	0.046	0.28	0.21	0.216	0.057	0.33	0.179	0.221	0.075	0.269	0.158	0.183	0.0	0.262	0.237	0.225	0.046	0.261	0.244	0.234	0.044	0.308	0.217	0.231	0.084	0.336	0.206	0.178	0.099	0.283	0.203	0.251	0.068	0.291	0.272	0.183	0.038	0.153
22	0.147	0.096	0.196	0.26	0.321	0.03	0.256	0.285	0.276	0.023	0.278	0.215	0.284	0.064	0.214	0.208	0.332	0.038	0.2	0.197	0.285	0.0	0.219	0.229	0.282	0.052	0.248	0.251	0.286	0.045	0.273	0.25	0.324	0.072	0.268	0.238	0.354	0.065	0.26	0.237	0.348	0.053	0.311	0.24	0.272	0.154
23	0.209	0.292	0.038	0.383	0.31	0.213	0.072	0.4	0.248	0.219	0.088	0.376	0.259	0.237	0.067	0.322	0.273	0.235	0.083	0.292	0.24	0.238	0.0	0.343	0.269	0.232	0.039	0.387	0.244	0.225	0.057	0.352	0.236	0.279	0.101	0.317	0.262	0.211	0.077	0.362	0.297	0.244	0.102	0.345	0.212	0.199
24	0.143	0.271	0.358	0.064	0.19	0.246	0.321	0.07	0.255	0.209	0.339	0.034	0.183	0.257	0.302	0.033	0.238	0.241	0.297	0.055	0.212	0.232	0.319	0.0	0.243	0.175	0.342	0.055	0.235	0.238	0.365	0.063	0.263	0.229	0.379	0.058	0.282	0.282	0.32	0.043	0.241	0.23	0.39	0.034	0.248	0.162
25	0.173	0.375	0.279	0.259	0.081	0.33	0.199	0.257	0.042	0.331	0.203	0.251	0.061	0.33	0.213	0.259	0.039	0.317	0.19	0.189	0.047	0.311	0.272	0.226	0.0	0.31	0.238	0.271	0.034	0.309	0.247	0.264	0.057	0.337	0.229	0.209	0.065	0.332	0.229	0.248	0.047	0.342	0.257	0.216	0.044	0.17
26	0.119	0.101	0.233	0.238	0.274	0.062	0.288	0.226	0.285	0.054	0.266	0.195	0.286	0.085	0.21	0.186	0.338	0.065	0.223	0.177	0.249	0.053	0.255	0.177	0.289	0.0	0.244	0.194	0.291	0.081	0.268	0.231	0.337	0.067	0.3	0.221	0.314	0.105	0.291	0.183	0.303	0.052	0.351	0.187	0.28	0.129
27	0.235	0.286	0.062	0.418	0.281	0.248	0.061	0.372	0.222	0.254	0.075	0.353	0.275	0.274	0.069	0.355	0.285	0.233	0.091	0.321	0.216	0.236	0.04	0.376	0.241	0.266	0.0	0.363	0.257	0.261	0.031	0.386	0.243	0.272	0.072	0.345	0.269	0.213	0.064	0.396	0.266	0.28	0.086	0.323	0.223	0.191
28	0.184	0.249	0.354	0.041	0.238	0.234	0.375	0.063	0.267	0.233	0.395	0.038	0.231	0.282	0.303	0.044	0.29	0.267	0.302	0.094	0.264	0.223	0.369	0.057	0.255	0.196	0.396	0.0	0.25	0.263	0.421	0.053	0.317	0.247	0.377	0.095	0.337	0.269	0.374	0.028	0.251	0.216	0.448	0.074	0.262	0.204
29	0.175	0.39	0.257	0.26	0.071	0.293	0.22	0.256	0.049	0.294	0.225	0.25	0.04	0.345	0.23	0.221	0.048	0.33	0.176	0.187	0.046	0.276	0.253	0.225	0.035	0.274	0.26	0.271	0.0	0.323	0.27	0.225	0.076	0.349	0.217	0.176	0.085	0.347	0.217	0.249	0.048	0.303	0.283	0.213	0.047	0.173
30	0.168	0.072	0.193	0.274	0.338	0.034	0.258	0.299	0.337	0.04	0.281	0.269	0.298	0.035	0.219	0.223	0.344	0.026	0.242	0.216	0.301	0.047	0.217	0.247	0.345	0.071	0.246	0.266	0.299	0.0	0.272	0.308	0.335	0.065	0.313	0.255	0.365	0.057	0.261	0.253	0.363	0.056	0.307	0.258	0.332	0.175
31	0.224	0.321	0.083	0.39	0.301	0.279	0.05	0.405	0.234	0.245	0.059	0.386	0.293	0.265	0.085	0.387	0.257	0.264	0.103	0.301	0.231	0.267	0.051	0.352	0.256	0.298	0.032	0.397	0.273	0.253	0.0	0.419	0.217	0.305	0.063	0.321	0.241	0.243	0.058	0.371	0.283	0.313	0.064	0.353	0.236	0.214
32	0.177	0.298	0.389	0.038	0.195	0.279	0.402	0.027	0.27	0.278	0.362	0.047	0.226	0.284	0.331	0.066	0.244	0.272	0.327	0.105	0.228	0.266	0.402	0.057	0.255	0.239	0.367	0.054	0.248	0.266	0.39	0.0	0.32	0.256	0.403	0.082	0.29	0.314	0.401	0.048	0.247	0.262	0.411	0.063	0.265	0.195
33	0.224	0.382	0.26	0.338	0.119	0.339	0.204	0.288	0.051	0.341	0.175	0.284	0.104	0.391	0.198	0.292	0.069	0.324	0.176	0.255	0.077	0.32	0.251	0.256	0.06	0.325	0.251	0.302	0.078	0.368	0.22	0.298	0.0	0.347	0.197	0.247	0.033	0.333	0.199	0.325	0.077	0.355	0.261	0.248	0.061	0.187
34	0.189	0.05	0.25	0.265	0.313	0.058	0.315	0.294	0.325	0.063	0.34	0.225	0.329	0.07	0.236	0.218	0.382	0.058	0.255	0.219	0.336	0.066	0.275	0.243	0.329	0.07	0.307	0.219	0.333	0.066	0.286	0.26	0.378	0.0	0.324	0.26	0.409	0.097	0.318	0.244	0.342	0.035	0.371	0.22	0.321	0.202
35	0.244	0.373	0.114	0.416	0.298	0.281	0.046	0.429	0.188	0.287	0.037	0.351	0.247	0.314	0.11	0.355	0.245	0.311	0.096	0.321	0.223	0.268	0.093	0.375	0.208	0.293	0.076	0.424	0.225	0.299	0.064	0.38	0.199	0.352	0.0	0.337	0.221	0.251	0.035	0.396	0.271	0.31	0.067	0.373	0.191	0.233
36	0.142	0.307	0.307	0.096	0.15	0.235	0.311	0.089	0.221	0.234	0.327	0.076	0.149	0.285	0.296	0.071	0.203	0.268	0.245	0.059	0.18	0.258	0.317	0.062	0.207	0.201	0.337	0.099	0.169	0.264	0.358	0.072	0.233	0.263	0.366	0.0	0.249	0.306	0.31	0.084	0.202	0.226	0.382	0.046	0.184	0.158
37	0.219	0.423	0.295	0.314	0.129	0.377	0.201	0.313	0.069	0.326	0.201	0.31	0.099	0.373	0.229	0.319	0.06	0.362	0.205	0.241	0.094	0.358	0.243	0.282	0.07	0.31	0.245	0.33	0.089	0.352	0.25	0.323	0.033	0.386	0.224	0.231	0.0	0.372	0.195	0.304	0.079	0.393	0.251	0.273	0.079	0.215
38	0.17	0.098	0.186	0.291	0.333	0.068	0.225	0.315	0.322	0.077	0.247	0.287	0.341	0.053	0.188	0.28	0.331	0.059	0.214	0.228	0.29	0.072	0.213	0.262	0.332	0.112	0.21	0.286	0.339	0.051	0.234	0.325	0.317	0.099	0.277	0.309	0.346	0.0	0.268	0.27	0.351	0.102	0.267	0.273	0.318	0.174
39	0.204	0.322	0.107	0.422	0.26	0.28	0.029	0.374	0.192	0.285	0.022	0.357	0.251	0.268	0.082	0.359	0.252	0.265	0.084	0.322	0.193	0.266	0.085	0.324	0.213	0.291	0.059	0.369	0.23	0.298	0.053	0.387	0.206	0.303	0.036	0.341	0.197	0.25	0.0	0.343	0.239	0.31	0.084	0.323	0.194	0.194
40	0.18	0.256	0.356	0.045	0.199	0.238	0.375	0.054	0.263	0.237	0.395	0.029	0.226	0.287	0.303	0.036	0.285	0.233	0.302	0.086	0.222	0.226	0.371	0.047	0.251	0.199	0.396	0.026	0.246	0.268	0.361	0.05	0.314	0.216	0.378	0.086	0.334	0.274	0.374	0.0	0.248	0.22	0.45	0.055	0.258	0.172
41	0.207	0.366	0.288	0.279	0.073	0.327	0.247	0.273	0.067	0.329	0.251	0.233	0.055	0.382	0.225	0.242	0.033	0.367	0.205	0.21	0.077	0.309	0.284	0.246	0.044	0.307	0.29	0.251	0.044	0.359	0.299	0.241	0.08	0.386	0.241	0.193	0.081	0.33	0.242	0.269	0.0	0.337	0.309	0.234	0.069	0.206
42	0.164	0.074	0.23	0.244	0.334	0.047	0.289	0.271	0.295	0.048	0.313	0.239	0.299	0.071	0.25	0.197	0.349	0.058	0.231	0.195	0.305	0.051	0.253	0.22	0.35	0.049	0.283	0.234	0.303	0.06	0.31	0.238	0.346	0.037	0.299	0.235	0.376	0.105	0.292	0.223	0.366	0.0	0.345	0.233	0.291	0.175
43	0.275	0.378	0.115	0.443	0.338	0.339	0.082	0.459	0.264	0.298	0.082	0.441	0.284	0.319	0.137	0.381	0.284	0.321	0.151	0.351	0.265	0.326	0.098	0.405	0.286	0.308	0.081	0.454	0.263	0.307	0.068	0.475	0.238	0.362	0.07	0.368	0.26	0.298	0.074	0.425	0.312	0.32	0.0	0.406	0.268	0.266
44	0.136	0.277	0.348	0.074	0.171	0.249	0.308	0.074	0.236	0.211	0.326	0.048	0.195	0.259	0.291	0.05	0.22	0.244	0.285	0.048	0.195	0.235	0.309	0.033	0.224	0.208	0.331	0.07	0.216	0.24	0.353	0.067	0.245	0.235	0.365	0.041	0.263	0.283	0.36	0.057	0.221	0.236	0.377	0.0	0.23	0.153
45	0.157	0.353	0.25	0.258	0.097	0.307	0.204	0.258	0.026	0.308	0.178	0.249	0.075	0.308	0.185	0.255	0.061	0.295	0.162	0.214	0.037	0.289	0.243	0.223	0.042	0.29	0.212	0.268	0.052	0.287	0.22	0.265	0.065	0.317	0.203	0.21	0.071	0.307	0.201	0.245	0.071	0.321	0.232	0.214	0.0	0.152
60	0.035	0.204	0.188	0.218	0.163	0.158	0.2	0.228	0.16	0.153	0.216	0.169	0.162	0.2	0.141	0.164	0.205	0.153	0.135	0.124	0.153	0.142	0.197	0.171	0.166	0.136	0.216	0.181	0.165	0.179	0.201	0.197	0.204	0.202	0.214	0.156	0.228	0.169	0.204	0.194	0.183	0.167	0.272	0.144	0.154	0.0

[*,*,4]:	1	2	3	4	5	6	7	8	9	10	11	12	13	14	15	16	17	18	19	20	21	22	23	24	25	26	27	28	29	30	31	32	33	34	35	36	37	38	39	40	41	42	43	44	45	60:=
1	0.0	0.2	0.203	0.174	0.165	0.155	0.217	0.183	0.17	0.149	0.2	0.156	0.166	0.17	0.157	0.149	0.182	0.151	0.152	0.11	0.139	0.139	0.212	0.134	0.174	0.128	0.199	0.168	0.172	0.151	0.217	0.184	0.215	0.167	0.231	0.144	0.205	0.171	0.221	0.153	0.189	0.16	0.247	0.132	0.164	0.031
2	0.217	0.0	0.25	0.295	0.337	0.072	0.321	0.278	0.346	0.083	0.296	0.254	0.353	0.061	0.244	0.249	0.404	0.068	0.267	0.251	0.309	0.084	0.277	0.236	0.35	0.101	0.309	0.247	0.356	0.071	0.289	0.289	0.398	0.048	0.329	0.291	0.367	0.092	0.324	0.276	0.364	0.068	0.371	0.25	0.342	0.196
3	0.205	0.232	0.0	0.379	0.273	0.197	0.095	0.396	0.225	0.202	0.112	0.318	0.27	0.217	0.063	0.318	0.287	0.184	0.094	0.289	0.25	0.188	0.039	0.339	0.243	0.218	0.062	0.326	0.256	0.206	0.07	0.351	0.252	0.259	0.109	0.316	0.279	0.162	0.1	0.357	0.266	0.228	0.123	0.292	0.225	0.195
4	0.191	0.299	0.352	0.0	0.226	0.242	0.37	0.041	0.258	0.243	0.389	0.044	0.221	0.289	0.353	0.058	0.276	0.276	0.301	0.102	0.257	0.231	0.367	0.066	0.245	0.207	0.391	0.041	0.24	0.272	0.416	0.038	0.305	0.257	0.37	0.092	0.323	0.275	0.368	0.043	0.279	0.225	0.44	0.078	0.253	0.211
5	0.169	0.371	0.276	0.21	0.0	0.282	0.249	0.203	0.106	0.283	0.257	0.202	0.041	0.334	0.255	0.181	0.078	0.319	0.201	0.154	0.083	0.311	0.276	0.182	0.084	0.259	0.286	0.223	0.061	0.312	0.298	0.177	0.117	0.331	0.288	0.133	0.123	0.342	0.246	0.203	0.068	0.287	0.312	0.169	0.088	0.172
6	0.148	0.074	0.216	0.246	0.308	0.0	0.243	0.269	0.309	0.025	0.264	0.24	0.272	0.046	0.206	0.232	0.316	0.023	0.225	0.191	0.275	0.032	0.207	0.22	0.316	0.054	0.234	0.238	0.32	0.029	0.258	0.277	0.309	0.057	0.296	0.228	0.337	0.065	0.246	0.225	0.333	0.051	0.292	0.23	0.305	0.155
7	0.193	0.306	0.097	0.348	0.252	0.264	0.0	0.36	0.187	0.269	0.028	0.342	0.243	0.254	0.071	0.344	0.211	0.25	0.073	0.263	0.186	0.251	0.076	0.311	0.208	0.275	0.053	0.355	0.223	0.241	0.05	0.372	0.173	0.288	0.045	0.327	0.195	0.235	0.027	0.33	0.233	0.294	0.077	0.31	0.188	0.183
8	0.177	0.289	0.378	0.042	0.191	0.273	0.391	0.0	0.264	0.272	0.352	0.054	0.221	0.277	0.323	0.071	0.278	0.265	0.319	0.11	0.224	0.26	0.392	0.063	0.249	0.235	0.356	0.056	0.242	0.304	0.379	0.027	0.311	0.25	0.392	0.087	0.282	0.306	0.39	0.051	0.24	0.256	0.466	0.069	0.259	0.194
9	0.179	0.333	0.234	0.287	0.093	0.292	0.189	0.245	0.0	0.293	0.192	0.238	0.074	0.34	0.174	0.244	0.062	0.279	0.152	0.207	0.042	0.274	0.227	0.249	0.038	0.276	0.23	0.255	0.05	0.319	0.203	0.252	0.051	0.3	0.187	0.202	0.067	0.29	0.186	0.274	0.064	0.305	0.25	0.205	0.025	0.148
10	0.146	0.075	0.195	0.252	0.315	0.026	0.254	0.276	0.272	0.0	0.276	0.209	0.28	0.059	0.182	0.202	0.326	0.034	0.199	0.193	0.281	0.021	0.218	0.223	0.278	0.049	0.246	0.207	0.282	0.041	0.271	0.242	0.319	0.064	0.265	0.232	0.348	0.065	0.257	0.23	0.292	0.046	0.307	0.233	0.268	0.154
11	0.213	0.338	0.1	0.376	0.267	0.251	0.029	0.388	0.166	0.257	0.0	0.369	0.22	0.283	0.088	0.319	0.22	0.279	0.074	0.286	0.197	0.239	0.081	0.336	0.216	0.261	0.068	0.383	0.2	0.269	0.061	0.342	0.178	0.318	0.032	0.302	0.2	0.263	0.021	0.357	0.243	0.278	0.079	0.335	0.168	0.202
12	0.154	0.27	0.31	0.047	0.195	0.248	0.326	0.055	0.261	0.211	0.344	0.0	0.19	0.257	0.308	0.029	0.243	0.243	0.305	0.068	0.22	0.235	0.323	0.032	0.249	0.178	0.347	0.04	0.207	0.24	0.369	0.049	0.268	0.229	0.384	0.065	0.286	0.284	0.325	0.028	0.245	0.198	0.394	0.046	0.256	0.172
13	0.153	0.349	0.286	0.216	0.043	0.307	0.215	0.211	0.075	0.263	0.222	0.207	0.0	0.31	0.221	0.214	0.06	0.296	0.201	0.153	0.054	0.289	0.242	0.185	0.057	0.283	0.251	0.226	0.042	0.289	0.262	0.216	0.092	0.311	0.251	0.139	0.1	0.315	0.249	0.206	0.054	0.314	0.275	0.174	0.072	0.153
14	0.17	0.056	0.214	0.262	0.326	0.048	0.286	0.287	0.325	0.061	0.266	0.261	0.337	0.0	0.211	0.254	0.33	0.041	0.234	0.248	0.291	0.061	0.24	0.24	0.332	0.092	0.233	0.257	0.338	0.031	0.257	0.297	0.374	0.062	0.297	0.289	0.348	0.054	0.29	0.244	0.348	0.069	0.287	0.251	0.321	0.176
15	0.17	0.244	0.068	0.349	0.231	0.201	0.074	0.311	0.181	0.204	0.077	0.29	0.224	0.229	0.0	0.29	0.24	0.19	0.045	0.255	0.171	0.188	0.063	0.262	0.199	0.211	0.075	0.301	0.21	0.214	0.077	0.32	0.207	0.226	0.097	0.28	0.199	0.176	0.082	0.327	0.223	0.229	0.135	0.262	0.18	0.135
16	0.151	0.231	0.318	0.062	0.178	0.211	0.336	0.074	0.235	0.209	0.355	0.03	0.202	0.257	0.269	0.0	0.258	0.206	0.267	0.064	0.23	0.199	0.332	0.031	0.225	0.174	0.356	0.04	0.219	0.239	0.324	0.059	0.282	0.226	0.34	0.073	0.302	0.244	0.336	0.037	0.223	0.196	0.407	0.042	0.23	0.17
17	0.201	0.409	0.267	0.276	0.084	0.312	0.225	0.272	0.056	0.314	0.228	0.231	0.062	0.364	0.242	0.24	0.0	0.35	0.188	0.209	0.073	0.295	0.262	0.245	0.037	0.295	0.266	0.29	0.045	0.342	0.274	0.24	0.063	0.37	0.218	0.195	0.062	0.313	0.22	0.267	0.033	0.323	0.282	0.234	0.06	0.199
18	0.155	0.075	0.187	0.257	0.319	0.021	0.247	0.282	0.319	0.031	0.269	0.252	0.282	0.042	0.209	0.209	0.327	0.0	0.197	0.201	0.284	0.036	0.209	0.231	0.326	0.061	0.237	0.25	0.283	0.024	0.262	0.247	0.318	0.061	0.301	0.239	0.347	0.06	0.25	0.237	0.343	0.05	0.296	0.242	0.269	0.162
19	0.145	0.273	0.103	0.304	0.219	0.225	0.067	0.316	0.162	0.194	0.078	0.294	0.178	0.223	0.046	0.294	0.19	0.214	0.0	0.219	0.155	0.211	0.081	0.265	0.182	0.196	0.086	0.308	0.192	0.208	0.095	0.324	0.16	0.251	0.101	0.238	0.183	0.205	0.073	0.285	0.208	0.252	0.13	0.264	0.16	0.133
20	0.098	0.239	0.296	0.096	0.156	0.208	0.263	0.101	0.205	0.204	0.279	0.072	0.172	0.22	0.243	0.065	0.197	0.204	0.238	0.0	0.167	0.194	0.307	0.053	0.197	0.17	0.283	0.089	0.19	0.202	0.303	0.097	0.216	0.2	0.315	0.062	0.234	0.238	0.308	0.076	0.199	0.198	0.328	0.048	0.198	0.114
21	0.134	0.321	0.239	0.263	0.078	0.278	0.202	0.224	0.045	0.278	0.178	0.215	0.056	0.28	0.178	0.22	0.075	0.267	0.156	0.181	0.0	0.261	0.235	0.191	0.046	0.259	0.207	0.233	0.044	0.305	0.216	0.229	0.083	0.286	0.204	0.177	0.084	0.281	0.201	0.212	0.068	0.289	0.269	0.182	0.038	0.13
22	0.145	0.081	0.195	0.258	0.273	0.03	0.254	0.241	0.274	0.023	0.276	0.214	0.282	0.064	0.182	0.207	0.329	0.032	0.199	0.196	0.242	0.0	0.217	0.227	0.28	0.051	0.246	0.213	0.284	0.044	0.232	0.248	0.322	0.061	0.266	0.236	0.35	0.065	0.258	0.235	0.296	0.052	0.309	0.204	0.27	0.131
23	0.207	0.248	0.038	0.38	0.307	0.212	0.072	0.396	0.211	0.218	0.087	0.319	0.258	0.235	0.057	0.32	0.271	0.233	0.083	0.29	0.237	0.202	0.0	0.34	0.229	0.23	0.038	0.328	0.242	0.224	0.057	0.35	0.234	0.276	0.086	0.314	0.26	0.179	0.077	0.359	0.252	0.242	0.101	0.341	0.211	0.197
24	0.142	0.269	0.304	0.063	0.188	0.209	0.319	0.07	0.216	0.207	0.336	0.034	0.183	0.255	0.299	0.028	0.236	0.239	0.252	0.055	0.211	0.197	0.317	0.0	0.241	0.174	0.339	0.055	0.2	0.236	0.362	0.054	0.261	0.227	0.321	0.057	0.28	0.279	0.318	0.043	0.238	0.196	0.388	0.034	0.211	0.16
25	0.172	0.372	0.236	0.258	0.081	0.327	0.198	0.255	0.041	0.281	0.202	0.249	0.052	0.328	0.211	0.219	0.039	0.315	0.188	0.188	0.047	0.308	0.232	0.225	0.0	0.264	0.237	0.269	0.029	0.307	0.245	0.262	0.056	0.335	0.227	0.178	0.065	0.329	0.194	0.247	0.046	0.29	0.255	0.215	0.043	0.169
26	0.118	0.1	0.231	0.202	0.272	0.061	0.244	0.224	0.283	0.046	0.265	0.194	0.283	0.085	0.208	0.185	0.288	0.064	0.222	0.15	0.247	0.052	0.216	0.176	0.287	0.0	0.242	0.193	0.289	0.069	0.266	0.229	0.286	0.066	0.298	0.187	0.312	0.104	0.289	0.182	0.301	0.052	0.299	0.186	0.277	0.128
27	0.199	0.284	0.062	0.355	0.279	0.246	0.06	0.37	0.22	0.252	0.064	0.351	0.273	0.233	0.069	0.352	0.241	0.232	0.09	0.318	0.215	0.234	0.039	0.319	0.24	0.263	0.0	0.361	0.255	0.222	0.031	0.383	0.24	0.27	0.072	0.342	0.228	0.211	0.064	0.337	0.265	0.278	0.073	0.321	0.221	0.19
28	0.182	0.247	0.351	0.041	0.202	0.233	0.372	0.054	0.265	0.232	0.335	0.037	0.229	0.279	0.301	0.043	0.287	0.227	0.3	0.093	0.225	0.221	0.366	0.048	0.253	0.195	0.392	0.0	0.248	0.261	0.358	0.053	0.314	0.209	0.374	0.094	0.286	0.268	0.371	0.028	0.25	0.214	0.444	0.063	0.26	0.174
29	0.174	0.331	0.256	0.258	0.06	0.292	0.218	0.254	0.048	0.292	0.223	0.212	0.04	0.342	0.195	0.219	0.048	0.28	0.175	0.185	0.046	0.274	0.251	0.223	0.03	0.272	0.258	0.23	0.0	0.32	0.229	0.223	0.075	0.346	0.216	0.174	0.084	0.295	0.215	0.246	0.041	0.301	0.281	0.181	0.047	0.172
30	0.167	0.072	0.192	0.272	0.335	0.029	0.256	0.297	0.286	0.04	0.279	0.228	0.297	0.035	0.217	0.222	0.342	0.026	0.206	0.215	0.298	0.04	0.216	0.245	0.292	0.071	0.245	0.264	0.298	0.0	0.27	0.261	0.333	0.064	0.266	0.253	0.362	0.049	0.259	0.251	0.359	0.056	0.305	0.256	0.282	0.173
31	0.222	0.318	0.07	0.387	0.298	0.237	0.049	0.402	0.232	0.243	0.059	0.382	0.249	0.263	0.084	0.329	0.256	0.262	0.087	0.299	0.229	0.265	0.051	0.349	0.253	0.253	0.032	0.394	0.232	0.251	0.0	0.355	0.216	0.303	0.062	0.319	0.239	0.24	0.05	0.368	0.28	0.266	0.063	0.35	0.2	0.212
32	0.176	0.296	0.385	0.038	0.193	0.277	0.342	0.026	0.267	0.236	0.36	0.047	0.191	0.283	0.328	0.065	0.243	0.27	0.324	0.089	0.227	0.263	0.342	0.056	0.253	0.203	0.365	0.054	0.245	0.265	0.387	0.0	0.272	0.255	0.4	0.07	0.288	0.311	0.34	0.047	0.245	0.26	0.409	0.062	0.262	0.194
33	0.191	0.379	0.258	0.287	0.119	0.336	0.173	0.286	0.051	0.338	0.174	0.281	0.103	0.332	0.197	0.289	0.059	0.322	0.174	0.216	0.076	0.318	0.248	0.255	0.059	0.322	0.213	0.3	0.077	0.313	0.218	0.296	0.0	0.345	0.195	0.245	0.032	0.331	0.197	0.276	0.076	0.352	0.222	0.247	0.06	0.186
34	0.161	0.05	0.248	0.262	0.311	0.057	0.312	0.25	0.323	0.063	0.288	0.223	0.326	0.059	0.235	0.216	0.378	0.058	0.254	0.217	0.286	0.066	0.273	0.206	0.327	0.069	0.26	0.217	0.331	0.066	0.285	0.258	0.375	0.0	0.322	0.258	0.347	0.096	0.315	0.207	0.34	0.035	0.368	0.219	0.318	0.171
35	0.242	0.317	0.113	0.412	0.253	0.279	0.045	0.364	0.187	0.285	0.037	0.349	0.245	0.311	0.093	0.352	0.243	0.264	0.096	0.318	0.189	0.266	0.092	0.371	0.207	0.291	0.075	0.361	0.224	0.297	0.054	0.377	0.197	0.299	0.0	0.335	0.219	0.249	0.035	0.393	0.23	0.308	0.066	0.317	0.19	0.197
36	0.141	0.26	0.305	0.095	0.148	0.234	0.309	0.088	0.188	0.232	0.324	0.064	0.148	0.283	0.251	0.07	0.202	0.266	0.244	0.059	0.179	0.22	0.314	0.061	0.176	0.199	0.334	0.084	0.168	0.262	0.355	0.072	0.231	0.261	0.311	0.0	0.247	0.259	0.308	0.084	0.172	0.225	0.379	0.046	0.183	0.156
37	0.218	0.419	0.251	0.312	0.127	0.32	0.199	0.31	0.058	0.324	0.2	0.307	0.098	0.37	0.227	0.271	0.06	0.359	0.174	0.24	0.093	0.303	0.242	0.28	0.069	0.308	0.243	0.327	0.076	0.349	0.247	0.274	0.033	0.383	0.19	0.23	0.0	0.369	0.194	0.302	0.078	0.334	0.249	0.27	0.067	0.213
38	0.169	0.097	0.157	0.289	0.33	0.067	0.224	0.313	0.319	0.065	0.246	0.284	0.289	0.053	0.187	0.238	0.329	0.058	0.212	0.227	0.288	0.071	0.181	0.261	0.329	0.095	0.209	0.284	0.287	0.051	0.232	0.322	0.315	0.098	0.274	0.263	0.344	0.0	0.227	0.269	0.349	0.087	0.266	0.271	0.315	0.172
39	0.203	0.32	0.106	0.359	0.259	0.277	0.024	0.372	0.19	0.242	0.022	0.354	0.249	0.267	0.081	0.356	0.215	0.263	0.083	0.274	0.192	0.264	0.072	0.322	0.212	0.289	0.059	0.367	0.228	0.253	0.052	0.384	0.175	0.301	0.036	0.289	0.196	0.248	0.0	0.341	0.237	0.308	0.072	0.321	0.193	0.193
40	0.153	0.254	0.353	0.039	0.198	0.237	0.371	0.053	0.261	0.235	0.336	0.028	0.224	0.244	0.301	0.036	0.242	0.231	0.299	0.086	0.221	0.225	0.367	0.04	0.25	0.198	0.337	0.026	0.244	0.227	0.359	0.05	0.311	0.215	0.375	0.085	0.284	0.272	0.371	0.0	0.246	0.219	0.382	0.055	0.256	0.171
41	0.205	0.364	0.286	0.276	0.062	0.325	0.244	0.232	0.066	0.326	0.213	0.231	0.054	0.378	0.223	0.24	0.032	0.312	0.203	0.209	0.065	0.307	0.281	0.209	0.044	0.305	0.287	0.25	0.044	0.355	0.254	0.239	0.08	0.327	0.239	0.191	0.069	0.328	0.24	0.267	0.0	0.334	0.306	0.199	0.069	0.175
42	0.162	0.063	0.228	0.242	0.283	0.047	0.287	0.268	0.294	0.048	0.31	0.203	0.297	0.07	0.213	0.196	0.347	0.049	0.229	0.194	0.303	0.051	0.251	0.218	0.298	0.049	0.281	0.199	0.301	0.06	0.263	0.236	0.343	0.037	0.297	0.233	0.372	0.089	0.29	0.221	0.31	0.0	0.342	0.198	0.289	0.174
43	0.273	0.375	0.115	0.44	0.335	0.288	0.082	0.455	0.224	0.296	0.081	0.374	0.282	0.317	0.136	0.379	0.282	0.318	0.129	0.349	0.263	0.277	0.098	0.402	0.242	0.306	0.081	0.45	0.261	0.305	0.068	0.404	0.236	0.359	0.059	0.366	0.258	0.253	0.074	0.421	0.309	0.319	0.0	0.402	0.228	0.263
44	0.135	0.275	0.296	0.073	0.169	0.211	0.306	0.073	0.234	0.21	0.323	0.047	0.165	0.258	0.289	0.043	0.218	0.242	0.242	0.048	0.194	0.232	0.307	0.033	0.222	0.177	0.328	0.07	0.183	0.239	0.35	0.057	0.244	0.233	0.361	0.041	0.261	0.28	0.306	0.056	0.219	0.2	0.375	0.0	0.195	0.152
45	0.156	0.35	0.247	0.257	0.096	0.305	0.173	0.256	0.026	0.261	0.177	0.247	0.063	0.306	0.184	0.252	0.061	0.293	0.16	0.182	0.037	0.286	0.206	0.222	0.042	0.246	0.211	0.266	0.051	0.286	0.218	0.262	0.055	0.315	0.202	0.178	0.071	0.304	0.171	0.244	0.07	0.318	0.231	0.212	0.0	0.151
60	0.029	0.203	0.187	0.216	0.162	0.157	0.199	0.194	0.159	0.152	0.183	0.168	0.16	0.17	0.14	0.162	0.203	0.152	0.134	0.123	0.13	0.141	0.195	0.145	0.165	0.135	0.183	0.18	0.164	0.177	0.2	0.196	0.202	0.171	0.213	0.154	0.194	0.168	0.203	0.164	0.182	0.166	0.269	0.143	0.153	0.0

[*,*,5]:	1	2	3	4	5	6	7	8	9	10	11	12	13	14	15	16	17	18	19	20	21	22	23	24	25	26	27	28	29	30	31	32	33	34	35	36	37	38	39	40	41	42	43	44	45	60:=
1	0.0	0.222	0.224	0.192	0.183	0.171	0.206	0.203	0.188	0.141	0.222	0.172	0.157	0.188	0.173	0.165	0.201	0.167	0.167	0.104	0.154	0.153	0.201	0.148	0.193	0.121	0.221	0.186	0.19	0.167	0.24	0.204	0.203	0.185	0.255	0.136	0.227	0.189	0.209	0.169	0.209	0.177	0.274	0.146	0.181	0.034
2	0.206	0.0	0.276	0.279	0.374	0.079	0.303	0.308	0.382	0.092	0.328	0.281	0.39	0.058	0.27	0.275	0.383	0.075	0.295	0.237	0.342	0.093	0.306	0.261	0.388	0.112	0.292	0.274	0.393	0.067	0.32	0.319	0.376	0.053	0.364	0.321	0.407	0.102	0.357	0.261	0.403	0.075	0.351	0.276	0.378	0.217
3	0.193	0.257	0.0	0.418	0.302	0.218	0.104	0.375	0.249	0.224	0.106	0.353	0.298	0.205	0.07	0.352	0.317	0.204	0.103	0.319	0.237	0.208	0.044	0.32	0.269	0.24	0.059	0.361	0.283	0.228	0.077	0.388	0.279	0.246	0.12	0.349	0.264	0.179	0.11	0.337	0.295	0.252	0.136	0.324	0.249	0.185
4	0.211	0.283	0.39	0.0	0.213	0.268	0.409	0.038	0.285	0.268	0.43	0.049	0.245	0.32	0.334	0.064	0.305	0.261	0.333	0.113	0.243	0.256	0.405	0.072	0.271	0.229	0.432	0.039	0.266	0.3	0.393	0.042	0.337	0.242	0.41	0.102	0.357	0.305	0.407	0.047	0.265	0.249	0.486	0.074	0.281	0.199
5	0.187	0.351	0.306	0.232	0.0	0.313	0.276	0.224	0.1	0.314	0.284	0.191	0.045	0.369	0.241	0.2	0.086	0.352	0.223	0.17	0.091	0.295	0.305	0.201	0.079	0.287	0.316	0.21	0.067	0.345	0.329	0.197	0.13	0.365	0.273	0.147	0.136	0.323	0.273	0.224	0.065	0.318	0.345	0.187	0.097	0.19
6	0.163	0.081	0.205	0.272	0.34	0.0	0.269	0.298	0.292	0.028	0.292	0.265	0.301	0.05	0.227	0.22	0.35	0.025	0.213	0.212	0.304	0.03	0.229	0.243	0.349	0.06	0.259	0.263	0.303	0.032	0.285	0.262	0.342	0.063	0.28	0.252	0.372	0.071	0.272	0.249	0.367	0.049	0.323	0.255	0.288	0.171
7	0.214	0.339	0.091	0.385	0.279	0.292	0.0	0.398	0.206	0.255	0.032	0.378	0.23	0.281	0.078	0.325	0.234	0.277	0.081	0.292	0.206	0.277	0.072	0.344	0.229	0.26	0.059	0.392	0.211	0.267	0.055	0.41	0.192	0.318	0.05	0.31	0.215	0.26	0.026	0.365	0.258	0.278	0.085	0.343	0.208	0.202
8	0.196	0.32	0.418	0.039	0.211	0.301	0.37	0.0	0.291	0.257	0.39	0.059	0.244	0.306	0.357	0.078	0.263	0.294	0.353	0.104	0.248	0.287	0.37	0.07	0.275	0.26	0.395	0.062	0.268	0.288	0.419	0.03	0.294	0.276	0.433	0.083	0.312	0.338	0.43	0.057	0.266	0.283	0.441	0.076	0.286	0.215
9	0.169	0.369	0.258	0.271	0.103	0.322	0.209	0.271	0.0	0.323	0.182	0.263	0.081	0.322	0.193	0.269	0.059	0.309	0.168	0.229	0.047	0.303	0.251	0.236	0.042	0.305	0.218	0.282	0.056	0.301	0.225	0.279	0.056	0.332	0.207	0.223	0.064	0.321	0.206	0.259	0.071	0.337	0.236	0.227	0.027	0.164
10	0.161	0.083	0.216	0.278	0.299	0.029	0.28	0.261	0.301	0.0	0.26	0.231	0.309	0.065	0.202	0.223	0.36	0.032	0.221	0.213	0.266	0.023	0.241	0.21	0.308	0.054	0.271	0.23	0.312	0.045	0.256	0.268	0.353	0.06	0.293	0.256	0.328	0.072	0.285	0.253	0.324	0.051	0.339	0.221	0.297	0.145
11	0.235	0.32	0.111	0.415	0.252	0.278	0.032	0.428	0.184	0.284	0.0	0.35	0.243	0.313	0.083	0.353	0.243	0.263	0.082	0.316	0.217	0.265	0.09	0.371	0.205	0.289	0.075	0.362	0.222	0.297	0.058	0.379	0.197	0.351	0.035	0.334	0.221	0.249	0.024	0.394	0.23	0.308	0.087	0.316	0.186	0.223
12	0.17	0.298	0.344	0.052	0.215	0.235	0.361	0.061	0.247	0.234	0.38	0.0	0.21	0.285	0.34	0.032	0.269	0.268	0.289	0.076	0.243	0.223	0.358	0.035	0.235	0.197	0.383	0.044	0.23	0.265	0.408	0.046	0.297	0.253	0.363	0.072	0.316	0.269	0.36	0.031	0.271	0.219	0.435	0.05	0.242	0.19
13	0.169	0.386	0.27	0.239	0.048	0.29	0.238	0.233	0.083	0.291	0.246	0.228	0.0	0.343	0.244	0.202	0.067	0.327	0.189	0.169	0.059	0.319	0.268	0.204	0.062	0.268	0.278	0.25	0.04	0.32	0.289	0.204	0.101	0.344	0.277	0.154	0.11	0.348	0.236	0.228	0.059	0.297	0.305	0.192	0.068	0.169
14	0.188	0.062	0.236	0.291	0.36	0.053	0.271	0.318	0.359	0.057	0.295	0.288	0.318	0.0	0.234	0.281	0.365	0.045	0.259	0.235	0.322	0.067	0.227	0.265	0.367	0.087	0.258	0.284	0.373	0.035	0.284	0.328	0.355	0.068	0.328	0.274	0.386	0.059	0.274	0.27	0.385	0.076	0.318	0.278	0.354	0.195
15	0.161	0.27	0.075	0.33	0.256	0.222	0.07	0.344	0.2	0.225	0.085	0.321	0.247	0.217	0.0	0.32	0.227	0.21	0.05	0.241	0.19	0.208	0.07	0.29	0.22	0.233	0.071	0.333	0.232	0.203	0.085	0.354	0.195	0.25	0.107	0.309	0.22	0.195	0.091	0.309	0.247	0.253	0.127	0.29	0.198	0.15
16	0.142	0.256	0.352	0.068	0.198	0.234	0.371	0.07	0.26	0.231	0.335	0.033	0.223	0.243	0.298	0.0	0.284	0.229	0.296	0.071	0.218	0.221	0.366	0.03	0.249	0.192	0.336	0.045	0.243	0.263	0.359	0.065	0.312	0.214	0.376	0.08	0.286	0.27	0.371	0.034	0.247	0.217	0.449	0.047	0.254	0.161
17	0.222	0.387	0.296	0.305	0.079	0.346	0.248	0.257	0.062	0.348	0.252	0.256	0.068	0.402	0.23	0.265	0.0	0.331	0.208	0.231	0.069	0.327	0.289	0.27	0.041	0.326	0.294	0.275	0.05	0.378	0.259	0.266	0.069	0.349	0.241	0.215	0.068	0.347	0.243	0.295	0.031	0.357	0.311	0.221	0.067	0.188
18	0.171	0.071	0.207	0.285	0.352	0.023	0.273	0.311	0.302	0.034	0.297	0.238	0.312	0.047	0.197	0.231	0.361	0.0	0.218	0.222	0.314	0.035	0.232	0.255	0.308	0.068	0.262	0.236	0.314	0.027	0.289	0.274	0.352	0.068	0.285	0.264	0.383	0.057	0.277	0.262	0.324	0.055	0.327	0.267	0.298	0.178
19	0.16	0.301	0.097	0.337	0.242	0.213	0.075	0.349	0.153	0.215	0.086	0.325	0.197	0.247	0.051	0.278	0.211	0.237	0.0	0.242	0.171	0.199	0.089	0.293	0.2	0.217	0.095	0.34	0.182	0.23	0.105	0.306	0.177	0.277	0.096	0.263	0.203	0.226	0.081	0.316	0.23	0.239	0.144	0.291	0.151	0.147
20	0.108	0.265	0.279	0.107	0.172	0.23	0.292	0.112	0.226	0.193	0.309	0.079	0.163	0.244	0.269	0.062	0.218	0.225	0.262	0.0	0.184	0.214	0.291	0.059	0.218	0.161	0.313	0.098	0.179	0.223	0.334	0.107	0.239	0.221	0.347	0.059	0.259	0.263	0.292	0.084	0.22	0.187	0.363	0.053	0.219	0.126
21	0.148	0.355	0.264	0.249	0.086	0.307	0.192	0.248	0.05	0.263	0.197	0.237	0.062	0.31	0.197	0.242	0.071	0.296	0.173	0.171	0.0	0.288	0.222	0.212	0.051	0.286	0.229	0.258	0.048	0.289	0.239	0.253	0.078	0.317	0.226	0.167	0.093	0.31	0.222	0.235	0.075	0.319	0.255	0.202	0.042	0.144
22	0.138	0.09	0.215	0.244	0.302	0.033	0.28	0.267	0.303	0.025	0.261	0.237	0.312	0.06	0.201	0.229	0.311	0.035	0.22	0.216	0.268	0.0	0.24	0.215	0.31	0.057	0.232	0.236	0.314	0.042	0.257	0.274	0.355	0.068	0.294	0.261	0.332	0.071	0.285	0.223	0.327	0.058	0.291	0.226	0.298	0.145
23	0.229	0.275	0.042	0.419	0.29	0.235	0.079	0.375	0.234	0.241	0.082	0.354	0.285	0.259	0.063	0.354	0.299	0.221	0.092	0.32	0.225	0.224	0.0	0.321	0.253	0.254	0.042	0.364	0.268	0.247	0.054	0.388	0.259	0.261	0.095	0.347	0.245	0.198	0.085	0.396	0.279	0.268	0.112	0.323	0.234	0.187
24	0.157	0.254	0.337	0.07	0.178	0.231	0.352	0.077	0.239	0.229	0.371	0.032	0.202	0.281	0.283	0.031	0.261	0.226	0.28	0.06	0.233	0.218	0.35	0.0	0.228	0.192	0.375	0.052	0.221	0.261	0.342	0.06	0.289	0.251	0.356	0.063	0.309	0.265	0.352	0.047	0.226	0.217	0.428	0.032	0.234	0.177
25	0.19	0.411	0.262	0.285	0.089	0.31	0.219	0.281	0.039	0.312	0.223	0.235	0.057	0.363	0.233	0.243	0.043	0.348	0.178	0.208	0.052	0.292	0.256	0.248	0.0	0.292	0.262	0.297	0.032	0.34	0.27	0.248	0.062	0.37	0.215	0.197	0.071	0.311	0.215	0.273	0.051	0.321	0.282	0.237	0.041	0.187
26	0.131	0.11	0.218	0.224	0.301	0.058	0.27	0.248	0.312	0.051	0.293	0.214	0.268	0.094	0.23	0.175	0.318	0.071	0.209	0.167	0.273	0.058	0.24	0.194	0.317	0.0	0.268	0.213	0.273	0.076	0.294	0.216	0.317	0.073	0.329	0.207	0.345	0.115	0.274	0.201	0.333	0.049	0.331	0.205	0.262	0.142
27	0.221	0.314	0.068	0.393	0.309	0.271	0.057	0.409	0.243	0.238	0.07	0.388	0.258	0.258	0.076	0.388	0.268	0.256	0.099	0.301	0.237	0.259	0.037	0.353	0.265	0.249	0.0	0.399	0.281	0.246	0.034	0.422	0.228	0.299	0.079	0.324	0.253	0.233	0.06	0.373	0.293	0.306	0.081	0.355	0.244	0.21
28	0.172	0.274	0.388	0.039	0.224	0.257	0.351	0.06	0.293	0.256	0.371	0.041	0.253	0.264	0.333	0.048	0.271	0.251	0.332	0.088	0.249	0.245	0.404	0.053	0.28	0.215	0.371	0.0	0.274	0.247	0.396	0.058	0.297	0.232	0.414	0.103	0.317	0.296	0.41	0.027	0.276	0.236	0.42	0.07	0.287	0.192
29	0.164	0.366	0.283	0.285	0.067	0.322	0.241	0.24	0.054	0.323	0.211	0.235	0.044	0.323	0.216	0.243	0.053	0.31	0.194	0.205	0.043	0.303	0.278	0.211	0.033	0.301	0.244	0.255	0.0	0.353	0.253	0.247	0.083	0.328	0.239	0.193	0.08	0.326	0.238	0.233	0.045	0.333	0.31	0.2	0.051	0.162
30	0.184	0.068	0.212	0.3	0.317	0.032	0.283	0.28	0.317	0.044	0.307	0.252	0.328	0.038	0.205	0.246	0.378	0.025	0.228	0.237	0.282	0.044	0.239	0.27	0.324	0.078	0.27	0.25	0.329	0.0	0.255	0.289	0.368	0.061	0.295	0.28	0.399	0.054	0.287	0.277	0.34	0.061	0.337	0.242	0.312	0.164
31	0.246	0.3	0.078	0.428	0.329	0.262	0.055	0.444	0.22	0.269	0.065	0.361	0.276	0.291	0.08	0.364	0.283	0.289	0.097	0.331	0.253	0.251	0.056	0.386	0.24	0.28	0.035	0.372	0.257	0.278	0.0	0.393	0.238	0.334	0.059	0.353	0.264	0.227	0.055	0.407	0.265	0.295	0.07	0.386	0.222	0.234
32	0.194	0.327	0.365	0.042	0.214	0.262	0.378	0.029	0.253	0.262	0.398	0.052	0.212	0.313	0.362	0.061	0.269	0.298	0.306	0.098	0.25	0.249	0.378	0.062	0.279	0.225	0.403	0.059	0.232	0.293	0.428	0.0	0.301	0.281	0.378	0.077	0.319	0.344	0.376	0.052	0.271	0.246	0.452	0.069	0.248	0.214
33	0.211	0.419	0.244	0.318	0.131	0.371	0.192	0.317	0.056	0.32	0.193	0.311	0.098	0.368	0.218	0.273	0.065	0.356	0.193	0.239	0.084	0.351	0.235	0.282	0.065	0.305	0.236	0.331	0.073	0.346	0.241	0.326	0.0	0.382	0.215	0.232	0.036	0.366	0.187	0.305	0.084	0.332	0.246	0.273	0.067	0.206
34	0.178	0.055	0.274	0.249	0.344	0.063	0.295	0.276	0.357	0.059	0.319	0.247	0.36	0.066	0.259	0.239	0.358	0.064	0.28	0.206	0.317	0.073	0.258	0.228	0.361	0.077	0.288	0.24	0.365	0.062	0.315	0.285	0.354	0.0	0.356	0.244	0.384	0.106	0.348	0.229	0.376	0.039	0.348	0.243	0.352	0.19
35	0.229	0.351	0.125	0.39	0.28	0.308	0.05	0.403	0.207	0.315	0.035	0.386	0.271	0.294	0.103	0.389	0.23	0.292	0.106	0.351	0.21	0.294	0.102	0.352	0.229	0.321	0.071	0.399	0.247	0.28	0.06	0.417	0.218	0.331	0.0	0.37	0.208	0.276	0.038	0.372	0.255	0.34	0.063	0.351	0.21	0.219
36	0.156	0.288	0.337	0.105	0.14	0.259	0.341	0.084	0.208	0.256	0.306	0.071	0.164	0.312	0.278	0.078	0.223	0.252	0.27	0.065	0.169	0.243	0.347	0.058	0.195	0.22	0.369	0.093	0.186	0.29	0.336	0.079	0.255	0.247	0.345	0.0	0.233	0.287	0.341	0.092	0.19	0.249	0.419	0.043	0.202	0.148
37	0.241	0.397	0.277	0.345	0.12	0.355	0.22	0.343	0.065	0.358	0.221	0.291	0.109	0.409	0.215	0.3	0.066	0.339	0.193	0.265	0.103	0.336	0.268	0.309	0.066	0.341	0.268	0.309	0.084	0.386	0.234	0.304	0.037	0.422	0.21	0.254	0.0	0.349	0.214	0.333	0.074	0.37	0.275	0.255	0.075	0.235
38	0.187	0.108	0.174	0.32	0.365	0.063	0.248	0.346	0.302	0.072	0.271	0.269	0.32	0.059	0.206	0.263	0.364	0.064	0.201	0.251	0.318	0.067	0.201	0.288	0.311	0.105	0.231	0.314	0.318	0.057	0.256	0.305	0.349	0.109	0.259	0.291	0.38	0.0	0.252	0.297	0.385	0.096	0.294	0.299	0.298	0.19
39	0.225	0.353	0.1	0.398	0.286	0.262	0.027	0.411	0.21	0.268	0.024	0.391	0.236	0.295	0.09	0.337	0.238	0.291	0.078	0.303	0.212	0.291	0.08	0.356	0.234	0.274	0.065	0.405	0.216	0.28	0.058	0.362	0.194	0.332	0.039	0.321	0.217	0.274	0.0	0.378	0.262	0.291	0.079	0.355	0.182	0.214
40	0.169	0.281	0.389	0.043	0.219	0.261	0.352	0.059	0.289	0.222	0.372	0.031	0.212	0.27	0.333	0.04	0.268	0.256	0.33	0.081	0.244	0.248	0.347	0.044	0.276	0.187	0.373	0.029	0.269	0.252	0.397	0.055	0.294	0.238	0.414	0.081	0.314	0.3	0.351	0.0	0.272	0.241	0.423	0.061	0.283	0.189
41	0.194	0.403	0.316	0.261	0.069	0.359	0.231	0.256	0.073	0.36	0.236	0.256	0.06	0.358	0.247	0.265	0.031	0.345	0.225	0.197	0.072	0.339	0.311	0.231	0.048	0.337	0.272	0.276	0.048	0.336	0.282	0.265	0.075	0.363	0.264	0.211	0.076	0.363	0.265	0.253	0.0	0.369	0.289	0.22	0.076	0.194
42	0.153	0.069	0.252	0.267	0.314	0.052	0.317	0.254	0.325	0.053	0.293	0.225	0.328	0.066	0.235	0.217	0.383	0.055	0.254	0.214	0.287	0.056	0.278	0.206	0.329	0.054	0.265	0.22	0.333	0.066	0.291	0.261	0.379	0.035	0.329	0.258	0.352	0.098	0.321	0.209	0.344	0.0	0.378	0.219	0.32	0.164
43	0.301	0.355	0.127	0.486	0.317	0.319	0.09	0.43	0.248	0.328	0.09	0.415	0.312	0.35	0.129	0.419	0.311	0.301	0.143	0.385	0.249	0.306	0.108	0.443	0.269	0.339	0.089	0.426	0.289	0.337	0.064	0.447	0.261	0.339	0.066	0.405	0.285	0.28	0.081	0.465	0.293	0.353	0.0	0.38	0.252	0.249
44	0.15	0.259	0.328	0.081	0.187	0.234	0.339	0.081	0.222	0.232	0.357	0.045	0.183	0.285	0.273	0.047	0.241	0.267	0.268	0.053	0.214	0.22	0.34	0.036	0.21	0.196	0.363	0.066	0.203	0.264	0.386	0.063	0.27	0.257	0.342	0.046	0.288	0.265	0.338	0.062	0.207	0.222	0.414	0.0	0.216	0.168
45	0.173	0.387	0.234	0.284	0.106	0.288	0.192	0.283	0.025	0.289	0.196	0.273	0.07	0.338	0.203	0.239	0.067	0.323	0.151	0.202	0.041	0.27	0.228	0.245	0.046	0.272	0.233	0.294	0.048	0.316	0.241	0.248	0.061	0.348	0.19	0.197	0.078	0.336	0.189	0.27	0.078	0.301	0.255	0.235	0.0	0.167
60	0.033	0.225	0.206	0.204	0.18	0.173	0.188	0.215	0.176	0.144	0.203	0.186	0.177	0.188	0.155	0.179	0.192	0.168	0.148	0.117	0.144	0.155	0.184	0.161	0.183	0.149	0.203	0.199	0.181	0.168	0.221	0.216	0.191	0.19	0.235	0.146	0.214	0.186	0.224	0.182	0.201	0.183	0.255	0.159	0.169	0.0

[*,*,6]:	1	2	3	4	5	6	7	8	9	10	11	12	13	14	15	16	17	18	19	20	21	22	23	24	25	26	27	28	29	30	31	32	33	34	35	36	37	38	39	40	41	42	43	44	45	60:=
1	0.0	0.258	0.223	0.224	0.213	0.171	0.24	0.237	0.188	0.165	0.258	0.2	0.183	0.219	0.202	0.164	0.235	0.195	0.167	0.122	0.179	0.153	0.235	0.173	0.224	0.142	0.257	0.216	0.19	0.195	0.28	0.203	0.238	0.215	0.254	0.159	0.264	0.22	0.244	0.197	0.244	0.177	0.32	0.17	0.18	0.039
2	0.24	0.0	0.275	0.326	0.436	0.092	0.355	0.36	0.445	0.092	0.383	0.327	0.389	0.067	0.314	0.273	0.447	0.088	0.343	0.277	0.399	0.109	0.305	0.305	0.452	0.111	0.341	0.319	0.392	0.078	0.373	0.372	0.439	0.062	0.424	0.32	0.475	0.118	0.357	0.305	0.47	0.074	0.41	0.322	0.44	0.253
3	0.226	0.3	0.0	0.418	0.352	0.254	0.104	0.438	0.291	0.223	0.123	0.411	0.347	0.239	0.082	0.41	0.317	0.238	0.121	0.318	0.277	0.242	0.043	0.374	0.313	0.28	0.069	0.422	0.329	0.228	0.09	0.452	0.278	0.287	0.14	0.348	0.308	0.208	0.129	0.394	0.344	0.294	0.136	0.378	0.29	0.216
4	0.211	0.33	0.454	0.0	0.249	0.313	0.476	0.045	0.333	0.312	0.429	0.057	0.285	0.319	0.39	0.074	0.304	0.305	0.388	0.132	0.284	0.299	0.472	0.072	0.317	0.267	0.431	0.046	0.31	0.299	0.459	0.049	0.392	0.283	0.478	0.118	0.357	0.355	0.474	0.047	0.309	0.29	0.484	0.087	0.327	0.233
5	0.218	0.41	0.357	0.271	0.0	0.365	0.321	0.223	0.117	0.365	0.283	0.223	0.053	0.429	0.281	0.234	0.1	0.352	0.26	0.198	0.091	0.344	0.356	0.2	0.092	0.335	0.368	0.246	0.079	0.402	0.329	0.229	0.151	0.364	0.319	0.172	0.135	0.378	0.318	0.261	0.075	0.37	0.402	0.187	0.114	0.19
6	0.19	0.081	0.239	0.317	0.339	0.0	0.313	0.347	0.341	0.033	0.34	0.265	0.352	0.059	0.227	0.257	0.408	0.025	0.249	0.247	0.354	0.035	0.267	0.283	0.349	0.07	0.302	0.262	0.354	0.037	0.284	0.306	0.399	0.073	0.327	0.294	0.433	0.071	0.318	0.29	0.367	0.057	0.376	0.254	0.336	0.199
7	0.249	0.394	0.107	0.449	0.325	0.291	0.0	0.464	0.206	0.297	0.037	0.377	0.268	0.328	0.091	0.38	0.273	0.322	0.081	0.34	0.24	0.276	0.084	0.401	0.228	0.304	0.069	0.456	0.246	0.311	0.064	0.41	0.224	0.371	0.049	0.362	0.251	0.259	0.03	0.426	0.3	0.324	0.099	0.399	0.208	0.236
8	0.228	0.373	0.417	0.046	0.246	0.3	0.432	0.0	0.339	0.301	0.454	0.069	0.244	0.358	0.416	0.078	0.307	0.342	0.351	0.121	0.289	0.334	0.432	0.081	0.32	0.259	0.461	0.072	0.267	0.336	0.488	0.029	0.344	0.322	0.504	0.096	0.364	0.394	0.43	0.066	0.31	0.282	0.515	0.089	0.285	0.251
9	0.197	0.43	0.301	0.317	0.12	0.375	0.208	0.316	0.0	0.323	0.212	0.307	0.081	0.376	0.225	0.313	0.069	0.361	0.196	0.229	0.055	0.353	0.25	0.276	0.049	0.304	0.255	0.329	0.065	0.352	0.263	0.325	0.056	0.388	0.241	0.223	0.075	0.374	0.205	0.302	0.082	0.392	0.276	0.265	0.032	0.191
10	0.161	0.096	0.252	0.277	0.349	0.033	0.279	0.304	0.351	0.0	0.304	0.27	0.36	0.065	0.236	0.26	0.359	0.038	0.257	0.212	0.311	0.027	0.28	0.246	0.359	0.063	0.271	0.268	0.363	0.045	0.299	0.312	0.351	0.07	0.342	0.299	0.384	0.083	0.331	0.253	0.378	0.059	0.338	0.258	0.346	0.17
11	0.234	0.374	0.129	0.483	0.294	0.325	0.038	0.427	0.215	0.331	0.0	0.408	0.283	0.312	0.097	0.411	0.283	0.308	0.096	0.368	0.217	0.309	0.105	0.371	0.239	0.337	0.074	0.423	0.258	0.346	0.067	0.442	0.23	0.351	0.041	0.389	0.22	0.291	0.028	0.393	0.269	0.359	0.101	0.369	0.217	0.223
12	0.198	0.297	0.401	0.06	0.215	0.275	0.42	0.061	0.289	0.273	0.443	0.0	0.245	0.331	0.34	0.038	0.313	0.268	0.337	0.088	0.242	0.26	0.417	0.041	0.275	0.23	0.446	0.044	0.268	0.309	0.407	0.054	0.346	0.252	0.424	0.084	0.368	0.314	0.42	0.036	0.271	0.256	0.507	0.05	0.283	0.189
13	0.197	0.384	0.316	0.279	0.055	0.339	0.278	0.272	0.083	0.34	0.286	0.228	0.0	0.4	0.243	0.236	0.078	0.381	0.221	0.197	0.069	0.319	0.313	0.238	0.062	0.313	0.324	0.249	0.047	0.373	0.337	0.239	0.118	0.4	0.277	0.18	0.128	0.347	0.275	0.266	0.059	0.347	0.355	0.224	0.079	0.197
14	0.219	0.072	0.236	0.339	0.42	0.053	0.317	0.371	0.357	0.067	0.344	0.335	0.372	0.0	0.272	0.28	0.426	0.053	0.258	0.274	0.375	0.067	0.266	0.309	0.427	0.102	0.301	0.331	0.373	0.041	0.331	0.327	0.414	0.08	0.327	0.32	0.45	0.069	0.32	0.315	0.449	0.076	0.371	0.324	0.353	0.227
15	0.188	0.314	0.075	0.385	0.299	0.258	0.082	0.402	0.233	0.224	0.099	0.374	0.246	0.253	0.0	0.319	0.265	0.245	0.058	0.282	0.221	0.243	0.07	0.338	0.256	0.232	0.083	0.388	0.231	0.237	0.099	0.412	0.228	0.292	0.125	0.309	0.257	0.227	0.091	0.361	0.288	0.252	0.149	0.338	0.231	0.175
16	0.166	0.298	0.41	0.068	0.231	0.272	0.37	0.082	0.303	0.23	0.392	0.039	0.259	0.284	0.347	0.0	0.284	0.267	0.344	0.07	0.254	0.257	0.365	0.035	0.29	0.224	0.393	0.052	0.282	0.263	0.419	0.076	0.311	0.25	0.438	0.08	0.334	0.315	0.432	0.04	0.288	0.252	0.449	0.055	0.296	0.188
17	0.221	0.452	0.345	0.304	0.092	0.403	0.289	0.3	0.072	0.405	0.252	0.298	0.08	0.401	0.268	0.309	0.0	0.387	0.243	0.269	0.08	0.381	0.337	0.27	0.048	0.38	0.293	0.321	0.058	0.376	0.303	0.31	0.081	0.408	0.282	0.25	0.068	0.405	0.283	0.294	0.036	0.416	0.31	0.259	0.078	0.219
18	0.199	0.083	0.241	0.331	0.352	0.027	0.319	0.31	0.352	0.04	0.296	0.278	0.364	0.054	0.23	0.27	0.42	0.0	0.254	0.259	0.313	0.04	0.27	0.254	0.36	0.079	0.305	0.276	0.366	0.031	0.289	0.32	0.41	0.068	0.333	0.308	0.381	0.066	0.323	0.305	0.379	0.064	0.381	0.266	0.347	0.178
19	0.186	0.301	0.114	0.393	0.241	0.249	0.087	0.406	0.178	0.251	0.101	0.325	0.23	0.288	0.051	0.325	0.246	0.236	0.0	0.282	0.199	0.233	0.104	0.342	0.2	0.254	0.111	0.339	0.213	0.268	0.105	0.358	0.207	0.322	0.112	0.307	0.236	0.226	0.095	0.368	0.229	0.279	0.168	0.29	0.177	0.171
20	0.126	0.308	0.326	0.124	0.2	0.229	0.34	0.13	0.226	0.226	0.36	0.079	0.19	0.284	0.313	0.072	0.254	0.262	0.262	0.0	0.215	0.213	0.339	0.069	0.217	0.187	0.365	0.114	0.209	0.26	0.389	0.107	0.279	0.258	0.347	0.069	0.302	0.262	0.341	0.098	0.256	0.219	0.423	0.062	0.219	0.146
21	0.173	0.413	0.263	0.291	0.101	0.306	0.224	0.289	0.059	0.307	0.23	0.277	0.062	0.362	0.229	0.242	0.082	0.345	0.172	0.2	0.0	0.335	0.259	0.247	0.059	0.286	0.267	0.3	0.048	0.337	0.278	0.252	0.092	0.369	0.263	0.195	0.109	0.362	0.222	0.275	0.087	0.318	0.298	0.235	0.041	0.168
22	0.161	0.105	0.25	0.285	0.353	0.039	0.28	0.312	0.353	0.025	0.305	0.276	0.311	0.07	0.234	0.266	0.363	0.041	0.256	0.216	0.313	0.0	0.239	0.251	0.362	0.056	0.271	0.275	0.366	0.049	0.3	0.32	0.355	0.079	0.343	0.26	0.387	0.083	0.284	0.26	0.382	0.068	0.341	0.263	0.347	0.169
23	0.229	0.321	0.049	0.418	0.339	0.273	0.079	0.438	0.272	0.28	0.096	0.412	0.332	0.259	0.073	0.412	0.299	0.258	0.107	0.319	0.262	0.261	0.0	0.375	0.295	0.296	0.042	0.424	0.312	0.246	0.063	0.452	0.258	0.305	0.111	0.404	0.287	0.231	0.099	0.396	0.326	0.312	0.111	0.378	0.272	0.218
24	0.156	0.297	0.393	0.082	0.208	0.27	0.41	0.077	0.279	0.267	0.371	0.038	0.235	0.28	0.33	0.036	0.304	0.264	0.326	0.07	0.232	0.254	0.408	0.0	0.266	0.224	0.374	0.061	0.258	0.304	0.399	0.069	0.336	0.251	0.416	0.074	0.308	0.309	0.41	0.047	0.263	0.253	0.499	0.037	0.272	0.177
25	0.222	0.41	0.306	0.332	0.089	0.362	0.255	0.28	0.046	0.363	0.259	0.275	0.067	0.422	0.233	0.284	0.05	0.347	0.208	0.242	0.052	0.341	0.299	0.289	0.0	0.341	0.305	0.297	0.038	0.396	0.27	0.289	0.073	0.368	0.251	0.23	0.083	0.363	0.251	0.318	0.051	0.375	0.329	0.236	0.048	0.186
26	0.152	0.11	0.255	0.261	0.35	0.068	0.315	0.289	0.312	0.059	0.341	0.213	0.313	0.109	0.229	0.204	0.371	0.083	0.245	0.194	0.318	0.058	0.28	0.226	0.316	0.0	0.313	0.212	0.319	0.089	0.342	0.253	0.369	0.085	0.328	0.242	0.402	0.114	0.319	0.234	0.331	0.057	0.385	0.239	0.306	0.165
27	0.257	0.366	0.068	0.459	0.36	0.271	0.066	0.477	0.242	0.278	0.082	0.451	0.301	0.301	0.089	0.388	0.312	0.298	0.099	0.352	0.277	0.258	0.044	0.412	0.308	0.291	0.0	0.465	0.281	0.287	0.04	0.421	0.266	0.348	0.079	0.378	0.295	0.272	0.07	0.435	0.341	0.306	0.095	0.413	0.243	0.245
28	0.201	0.319	0.387	0.045	0.261	0.299	0.41	0.069	0.341	0.255	0.433	0.048	0.252	0.309	0.388	0.048	0.317	0.293	0.386	0.103	0.29	0.285	0.404	0.062	0.327	0.215	0.433	0.0	0.273	0.288	0.462	0.068	0.347	0.271	0.482	0.103	0.37	0.345	0.409	0.031	0.322	0.235	0.491	0.082	0.334	0.224
29	0.192	0.427	0.329	0.284	0.078	0.376	0.24	0.281	0.062	0.322	0.246	0.274	0.051	0.377	0.252	0.282	0.053	0.362	0.226	0.204	0.05	0.354	0.277	0.246	0.039	0.35	0.285	0.298	0.0	0.353	0.296	0.288	0.083	0.383	0.278	0.192	0.093	0.38	0.277	0.272	0.052	0.388	0.309	0.234	0.06	0.19
30	0.184	0.079	0.248	0.299	0.37	0.037	0.33	0.328	0.369	0.051	0.307	0.295	0.382	0.038	0.24	0.286	0.376	0.029	0.265	0.276	0.329	0.051	0.278	0.27	0.378	0.091	0.269	0.292	0.384	0.0	0.298	0.338	0.428	0.071	0.344	0.326	0.399	0.063	0.334	0.276	0.398	0.072	0.335	0.283	0.364	0.191
31	0.286	0.351	0.091	0.499	0.329	0.306	0.064	0.443	0.257	0.314	0.065	0.422	0.322	0.339	0.093	0.425	0.329	0.289	0.113	0.385	0.253	0.293	0.066	0.384	0.28	0.327	0.041	0.435	0.299	0.324	0.0	0.459	0.278	0.333	0.069	0.411	0.263	0.266	0.064	0.474	0.309	0.344	0.081	0.386	0.259	0.234
32	0.226	0.326	0.426	0.049	0.213	0.306	0.441	0.034	0.295	0.305	0.463	0.052	0.247	0.364	0.361	0.072	0.313	0.297	0.358	0.115	0.292	0.291	0.441	0.073	0.279	0.262	0.47	0.059	0.271	0.341	0.426	0.0	0.351	0.328	0.442	0.09	0.371	0.343	0.439	0.061	0.27	0.287	0.527	0.068	0.29	0.249
33	0.246	0.488	0.285	0.37	0.153	0.371	0.224	0.369	0.056	0.374	0.224	0.31	0.114	0.429	0.254	0.319	0.076	0.415	0.192	0.279	0.098	0.35	0.275	0.329	0.065	0.356	0.275	0.386	0.085	0.404	0.281	0.326	0.0	0.444	0.215	0.271	0.042	0.364	0.218	0.356	0.098	0.388	0.286	0.318	0.066	0.24
34	0.208	0.064	0.273	0.29	0.401	0.063	0.345	0.322	0.415	0.069	0.373	0.288	0.359	0.077	0.302	0.238	0.418	0.075	0.279	0.24	0.369	0.085	0.301	0.266	0.421	0.076	0.336	0.28	0.364	0.073	0.367	0.284	0.414	0.0	0.414	0.285	0.448	0.123	0.348	0.268	0.438	0.039	0.407	0.283	0.35	0.221
35	0.267	0.41	0.145	0.455	0.326	0.359	0.05	0.47	0.241	0.314	0.04	0.45	0.27	0.344	0.121	0.453	0.268	0.341	0.123	0.351	0.245	0.343	0.102	0.411	0.267	0.32	0.083	0.466	0.288	0.328	0.07	0.486	0.218	0.386	0.0	0.369	0.242	0.321	0.038	0.434	0.297	0.396	0.073	0.409	0.245	0.255
36	0.155	0.337	0.393	0.105	0.164	0.301	0.34	0.098	0.243	0.299	0.358	0.083	0.191	0.312	0.324	0.09	0.222	0.294	0.314	0.064	0.198	0.283	0.404	0.068	0.227	0.257	0.369	0.109	0.217	0.289	0.392	0.092	0.254	0.288	0.402	0.0	0.272	0.335	0.397	0.092	0.222	0.29	0.418	0.051	0.236	0.173
37	0.24	0.463	0.323	0.402	0.141	0.414	0.257	0.342	0.076	0.417	0.22	0.339	0.127	0.407	0.251	0.35	0.077	0.396	0.225	0.309	0.103	0.392	0.312	0.308	0.077	0.397	0.267	0.361	0.098	0.449	0.273	0.355	0.043	0.422	0.245	0.296	0.0	0.408	0.25	0.332	0.087	0.432	0.32	0.298	0.087	0.235
38	0.218	0.107	0.204	0.373	0.364	0.074	0.289	0.345	0.352	0.084	0.316	0.314	0.374	0.068	0.206	0.307	0.424	0.064	0.234	0.292	0.317	0.078	0.234	0.335	0.363	0.123	0.268	0.313	0.371	0.066	0.256	0.356	0.407	0.108	0.303	0.339	0.443	0.0	0.294	0.346	0.384	0.112	0.343	0.298	0.348	0.19
39	0.262	0.352	0.117	0.464	0.333	0.306	0.031	0.478	0.21	0.313	0.028	0.39	0.275	0.344	0.089	0.393	0.277	0.338	0.092	0.353	0.247	0.291	0.093	0.415	0.233	0.319	0.076	0.404	0.252	0.327	0.067	0.423	0.226	0.387	0.039	0.374	0.253	0.273	0.0	0.44	0.261	0.34	0.093	0.413	0.213	0.249
40	0.197	0.327	0.389	0.05	0.255	0.261	0.411	0.069	0.287	0.26	0.434	0.036	0.247	0.315	0.388	0.04	0.313	0.298	0.33	0.095	0.285	0.247	0.406	0.052	0.321	0.218	0.435	0.033	0.269	0.294	0.463	0.055	0.344	0.277	0.413	0.094	0.366	0.35	0.41	0.0	0.317	0.241	0.494	0.071	0.282	0.22
41	0.227	0.47	0.315	0.305	0.08	0.418	0.27	0.299	0.085	0.36	0.276	0.298	0.06	0.418	0.288	0.264	0.036	0.403	0.262	0.23	0.084	0.395	0.31	0.27	0.056	0.336	0.318	0.322	0.048	0.393	0.328	0.308	0.088	0.423	0.308	0.211	0.089	0.423	0.265	0.295	0.0	0.368	0.338	0.257	0.088	0.226
42	0.179	0.081	0.294	0.267	0.366	0.06	0.316	0.296	0.379	0.052	0.343	0.262	0.381	0.077	0.275	0.252	0.382	0.064	0.296	0.214	0.335	0.065	0.277	0.241	0.384	0.063	0.31	0.257	0.388	0.066	0.34	0.305	0.378	0.041	0.383	0.257	0.411	0.115	0.373	0.244	0.401	0.0	0.378	0.256	0.373	0.192
43	0.301	0.415	0.148	0.484	0.37	0.372	0.105	0.502	0.29	0.382	0.09	0.484	0.364	0.349	0.151	0.488	0.31	0.351	0.166	0.448	0.291	0.358	0.126	0.443	0.314	0.394	0.089	0.497	0.337	0.335	0.075	0.521	0.303	0.397	0.077	0.471	0.285	0.327	0.095	0.464	0.342	0.411	0.0	0.444	0.294	0.291
44	0.174	0.303	0.382	0.094	0.187	0.273	0.395	0.081	0.259	0.271	0.356	0.052	0.214	0.331	0.318	0.055	0.281	0.266	0.312	0.062	0.213	0.257	0.396	0.036	0.245	0.228	0.423	0.077	0.237	0.307	0.386	0.074	0.314	0.257	0.4	0.053	0.287	0.309	0.395	0.073	0.242	0.259	0.482	0.0	0.252	0.168
45	0.201	0.386	0.273	0.331	0.106	0.336	0.223	0.329	0.029	0.338	0.228	0.272	0.082	0.394	0.203	0.279	0.079	0.322	0.177	0.235	0.048	0.316	0.266	0.285	0.046	0.318	0.271	0.293	0.057	0.368	0.24	0.29	0.072	0.405	0.223	0.23	0.091	0.335	0.221	0.314	0.077	0.352	0.298	0.234	0.0	0.194
60	0.038	0.262	0.206	0.239	0.209	0.173	0.219	0.251	0.205	0.168	0.237	0.216	0.177	0.22	0.181	0.179	0.225	0.196	0.148	0.136	0.168	0.181	0.215	0.188	0.213	0.149	0.237	0.232	0.18	0.196	0.258	0.216	0.223	0.221	0.274	0.17	0.25	0.217	0.223	0.213	0.234	0.183	0.298	0.185	0.168	0.0

[*,*,7]:	1	2	3	4	5	6	7	8	9	10	11	12	13	14	15	16	17	18	19	20	21	22	23	24	25	26	27	28	29	30	31	32	33	34	35	36	37	38	39	40	41	42	43	44	45	60:=
1	0.0	0.25	0.253	0.254	0.206	0.194	0.272	0.267	0.213	0.187	0.292	0.194	0.208	0.248	0.195	0.186	0.266	0.188	0.189	0.138	0.203	0.173	0.266	0.195	0.218	0.161	0.291	0.209	0.215	0.221	0.27	0.23	0.269	0.243	0.288	0.181	0.299	0.214	0.277	0.223	0.236	0.201	0.362	0.165	0.205	0.045
2	0.272	0.0	0.312	0.37	0.493	0.09	0.402	0.407	0.431	0.104	0.434	0.317	0.441	0.076	0.355	0.31	0.506	0.099	0.333	0.314	0.452	0.105	0.346	0.345	0.437	0.126	0.386	0.361	0.445	0.089	0.422	0.361	0.498	0.07	0.411	0.363	0.538	0.114	0.404	0.345	0.531	0.084	0.464	0.364	0.427	0.286
3	0.256	0.34	0.0	0.473	0.399	0.245	0.118	0.496	0.329	0.253	0.14	0.465	0.336	0.271	0.093	0.397	0.359	0.27	0.117	0.361	0.313	0.274	0.049	0.424	0.354	0.272	0.078	0.477	0.319	0.258	0.102	0.437	0.315	0.325	0.159	0.395	0.349	0.236	0.125	0.447	0.389	0.285	0.154	0.427	0.281	0.245
4	0.239	0.374	0.514	0.0	0.282	0.354	0.462	0.051	0.377	0.303	0.487	0.065	0.276	0.362	0.442	0.084	0.345	0.346	0.439	0.128	0.321	0.338	0.457	0.082	0.358	0.258	0.489	0.052	0.35	0.339	0.52	0.055	0.381	0.321	0.541	0.115	0.404	0.402	0.459	0.053	0.35	0.328	0.55	0.098	0.37	0.264
5	0.211	0.465	0.404	0.262	0.0	0.413	0.311	0.253	0.132	0.413	0.321	0.253	0.06	0.416	0.319	0.264	0.097	0.399	0.294	0.192	0.104	0.39	0.402	0.227	0.105	0.379	0.357	0.279	0.089	0.389	0.373	0.26	0.146	0.413	0.361	0.194	0.154	0.428	0.359	0.253	0.086	0.419	0.389	0.212	0.129	0.215
6	0.184	0.092	0.271	0.358	0.385	0.0	0.355	0.336	0.387	0.037	0.33	0.3	0.398	0.057	0.257	0.291	0.461	0.028	0.282	0.279	0.343	0.04	0.302	0.274	0.395	0.08	0.292	0.298	0.401	0.042	0.323	0.346	0.451	0.071	0.37	0.333	0.42	0.081	0.36	0.281	0.416	0.064	0.425	0.288	0.381	0.193
7	0.282	0.383	0.121	0.508	0.315	0.33	0.0	0.449	0.233	0.337	0.042	0.427	0.304	0.371	0.088	0.43	0.308	0.312	0.092	0.385	0.232	0.314	0.095	0.453	0.259	0.345	0.078	0.443	0.279	0.352	0.062	0.465	0.253	0.358	0.056	0.41	0.284	0.294	0.034	0.482	0.291	0.368	0.112	0.387	0.236	0.228
8	0.258	0.36	0.473	0.052	0.278	0.341	0.49	0.0	0.329	0.341	0.514	0.067	0.277	0.405	0.402	0.089	0.348	0.387	0.399	0.138	0.327	0.325	0.49	0.092	0.31	0.294	0.521	0.07	0.303	0.38	0.552	0.033	0.389	0.364	0.489	0.109	0.412	0.381	0.487	0.075	0.3	0.32	0.583	0.101	0.324	0.283
9	0.223	0.486	0.292	0.359	0.136	0.364	0.236	0.358	0.0	0.366	0.24	0.347	0.092	0.426	0.254	0.304	0.078	0.408	0.19	0.259	0.062	0.342	0.284	0.312	0.055	0.345	0.288	0.373	0.063	0.399	0.297	0.315	0.064	0.439	0.233	0.253	0.085	0.423	0.232	0.343	0.093	0.38	0.313	0.3	0.031	0.216
10	0.183	0.109	0.243	0.314	0.395	0.038	0.317	0.345	0.397	0.0	0.345	0.305	0.349	0.074	0.267	0.252	0.407	0.043	0.291	0.241	0.352	0.031	0.272	0.279	0.406	0.061	0.307	0.304	0.351	0.051	0.339	0.353	0.399	0.08	0.387	0.29	0.435	0.094	0.321	0.287	0.428	0.057	0.384	0.292	0.391	0.192
11	0.266	0.424	0.146	0.469	0.334	0.368	0.036	0.485	0.243	0.32	0.0	0.462	0.32	0.354	0.11	0.465	0.275	0.349	0.109	0.357	0.246	0.349	0.101	0.42	0.271	0.381	0.085	0.479	0.292	0.336	0.076	0.5	0.222	0.398	0.046	0.377	0.25	0.33	0.031	0.446	0.305	0.407	0.098	0.419	0.246	0.252
12	0.192	0.337	0.454	0.058	0.244	0.311	0.475	0.069	0.327	0.309	0.43	0.0	0.277	0.321	0.385	0.043	0.303	0.304	0.381	0.1	0.275	0.295	0.472	0.04	0.312	0.26	0.432	0.05	0.303	0.299	0.461	0.061	0.391	0.286	0.48	0.095	0.357	0.356	0.475	0.035	0.307	0.29	0.491	0.057	0.32	0.215
13	0.223	0.436	0.358	0.315	0.054	0.384	0.315	0.263	0.094	0.384	0.277	0.258	0.0	0.452	0.276	0.267	0.088	0.37	0.251	0.223	0.067	0.361	0.354	0.23	0.071	0.354	0.366	0.283	0.053	0.422	0.327	0.27	0.134	0.388	0.314	0.204	0.124	0.394	0.312	0.301	0.067	0.393	0.402	0.217	0.089	0.191
14	0.248	0.07	0.268	0.384	0.406	0.06	0.359	0.419	0.406	0.076	0.389	0.325	0.422	0.0	0.263	0.318	0.482	0.051	0.293	0.31	0.424	0.076	0.301	0.35	0.414	0.115	0.34	0.321	0.423	0.046	0.32	0.371	0.469	0.09	0.371	0.362	0.509	0.067	0.363	0.356	0.435	0.087	0.42	0.313	0.401	0.257
15	0.213	0.355	0.085	0.436	0.338	0.251	0.093	0.454	0.225	0.255	0.113	0.362	0.28	0.287	0.0	0.362	0.3	0.277	0.056	0.319	0.25	0.235	0.079	0.383	0.248	0.263	0.093	0.439	0.262	0.268	0.112	0.4	0.258	0.33	0.121	0.35	0.291	0.219	0.103	0.409	0.326	0.286	0.169	0.383	0.224	0.198
16	0.189	0.337	0.397	0.077	0.261	0.263	0.42	0.093	0.342	0.262	0.444	0.044	0.252	0.322	0.393	0.0	0.322	0.302	0.333	0.08	0.288	0.291	0.414	0.039	0.328	0.217	0.445	0.059	0.274	0.298	0.475	0.074	0.353	0.284	0.495	0.091	0.378	0.356	0.419	0.046	0.326	0.244	0.509	0.062	0.286	0.213
17	0.251	0.512	0.389	0.345	0.105	0.456	0.28	0.34	0.082	0.392	0.285	0.338	0.077	0.454	0.304	0.349	0.0	0.439	0.274	0.261	0.091	0.431	0.326	0.306	0.054	0.368	0.333	0.363	0.065	0.427	0.343	0.35	0.078	0.462	0.319	0.243	0.077	0.458	0.274	0.334	0.041	0.47	0.352	0.293	0.088	0.249
18	0.193	0.094	0.273	0.321	0.399	0.03	0.308	0.352	0.399	0.045	0.336	0.315	0.412	0.053	0.261	0.305	0.407	0.0	0.288	0.251	0.355	0.046	0.305	0.288	0.408	0.09	0.296	0.313	0.414	0.03	0.327	0.362	0.397	0.077	0.377	0.348	0.433	0.075	0.366	0.296	0.43	0.073	0.369	0.302	0.393	0.202
19	0.18	0.341	0.129	0.444	0.274	0.282	0.098	0.394	0.202	0.284	0.097	0.368	0.26	0.279	0.058	0.368	0.278	0.268	0.0	0.319	0.193	0.264	0.118	0.331	0.227	0.287	0.107	0.384	0.241	0.303	0.119	0.405	0.234	0.313	0.127	0.348	0.229	0.256	0.108	0.356	0.26	0.316	0.19	0.329	0.2	0.166
20	0.143	0.299	0.37	0.141	0.194	0.26	0.385	0.126	0.256	0.256	0.407	0.09	0.215	0.321	0.304	0.082	0.287	0.254	0.297	0.0	0.208	0.242	0.384	0.078	0.246	0.212	0.412	0.111	0.237	0.295	0.377	0.121	0.316	0.249	0.393	0.078	0.341	0.297	0.386	0.111	0.248	0.248	0.479	0.06	0.248	0.142
21	0.196	0.4	0.299	0.329	0.114	0.347	0.253	0.327	0.057	0.348	0.261	0.268	0.07	0.41	0.222	0.274	0.093	0.39	0.195	0.227	0.0	0.325	0.294	0.279	0.057	0.324	0.302	0.291	0.054	0.382	0.315	0.286	0.104	0.418	0.255	0.221	0.123	0.35	0.251	0.311	0.084	0.361	0.337	0.266	0.047	0.19
22	0.182	0.119	0.243	0.323	0.399	0.038	0.317	0.353	0.342	0.028	0.345	0.312	0.352	0.08	0.265	0.258	0.411	0.047	0.248	0.245	0.354	0.0	0.271	0.285	0.409	0.064	0.307	0.311	0.355	0.055	0.339	0.31	0.402	0.089	0.332	0.295	0.439	0.094	0.322	0.294	0.432	0.065	0.386	0.298	0.337	0.191
23	0.259	0.363	0.047	0.475	0.384	0.309	0.089	0.496	0.308	0.272	0.109	0.467	0.322	0.294	0.083	0.399	0.339	0.292	0.121	0.362	0.297	0.295	0.0	0.425	0.334	0.287	0.048	0.48	0.302	0.28	0.071	0.511	0.293	0.346	0.125	0.392	0.325	0.261	0.096	0.449	0.369	0.302	0.126	0.427	0.308	0.247
24	0.178	0.337	0.444	0.079	0.235	0.305	0.398	0.087	0.316	0.259	0.42	0.043	0.266	0.318	0.374	0.041	0.295	0.299	0.369	0.068	0.263	0.288	0.395	0.0	0.302	0.253	0.424	0.069	0.292	0.295	0.452	0.079	0.326	0.284	0.47	0.071	0.349	0.35	0.464	0.053	0.298	0.286	0.484	0.042	0.308	0.2
25	0.215	0.465	0.346	0.321	0.101	0.41	0.288	0.318	0.052	0.411	0.252	0.312	0.076	0.409	0.264	0.321	0.049	0.394	0.235	0.274	0.059	0.386	0.338	0.28	0.0	0.385	0.295	0.336	0.043	0.383	0.306	0.328	0.082	0.418	0.285	0.26	0.081	0.411	0.284	0.308	0.058	0.425	0.318	0.268	0.054	0.211
26	0.172	0.125	0.289	0.295	0.34	0.077	0.357	0.28	0.354	0.067	0.33	0.242	0.354	0.124	0.26	0.231	0.42	0.08	0.277	0.22	0.308	0.066	0.316	0.219	0.359	0.0	0.353	0.24	0.361	0.101	0.332	0.286	0.418	0.082	0.372	0.274	0.389	0.13	0.362	0.265	0.376	0.065	0.436	0.232	0.347	0.16
27	0.291	0.355	0.077	0.519	0.348	0.307	0.075	0.54	0.275	0.315	0.093	0.438	0.341	0.34	0.086	0.44	0.353	0.289	0.113	0.398	0.313	0.293	0.049	0.466	0.299	0.33	0.0	0.45	0.319	0.324	0.039	0.478	0.301	0.394	0.09	0.428	0.334	0.263	0.08	0.492	0.33	0.347	0.107	0.4	0.276	0.277
28	0.228	0.361	0.439	0.051	0.295	0.29	0.465	0.079	0.33	0.29	0.491	0.047	0.286	0.35	0.439	0.054	0.359	0.331	0.375	0.117	0.328	0.276	0.458	0.07	0.316	0.243	0.491	0.0	0.31	0.327	0.522	0.066	0.393	0.306	0.467	0.117	0.418	0.334	0.464	0.035	0.364	0.267	0.556	0.092	0.324	0.254
29	0.218	0.484	0.319	0.323	0.088	0.363	0.272	0.318	0.071	0.365	0.279	0.31	0.05	0.428	0.285	0.274	0.06	0.409	0.218	0.232	0.057	0.4	0.314	0.279	0.044	0.34	0.323	0.337	0.0	0.4	0.335	0.279	0.094	0.433	0.315	0.218	0.105	0.43	0.268	0.308	0.059	0.375	0.351	0.265	0.058	0.215
30	0.208	0.09	0.28	0.339	0.419	0.042	0.32	0.371	0.418	0.05	0.348	0.334	0.37	0.043	0.272	0.324	0.427	0.033	0.3	0.268	0.373	0.058	0.269	0.306	0.428	0.088	0.306	0.331	0.434	0.0	0.337	0.382	0.415	0.08	0.389	0.316	0.452	0.071	0.323	0.313	0.45	0.081	0.381	0.32	0.412	0.217
31	0.277	0.398	0.103	0.483	0.373	0.347	0.062	0.503	0.291	0.355	0.074	0.478	0.364	0.328	0.106	0.48	0.319	0.327	0.128	0.373	0.287	0.331	0.074	0.436	0.317	0.369	0.04	0.493	0.339	0.313	0.0	0.52	0.269	0.378	0.078	0.465	0.298	0.301	0.073	0.46	0.35	0.389	0.079	0.437	0.293	0.265
32	0.219	0.37	0.482	0.056	0.242	0.346	0.499	0.033	0.335	0.345	0.449	0.059	0.28	0.352	0.41	0.081	0.354	0.337	0.405	0.13	0.283	0.329	0.499	0.07	0.316	0.297	0.455	0.067	0.307	0.386	0.484	0.0	0.397	0.318	0.5	0.102	0.36	0.389	0.497	0.059	0.306	0.325	0.596	0.077	0.328	0.242
33	0.278	0.474	0.323	0.419	0.148	0.42	0.253	0.357	0.063	0.423	0.254	0.352	0.129	0.485	0.246	0.362	0.086	0.402	0.218	0.316	0.095	0.397	0.311	0.372	0.074	0.403	0.312	0.374	0.097	0.457	0.272	0.37	0.0	0.43	0.244	0.306	0.047	0.413	0.247	0.403	0.095	0.44	0.324	0.308	0.075	0.232
34	0.235	0.062	0.31	0.329	0.454	0.072	0.391	0.364	0.403	0.079	0.422	0.279	0.408	0.087	0.292	0.27	0.474	0.084	0.317	0.272	0.418	0.082	0.341	0.301	0.408	0.087	0.381	0.271	0.413	0.082	0.415	0.322	0.469	0.0	0.402	0.323	0.507	0.12	0.394	0.303	0.424	0.044	0.46	0.32	0.398	0.25
35	0.303	0.463	0.141	0.516	0.369	0.348	0.057	0.532	0.233	0.356	0.046	0.509	0.306	0.39	0.136	0.44	0.304	0.385	0.119	0.398	0.277	0.332	0.115	0.465	0.301	0.363	0.094	0.527	0.279	0.371	0.08	0.47	0.247	0.437	0.0	0.419	0.274	0.363	0.043	0.492	0.336	0.384	0.083	0.463	0.237	0.289
36	0.176	0.381	0.38	0.119	0.186	0.341	0.386	0.111	0.274	0.29	0.406	0.094	0.185	0.353	0.367	0.088	0.252	0.333	0.356	0.073	0.224	0.321	0.392	0.077	0.257	0.249	0.418	0.123	0.21	0.328	0.444	0.104	0.288	0.326	0.455	0.0	0.309	0.379	0.384	0.104	0.251	0.281	0.474	0.057	0.267	0.195
37	0.272	0.525	0.366	0.39	0.159	0.468	0.249	0.388	0.086	0.404	0.25	0.384	0.143	0.462	0.284	0.396	0.075	0.449	0.255	0.299	0.116	0.444	0.302	0.349	0.087	0.449	0.303	0.409	0.11	0.436	0.31	0.401	0.041	0.478	0.278	0.286	0.0	0.462	0.282	0.377	0.098	0.488	0.311	0.338	0.098	0.267
38	0.211	0.122	0.23	0.36	0.413	0.084	0.327	0.391	0.399	0.096	0.306	0.356	0.423	0.066	0.233	0.348	0.411	0.073	0.266	0.33	0.359	0.089	0.264	0.325	0.411	0.139	0.26	0.355	0.42	0.064	0.29	0.403	0.46	0.123	0.343	0.384	0.43	0.0	0.332	0.335	0.436	0.127	0.332	0.338	0.394	0.215
39	0.296	0.4	0.133	0.524	0.323	0.347	0.036	0.463	0.238	0.354	0.027	0.442	0.312	0.389	0.101	0.446	0.313	0.328	0.104	0.4	0.239	0.33	0.106	0.402	0.264	0.362	0.086	0.458	0.285	0.369	0.065	0.48	0.256	0.375	0.044	0.424	0.244	0.31	0.0	0.498	0.297	0.385	0.105	0.401	0.241	0.241
40	0.223	0.317	0.441	0.056	0.247	0.296	0.465	0.078	0.326	0.294	0.49	0.035	0.28	0.356	0.376	0.045	0.354	0.288	0.374	0.107	0.322	0.281	0.46	0.058	0.312	0.247	0.492	0.032	0.305	0.332	0.448	0.062	0.389	0.314	0.469	0.107	0.414	0.339	0.464	0.0	0.307	0.273	0.559	0.069	0.32	0.249
41	0.257	0.531	0.358	0.346	0.091	0.406	0.306	0.339	0.083	0.408	0.312	0.288	0.068	0.474	0.326	0.3	0.04	0.456	0.254	0.261	0.095	0.383	0.352	0.306	0.054	0.381	0.36	0.364	0.055	0.445	0.372	0.299	0.1	0.479	0.298	0.239	0.1	0.409	0.3	0.334	0.0	0.417	0.383	0.291	0.086	0.256
42	0.203	0.092	0.285	0.303	0.414	0.058	0.359	0.336	0.428	0.059	0.388	0.296	0.37	0.088	0.311	0.244	0.433	0.072	0.286	0.242	0.379	0.074	0.314	0.273	0.434	0.061	0.351	0.291	0.375	0.075	0.384	0.295	0.429	0.046	0.433	0.292	0.466	0.13	0.362	0.277	0.454	0.0	0.428	0.289	0.361	0.217
43	0.341	0.469	0.167	0.55	0.419	0.42	0.102	0.569	0.328	0.37	0.102	0.548	0.352	0.396	0.171	0.552	0.352	0.398	0.188	0.435	0.329	0.405	0.122	0.502	0.355	0.382	0.101	0.563	0.381	0.381	0.085	0.589	0.294	0.45	0.087	0.457	0.323	0.37	0.092	0.526	0.388	0.465	0.0	0.503	0.333	0.329
44	0.169	0.344	0.432	0.091	0.212	0.309	0.382	0.092	0.293	0.306	0.404	0.059	0.241	0.322	0.361	0.063	0.272	0.302	0.354	0.06	0.242	0.291	0.448	0.041	0.278	0.258	0.41	0.087	0.268	0.298	0.437	0.083	0.304	0.291	0.453	0.06	0.326	0.351	0.446	0.07	0.274	0.293	0.467	0.0	0.285	0.19
45	0.194	0.437	0.31	0.374	0.12	0.381	0.253	0.32	0.033	0.382	0.221	0.309	0.093	0.381	0.23	0.316	0.089	0.366	0.2	0.266	0.046	0.358	0.301	0.276	0.052	0.36	0.263	0.332	0.064	0.417	0.273	0.328	0.081	0.393	0.252	0.261	0.088	0.38	0.25	0.304	0.088	0.398	0.336	0.265	0.0	0.188
60	0.043	0.253	0.233	0.27	0.237	0.196	0.249	0.283	0.199	0.19	0.268	0.209	0.2	0.249	0.175	0.203	0.255	0.222	0.168	0.154	0.19	0.176	0.244	0.212	0.206	0.168	0.268	0.225	0.205	0.222	0.291	0.245	0.253	0.25	0.266	0.193	0.283	0.21	0.253	0.241	0.227	0.207	0.337	0.209	0.191	0.0

[*,*,8]:	1	2	3	4	5	6	7	8	9	10	11	12	13	14	15	16	17	18	19	20	21	22	23	24	25	26	27	28	29	30	31	32	33	34	35	36	37	38	39	40	41	42	43	44	45	60:=
1	0.0	0.275	0.278	0.278	0.227	0.213	0.298	0.252	0.234	0.205	0.275	0.214	0.228	0.232	0.215	0.205	0.292	0.207	0.208	0.151	0.191	0.19	0.291	0.183	0.239	0.176	0.273	0.23	0.236	0.242	0.298	0.253	0.295	0.229	0.317	0.198	0.281	0.235	0.304	0.209	0.26	0.22	0.397	0.181	0.225	0.042
2	0.299	0.0	0.343	0.405	0.463	0.099	0.441	0.382	0.474	0.114	0.475	0.349	0.485	0.083	0.334	0.341	0.555	0.093	0.366	0.344	0.424	0.116	0.38	0.378	0.481	0.139	0.424	0.339	0.489	0.097	0.396	0.396	0.546	0.065	0.452	0.399	0.589	0.126	0.444	0.379	0.5	0.093	0.509	0.342	0.469	0.268
3	0.281	0.318	0.0	0.52	0.437	0.27	0.13	0.544	0.309	0.278	0.153	0.437	0.37	0.297	0.087	0.437	0.394	0.295	0.128	0.397	0.344	0.257	0.054	0.465	0.333	0.298	0.086	0.447	0.351	0.283	0.112	0.481	0.346	0.356	0.149	0.434	0.383	0.222	0.137	0.49	0.365	0.313	0.169	0.468	0.309	0.268
4	0.263	0.41	0.483	0.0	0.31	0.333	0.507	0.056	0.353	0.333	0.534	0.071	0.304	0.397	0.484	0.079	0.379	0.379	0.412	0.141	0.353	0.317	0.503	0.09	0.393	0.284	0.537	0.057	0.329	0.373	0.571	0.052	0.419	0.352	0.507	0.126	0.444	0.441	0.505	0.058	0.384	0.309	0.604	0.108	0.348	0.29
5	0.232	0.51	0.379	0.289	0.0	0.453	0.342	0.278	0.145	0.389	0.353	0.277	0.056	0.458	0.35	0.248	0.107	0.438	0.322	0.211	0.114	0.427	0.378	0.249	0.115	0.356	0.393	0.306	0.083	0.428	0.41	0.285	0.161	0.454	0.396	0.183	0.169	0.469	0.338	0.278	0.094	0.393	0.428	0.232	0.141	0.237
6	0.203	0.101	0.297	0.337	0.423	0.0	0.333	0.37	0.425	0.035	0.363	0.33	0.436	0.063	0.282	0.319	0.434	0.031	0.309	0.262	0.377	0.044	0.284	0.301	0.434	0.087	0.321	0.327	0.44	0.04	0.355	0.38	0.423	0.078	0.406	0.313	0.462	0.089	0.394	0.309	0.457	0.07	0.4	0.316	0.418	0.213
7	0.265	0.421	0.133	0.477	0.346	0.363	0.0	0.494	0.256	0.369	0.039	0.47	0.333	0.349	0.097	0.472	0.289	0.343	0.101	0.422	0.256	0.344	0.104	0.427	0.285	0.378	0.073	0.487	0.306	0.33	0.069	0.51	0.278	0.394	0.062	0.449	0.267	0.323	0.038	0.452	0.32	0.404	0.105	0.426	0.259	0.251
8	0.283	0.397	0.519	0.057	0.262	0.374	0.537	0.0	0.362	0.374	0.482	0.074	0.304	0.444	0.443	0.098	0.382	0.364	0.438	0.151	0.307	0.357	0.538	0.086	0.341	0.323	0.572	0.077	0.333	0.417	0.519	0.037	0.427	0.342	0.538	0.12	0.386	0.419	0.535	0.082	0.33	0.352	0.639	0.095	0.356	0.266
9	0.245	0.457	0.321	0.394	0.127	0.4	0.259	0.392	0.0	0.402	0.263	0.326	0.101	0.467	0.239	0.334	0.086	0.383	0.209	0.285	0.068	0.376	0.311	0.342	0.052	0.379	0.316	0.35	0.069	0.438	0.279	0.346	0.07	0.481	0.257	0.278	0.093	0.398	0.255	0.376	0.088	0.418	0.343	0.281	0.034	0.237
10	0.201	0.12	0.268	0.345	0.433	0.035	0.348	0.378	0.373	0.0	0.379	0.286	0.384	0.081	0.293	0.277	0.447	0.047	0.274	0.265	0.386	0.029	0.299	0.306	0.381	0.067	0.338	0.333	0.387	0.057	0.372	0.332	0.438	0.087	0.363	0.319	0.477	0.089	0.353	0.315	0.469	0.063	0.422	0.32	0.368	0.211
11	0.292	0.465	0.137	0.516	0.366	0.345	0.04	0.532	0.266	0.352	0.0	0.507	0.301	0.389	0.121	0.437	0.302	0.383	0.102	0.392	0.27	0.383	0.111	0.462	0.297	0.359	0.093	0.526	0.275	0.369	0.084	0.469	0.245	0.436	0.051	0.415	0.274	0.361	0.029	0.49	0.334	0.382	0.108	0.46	0.231	0.277
12	0.211	0.37	0.498	0.064	0.268	0.341	0.447	0.076	0.359	0.29	0.472	0.0	0.26	0.353	0.423	0.047	0.333	0.334	0.418	0.094	0.302	0.323	0.443	0.044	0.342	0.244	0.476	0.054	0.332	0.329	0.507	0.067	0.368	0.314	0.527	0.089	0.393	0.39	0.446	0.038	0.337	0.318	0.54	0.063	0.351	0.236
13	0.209	0.479	0.392	0.296	0.059	0.422	0.295	0.29	0.103	0.421	0.305	0.284	0.0	0.425	0.303	0.293	0.083	0.406	0.275	0.209	0.074	0.397	0.389	0.253	0.078	0.388	0.344	0.311	0.058	0.397	0.359	0.297	0.126	0.426	0.344	0.224	0.137	0.432	0.342	0.283	0.074	0.432	0.377	0.238	0.098	0.21
14	0.232	0.077	0.294	0.421	0.447	0.066	0.393	0.394	0.446	0.083	0.365	0.358	0.463	0.0	0.29	0.349	0.529	0.056	0.322	0.34	0.399	0.083	0.33	0.329	0.456	0.127	0.319	0.353	0.464	0.05	0.352	0.407	0.514	0.085	0.408	0.397	0.478	0.074	0.398	0.334	0.478	0.095	0.461	0.345	0.44	0.242
15	0.233	0.334	0.094	0.479	0.317	0.276	0.102	0.426	0.248	0.279	0.123	0.398	0.307	0.315	0.0	0.397	0.329	0.26	0.062	0.35	0.235	0.259	0.087	0.42	0.273	0.289	0.102	0.413	0.288	0.294	0.105	0.44	0.284	0.31	0.133	0.384	0.319	0.241	0.113	0.449	0.306	0.314	0.185	0.359	0.246	0.185
16	0.207	0.317	0.437	0.085	0.286	0.29	0.461	0.102	0.322	0.287	0.487	0.041	0.277	0.353	0.369	0.0	0.354	0.331	0.367	0.088	0.316	0.274	0.455	0.043	0.309	0.239	0.488	0.055	0.301	0.328	0.52	0.081	0.388	0.311	0.466	0.1	0.415	0.335	0.461	0.05	0.306	0.269	0.559	0.068	0.315	0.233
17	0.275	0.562	0.366	0.379	0.115	0.428	0.308	0.373	0.077	0.431	0.313	0.37	0.085	0.499	0.333	0.329	0.0	0.481	0.258	0.287	0.1	0.404	0.359	0.336	0.06	0.405	0.366	0.399	0.061	0.469	0.377	0.329	0.086	0.508	0.299	0.267	0.085	0.502	0.302	0.367	0.045	0.442	0.387	0.321	0.083	0.273
18	0.212	0.103	0.256	0.353	0.438	0.033	0.339	0.387	0.438	0.042	0.369	0.346	0.387	0.058	0.287	0.286	0.448	0.0	0.315	0.276	0.39	0.05	0.287	0.317	0.448	0.084	0.326	0.343	0.388	0.033	0.359	0.397	0.437	0.084	0.413	0.328	0.476	0.083	0.343	0.325	0.472	0.068	0.406	0.332	0.431	0.222
19	0.198	0.375	0.141	0.417	0.301	0.309	0.092	0.433	0.222	0.267	0.107	0.404	0.285	0.307	0.063	0.403	0.261	0.294	0.0	0.3	0.212	0.289	0.111	0.364	0.249	0.315	0.118	0.422	0.264	0.285	0.131	0.445	0.22	0.344	0.139	0.326	0.251	0.281	0.118	0.391	0.286	0.346	0.179	0.362	0.22	0.182
20	0.134	0.328	0.406	0.132	0.214	0.286	0.422	0.139	0.281	0.28	0.383	0.098	0.236	0.302	0.334	0.09	0.27	0.279	0.326	0.0	0.229	0.266	0.421	0.073	0.27	0.233	0.387	0.122	0.261	0.276	0.415	0.133	0.347	0.274	0.432	0.085	0.321	0.326	0.424	0.104	0.273	0.272	0.449	0.066	0.272	0.156
21	0.215	0.44	0.328	0.361	0.107	0.382	0.278	0.307	0.062	0.382	0.244	0.295	0.077	0.449	0.244	0.301	0.102	0.367	0.215	0.249	0.0	0.358	0.322	0.262	0.063	0.356	0.331	0.32	0.06	0.419	0.296	0.315	0.114	0.392	0.28	0.243	0.116	0.385	0.276	0.341	0.093	0.397	0.37	0.25	0.052	0.179
22	0.2	0.112	0.267	0.354	0.374	0.041	0.349	0.387	0.376	0.031	0.379	0.294	0.387	0.087	0.249	0.284	0.451	0.044	0.273	0.269	0.388	0.0	0.298	0.312	0.385	0.07	0.337	0.292	0.39	0.061	0.318	0.341	0.441	0.098	0.365	0.324	0.481	0.088	0.354	0.323	0.406	0.072	0.424	0.279	0.37	0.21
23	0.285	0.398	0.052	0.521	0.421	0.291	0.098	0.544	0.289	0.299	0.12	0.438	0.354	0.323	0.091	0.439	0.372	0.32	0.113	0.398	0.326	0.277	0.0	0.467	0.314	0.316	0.053	0.526	0.333	0.307	0.078	0.481	0.322	0.379	0.118	0.431	0.357	0.245	0.105	0.493	0.404	0.333	0.139	0.469	0.29	0.271
24	0.195	0.369	0.417	0.087	0.258	0.287	0.437	0.095	0.346	0.285	0.462	0.047	0.25	0.35	0.411	0.039	0.324	0.328	0.346	0.075	0.289	0.316	0.434	0.0	0.331	0.238	0.466	0.075	0.274	0.324	0.496	0.074	0.359	0.312	0.516	0.078	0.384	0.384	0.436	0.058	0.327	0.268	0.532	0.046	0.289	0.22
25	0.236	0.511	0.379	0.353	0.111	0.449	0.271	0.35	0.057	0.386	0.277	0.342	0.071	0.45	0.29	0.352	0.054	0.432	0.258	0.257	0.065	0.424	0.318	0.308	0.0	0.361	0.325	0.369	0.047	0.422	0.336	0.359	0.077	0.459	0.312	0.244	0.089	0.452	0.266	0.338	0.063	0.465	0.35	0.294	0.059	0.232
26	0.162	0.137	0.317	0.277	0.374	0.084	0.335	0.308	0.388	0.074	0.363	0.266	0.388	0.116	0.286	0.253	0.395	0.088	0.304	0.206	0.339	0.072	0.347	0.241	0.394	0.0	0.332	0.264	0.396	0.095	0.365	0.314	0.392	0.091	0.409	0.3	0.428	0.142	0.397	0.249	0.413	0.071	0.41	0.255	0.381	0.176
27	0.273	0.39	0.085	0.569	0.383	0.337	0.082	0.508	0.302	0.345	0.087	0.481	0.375	0.319	0.094	0.483	0.387	0.318	0.124	0.437	0.294	0.322	0.054	0.438	0.329	0.362	0.0	0.495	0.35	0.356	0.043	0.525	0.33	0.371	0.098	0.47	0.313	0.29	0.088	0.462	0.363	0.381	0.117	0.44	0.303	0.261
28	0.25	0.339	0.482	0.056	0.277	0.319	0.51	0.074	0.363	0.318	0.538	0.051	0.315	0.383	0.413	0.06	0.394	0.311	0.412	0.128	0.308	0.304	0.503	0.077	0.348	0.267	0.538	0.0	0.34	0.358	0.491	0.072	0.431	0.287	0.514	0.129	0.459	0.367	0.509	0.039	0.342	0.294	0.61	0.087	0.357	0.238
29	0.239	0.454	0.351	0.354	0.096	0.4	0.299	0.348	0.066	0.401	0.306	0.291	0.055	0.469	0.267	0.301	0.066	0.449	0.24	0.255	0.063	0.376	0.345	0.306	0.041	0.374	0.354	0.316	0.0	0.439	0.367	0.306	0.104	0.475	0.296	0.239	0.116	0.404	0.295	0.338	0.056	0.413	0.385	0.29	0.064	0.236
30	0.229	0.098	0.263	0.373	0.46	0.039	0.352	0.408	0.392	0.055	0.382	0.366	0.407	0.048	0.298	0.305	0.469	0.036	0.282	0.294	0.41	0.055	0.296	0.336	0.469	0.097	0.336	0.363	0.408	0.0	0.37	0.359	0.457	0.088	0.365	0.347	0.497	0.078	0.356	0.344	0.494	0.076	0.418	0.352	0.387	0.238
31	0.305	0.437	0.097	0.531	0.41	0.38	0.068	0.552	0.319	0.334	0.081	0.525	0.342	0.361	0.116	0.451	0.351	0.359	0.14	0.41	0.315	0.363	0.07	0.479	0.348	0.347	0.044	0.541	0.318	0.345	0.0	0.57	0.296	0.415	0.085	0.437	0.328	0.33	0.068	0.505	0.385	0.365	0.087	0.48	0.321	0.291
32	0.241	0.406	0.529	0.052	0.266	0.38	0.468	0.036	0.367	0.324	0.494	0.065	0.307	0.388	0.45	0.089	0.333	0.37	0.445	0.122	0.311	0.361	0.468	0.077	0.347	0.325	0.5	0.074	0.337	0.363	0.531	0.0	0.373	0.349	0.549	0.096	0.396	0.427	0.545	0.065	0.336	0.357	0.561	0.085	0.36	0.266
33	0.262	0.521	0.355	0.393	0.163	0.461	0.278	0.393	0.069	0.464	0.239	0.386	0.142	0.456	0.27	0.397	0.081	0.442	0.24	0.347	0.105	0.436	0.341	0.35	0.081	0.443	0.293	0.411	0.106	0.429	0.299	0.406	0.0	0.473	0.268	0.336	0.044	0.454	0.271	0.378	0.104	0.483	0.304	0.338	0.083	0.255
34	0.258	0.068	0.34	0.36	0.427	0.079	0.429	0.342	0.443	0.086	0.396	0.306	0.447	0.095	0.322	0.297	0.519	0.079	0.348	0.298	0.392	0.09	0.375	0.283	0.448	0.095	0.417	0.298	0.454	0.09	0.391	0.354	0.514	0.0	0.442	0.354	0.476	0.132	0.433	0.332	0.466	0.048	0.505	0.301	0.437	0.235
35	0.332	0.435	0.155	0.566	0.347	0.383	0.062	0.583	0.257	0.391	0.05	0.479	0.336	0.427	0.128	0.484	0.334	0.362	0.131	0.437	0.304	0.365	0.127	0.51	0.284	0.399	0.103	0.495	0.307	0.407	0.075	0.517	0.271	0.479	0.0	0.46	0.301	0.342	0.048	0.54	0.316	0.423	0.091	0.434	0.261	0.317
36	0.193	0.418	0.419	0.131	0.203	0.321	0.424	0.121	0.258	0.319	0.446	0.088	0.204	0.388	0.402	0.096	0.277	0.365	0.334	0.08	0.246	0.301	0.431	0.084	0.241	0.273	0.459	0.135	0.231	0.36	0.487	0.098	0.317	0.358	0.427	0.0	0.339	0.356	0.423	0.115	0.275	0.309	0.521	0.063	0.251	0.214
37	0.299	0.576	0.344	0.428	0.175	0.439	0.274	0.426	0.094	0.444	0.274	0.421	0.135	0.508	0.312	0.372	0.082	0.493	0.239	0.329	0.128	0.486	0.332	0.384	0.095	0.423	0.333	0.448	0.104	0.479	0.34	0.376	0.046	0.525	0.304	0.315	0.0	0.507	0.266	0.414	0.108	0.459	0.342	0.371	0.092	0.293
38	0.232	0.134	0.253	0.397	0.453	0.092	0.307	0.43	0.438	0.09	0.337	0.39	0.396	0.073	0.256	0.381	0.452	0.08	0.291	0.311	0.395	0.097	0.248	0.358	0.452	0.131	0.286	0.39	0.461	0.07	0.319	0.442	0.432	0.135	0.376	0.36	0.472	0.0	0.312	0.368	0.478	0.139	0.365	0.371	0.432	0.237
39	0.279	0.439	0.145	0.492	0.355	0.381	0.033	0.51	0.261	0.388	0.03	0.486	0.342	0.366	0.111	0.489	0.294	0.361	0.114	0.375	0.263	0.362	0.116	0.442	0.29	0.397	0.081	0.503	0.313	0.347	0.072	0.527	0.24	0.413	0.049	0.464	0.269	0.34	0.0	0.468	0.326	0.422	0.098	0.441	0.264	0.265
40	0.209	0.349	0.484	0.062	0.271	0.325	0.51	0.073	0.359	0.323	0.461	0.039	0.308	0.334	0.413	0.05	0.388	0.317	0.411	0.118	0.303	0.308	0.504	0.055	0.343	0.271	0.462	0.035	0.334	0.364	0.493	0.068	0.427	0.295	0.515	0.117	0.389	0.373	0.51	0.0	0.338	0.3	0.612	0.076	0.351	0.234
41	0.282	0.5	0.393	0.379	0.085	0.446	0.336	0.318	0.091	0.448	0.342	0.317	0.075	0.519	0.306	0.33	0.044	0.428	0.279	0.286	0.089	0.421	0.386	0.335	0.06	0.418	0.395	0.342	0.06	0.488	0.349	0.329	0.11	0.449	0.328	0.263	0.11	0.45	0.33	0.367	0.0	0.459	0.42	0.273	0.094	0.24
42	0.223	0.086	0.313	0.332	0.454	0.064	0.394	0.368	0.403	0.065	0.426	0.278	0.407	0.096	0.291	0.269	0.476	0.079	0.315	0.266	0.416	0.069	0.345	0.299	0.408	0.067	0.386	0.273	0.413	0.082	0.421	0.324	0.471	0.051	0.407	0.32	0.511	0.122	0.398	0.304	0.426	0.0	0.47	0.317	0.397	0.238
43	0.375	0.515	0.157	0.604	0.46	0.395	0.112	0.625	0.307	0.407	0.112	0.6	0.387	0.435	0.187	0.52	0.387	0.436	0.177	0.478	0.361	0.379	0.134	0.551	0.389	0.42	0.111	0.617	0.358	0.418	0.093	0.554	0.324	0.493	0.081	0.502	0.354	0.406	0.101	0.578	0.425	0.437	0.0	0.552	0.313	0.362
44	0.186	0.377	0.406	0.1	0.232	0.339	0.42	0.101	0.321	0.288	0.444	0.065	0.227	0.353	0.396	0.059	0.299	0.332	0.388	0.066	0.266	0.319	0.421	0.045	0.305	0.243	0.451	0.095	0.251	0.327	0.48	0.091	0.334	0.32	0.496	0.056	0.358	0.385	0.419	0.077	0.301	0.275	0.514	0.0	0.313	0.209
45	0.214	0.481	0.34	0.352	0.132	0.418	0.237	0.351	0.036	0.358	0.243	0.339	0.102	0.419	0.252	0.346	0.084	0.402	0.22	0.25	0.051	0.393	0.283	0.304	0.057	0.394	0.289	0.365	0.07	0.392	0.299	0.36	0.076	0.432	0.277	0.244	0.097	0.418	0.274	0.335	0.096	0.437	0.317	0.292	0.0	0.207
60	0.047	0.279	0.256	0.296	0.223	0.215	0.273	0.266	0.219	0.209	0.251	0.23	0.22	0.272	0.193	0.223	0.279	0.209	0.184	0.169	0.179	0.193	0.268	0.199	0.227	0.185	0.294	0.247	0.225	0.244	0.274	0.269	0.277	0.235	0.292	0.212	0.265	0.231	0.278	0.264	0.249	0.227	0.37	0.197	0.21	0.0

[*,*,9]:	1	2	3	4	5	6	7	8	9	10	11	12	13	14	15	16	17	18	19	20	21	22	23	24	25	26	27	28	29	30	31	32	33	34	35	36	37	38	39	40	41	42	43	44	45	60:=
1	0.0	0.308	0.311	0.267	0.254	0.238	0.286	0.282	0.262	0.196	0.308	0.239	0.255	0.261	0.241	0.229	0.28	0.232	0.233	0.145	0.214	0.213	0.279	0.206	0.268	0.197	0.306	0.258	0.264	0.232	0.333	0.283	0.283	0.257	0.355	0.189	0.315	0.263	0.339	0.235	0.291	0.246	0.381	0.203	0.251	0.047
2	0.286	0.0	0.384	0.388	0.519	0.11	0.493	0.428	0.531	0.128	0.456	0.391	0.542	0.08	0.375	0.382	0.531	0.104	0.409	0.385	0.475	0.13	0.425	0.362	0.539	0.155	0.406	0.38	0.547	0.093	0.444	0.444	0.61	0.073	0.506	0.446	0.565	0.141	0.497	0.363	0.56	0.104	0.487	0.384	0.525	0.301
3	0.314	0.357	0.0	0.581	0.419	0.302	0.145	0.521	0.347	0.311	0.147	0.49	0.414	0.332	0.098	0.489	0.441	0.283	0.144	0.443	0.329	0.288	0.061	0.445	0.373	0.334	0.096	0.502	0.393	0.317	0.107	0.539	0.387	0.341	0.167	0.486	0.366	0.248	0.153	0.548	0.409	0.35	0.189	0.449	0.346	0.257
4	0.294	0.393	0.542	0.0	0.296	0.373	0.568	0.063	0.396	0.373	0.597	0.068	0.34	0.444	0.464	0.089	0.424	0.363	0.462	0.157	0.394	0.356	0.563	0.101	0.377	0.319	0.601	0.054	0.369	0.417	0.546	0.058	0.468	0.394	0.569	0.141	0.496	0.423	0.566	0.065	0.367	0.346	0.676	0.103	0.39	0.324
5	0.26	0.57	0.425	0.323	0.0	0.435	0.383	0.311	0.139	0.436	0.395	0.265	0.063	0.512	0.391	0.278	0.12	0.49	0.309	0.236	0.127	0.409	0.424	0.279	0.11	0.399	0.439	0.342	0.094	0.48	0.458	0.273	0.18	0.508	0.379	0.205	0.189	0.449	0.379	0.311	0.105	0.441	0.479	0.26	0.135	0.265
6	0.227	0.113	0.284	0.377	0.473	0.0	0.373	0.414	0.475	0.039	0.406	0.368	0.419	0.07	0.316	0.305	0.486	0.035	0.296	0.294	0.422	0.049	0.318	0.337	0.485	0.084	0.36	0.366	0.421	0.045	0.397	0.363	0.475	0.087	0.454	0.351	0.517	0.099	0.378	0.346	0.511	0.068	0.448	0.354	0.4	0.238
7	0.297	0.471	0.148	0.535	0.388	0.406	0.0	0.553	0.287	0.354	0.044	0.526	0.319	0.391	0.108	0.528	0.325	0.385	0.113	0.405	0.287	0.385	0.1	0.478	0.319	0.362	0.082	0.545	0.342	0.37	0.077	0.571	0.266	0.442	0.069	0.43	0.299	0.361	0.036	0.507	0.358	0.451	0.118	0.477	0.289	0.281
8	0.272	0.444	0.581	0.055	0.293	0.419	0.514	0.0	0.405	0.418	0.541	0.083	0.34	0.426	0.496	0.109	0.366	0.408	0.49	0.144	0.344	0.399	0.601	0.097	0.382	0.361	0.548	0.086	0.372	0.399	0.582	0.041	0.409	0.384	0.602	0.134	0.433	0.47	0.598	0.079	0.37	0.393	0.612	0.106	0.398	0.298
9	0.234	0.512	0.359	0.441	0.143	0.448	0.29	0.376	0.0	0.45	0.252	0.365	0.113	0.447	0.268	0.374	0.096	0.43	0.234	0.318	0.065	0.422	0.348	0.328	0.058	0.424	0.302	0.392	0.077	0.489	0.313	0.387	0.078	0.461	0.287	0.31	0.089	0.446	0.286	0.359	0.098	0.468	0.383	0.315	0.038	0.228
10	0.224	0.115	0.3	0.386	0.415	0.04	0.39	0.362	0.419	0.0	0.423	0.321	0.43	0.091	0.281	0.31	0.5	0.045	0.307	0.296	0.369	0.032	0.334	0.342	0.427	0.075	0.377	0.319	0.433	0.063	0.356	0.372	0.49	0.084	0.407	0.357	0.533	0.099	0.395	0.352	0.45	0.071	0.472	0.307	0.412	0.202
11	0.327	0.444	0.154	0.577	0.409	0.387	0.045	0.595	0.255	0.395	0.0	0.485	0.337	0.435	0.115	0.49	0.338	0.428	0.114	0.439	0.302	0.367	0.125	0.516	0.284	0.402	0.104	0.503	0.308	0.413	0.094	0.526	0.274	0.488	0.049	0.464	0.307	0.346	0.033	0.548	0.32	0.428	0.121	0.514	0.259	0.31
12	0.236	0.414	0.478	0.072	0.299	0.327	0.501	0.084	0.343	0.325	0.529	0.0	0.292	0.396	0.473	0.045	0.373	0.373	0.401	0.105	0.338	0.309	0.497	0.049	0.382	0.274	0.533	0.061	0.319	0.368	0.567	0.064	0.412	0.351	0.504	0.1	0.44	0.436	0.5	0.043	0.377	0.305	0.605	0.07	0.336	0.264
13	0.235	0.536	0.375	0.332	0.066	0.471	0.331	0.324	0.116	0.404	0.342	0.317	0.0	0.476	0.34	0.281	0.093	0.455	0.308	0.235	0.082	0.443	0.373	0.284	0.087	0.372	0.386	0.348	0.056	0.445	0.402	0.332	0.141	0.478	0.385	0.215	0.153	0.484	0.327	0.317	0.082	0.413	0.423	0.267	0.11	0.235
14	0.261	0.086	0.329	0.404	0.5	0.073	0.377	0.442	0.499	0.08	0.41	0.4	0.517	0.0	0.325	0.39	0.507	0.063	0.36	0.326	0.447	0.093	0.316	0.369	0.51	0.141	0.358	0.395	0.519	0.048	0.395	0.455	0.492	0.095	0.456	0.38	0.536	0.083	0.445	0.375	0.535	0.106	0.442	0.386	0.493	0.271
15	0.223	0.375	0.105	0.458	0.356	0.309	0.114	0.478	0.278	0.312	0.118	0.446	0.343	0.301	0.0	0.445	0.315	0.292	0.069	0.392	0.264	0.289	0.097	0.403	0.306	0.324	0.098	0.463	0.322	0.282	0.118	0.492	0.317	0.347	0.149	0.43	0.306	0.27	0.126	0.43	0.344	0.351	0.177	0.403	0.276	0.208
16	0.231	0.355	0.489	0.095	0.275	0.325	0.516	0.098	0.361	0.322	0.466	0.046	0.31	0.395	0.414	0.0	0.395	0.317	0.411	0.098	0.302	0.307	0.509	0.041	0.346	0.267	0.546	0.062	0.337	0.366	0.499	0.091	0.434	0.298	0.522	0.112	0.396	0.375	0.516	0.056	0.343	0.301	0.625	0.065	0.353	0.224
17	0.308	0.538	0.411	0.424	0.11	0.48	0.345	0.417	0.086	0.483	0.35	0.355	0.095	0.558	0.319	0.369	0.0	0.46	0.289	0.321	0.112	0.454	0.402	0.376	0.057	0.453	0.409	0.382	0.069	0.525	0.36	0.369	0.096	0.567	0.335	0.299	0.095	0.482	0.338	0.41	0.043	0.496	0.432	0.307	0.093	0.305
18	0.238	0.115	0.287	0.396	0.49	0.032	0.38	0.433	0.419	0.047	0.413	0.331	0.434	0.065	0.32	0.321	0.502	0.0	0.302	0.309	0.436	0.048	0.322	0.354	0.428	0.094	0.364	0.383	0.436	0.037	0.402	0.381	0.489	0.094	0.396	0.367	0.532	0.079	0.385	0.364	0.527	0.077	0.455	0.371	0.413	0.248
19	0.222	0.419	0.135	0.468	0.336	0.296	0.104	0.485	0.248	0.299	0.12	0.452	0.273	0.343	0.071	0.386	0.293	0.329	0.0	0.336	0.237	0.323	0.124	0.408	0.279	0.302	0.132	0.472	0.253	0.32	0.146	0.425	0.247	0.385	0.156	0.366	0.282	0.314	0.113	0.438	0.32	0.331	0.2	0.405	0.21	0.204
20	0.151	0.368	0.454	0.148	0.239	0.319	0.405	0.156	0.315	0.269	0.429	0.11	0.226	0.338	0.374	0.1	0.302	0.313	0.365	0.0	0.256	0.297	0.404	0.082	0.303	0.223	0.434	0.137	0.291	0.31	0.465	0.149	0.332	0.307	0.483	0.082	0.36	0.365	0.405	0.117	0.306	0.304	0.504	0.074	0.305	0.175
21	0.206	0.493	0.367	0.346	0.12	0.427	0.266	0.344	0.07	0.427	0.274	0.33	0.086	0.431	0.273	0.337	0.098	0.411	0.24	0.238	0.0	0.4	0.36	0.294	0.071	0.398	0.318	0.358	0.067	0.401	0.332	0.352	0.109	0.44	0.314	0.271	0.13	0.431	0.308	0.327	0.104	0.444	0.354	0.28	0.058	0.2
22	0.191	0.125	0.299	0.396	0.42	0.046	0.39	0.371	0.422	0.035	0.363	0.329	0.433	0.083	0.279	0.318	0.505	0.049	0.305	0.301	0.372	0.0	0.334	0.299	0.431	0.079	0.323	0.328	0.437	0.068	0.357	0.381	0.493	0.094	0.409	0.363	0.461	0.099	0.396	0.309	0.455	0.081	0.473	0.313	0.415	0.201
23	0.318	0.382	0.058	0.583	0.403	0.326	0.11	0.52	0.324	0.334	0.134	0.491	0.396	0.361	0.087	0.492	0.416	0.306	0.127	0.445	0.312	0.311	0.0	0.522	0.352	0.354	0.059	0.505	0.373	0.343	0.075	0.539	0.36	0.363	0.132	0.483	0.399	0.275	0.118	0.551	0.388	0.373	0.155	0.449	0.325	0.259
24	0.218	0.353	0.468	0.097	0.289	0.321	0.49	0.107	0.332	0.319	0.516	0.045	0.281	0.391	0.393	0.043	0.363	0.367	0.388	0.084	0.323	0.303	0.487	0.0	0.317	0.267	0.521	0.072	0.308	0.363	0.555	0.083	0.401	0.349	0.495	0.088	0.429	0.368	0.489	0.065	0.313	0.301	0.595	0.052	0.324	0.246
25	0.265	0.571	0.364	0.396	0.124	0.43	0.304	0.391	0.054	0.433	0.31	0.382	0.08	0.504	0.324	0.338	0.06	0.484	0.247	0.289	0.072	0.405	0.356	0.345	0.0	0.405	0.364	0.413	0.045	0.472	0.376	0.344	0.087	0.514	0.299	0.274	0.099	0.505	0.299	0.379	0.071	0.446	0.392	0.329	0.057	0.26
26	0.181	0.153	0.303	0.311	0.418	0.094	0.376	0.345	0.434	0.071	0.407	0.298	0.372	0.13	0.32	0.242	0.442	0.099	0.34	0.231	0.38	0.08	0.333	0.27	0.441	0.0	0.373	0.296	0.379	0.106	0.408	0.351	0.44	0.102	0.457	0.288	0.479	0.159	0.38	0.279	0.463	0.068	0.459	0.286	0.426	0.197
27	0.306	0.437	0.095	0.546	0.429	0.377	0.079	0.569	0.338	0.33	0.098	0.539	0.419	0.358	0.106	0.54	0.372	0.356	0.138	0.418	0.33	0.36	0.052	0.491	0.368	0.404	0.0	0.555	0.391	0.341	0.048	0.587	0.316	0.415	0.11	0.449	0.351	0.324	0.098	0.518	0.407	0.426	0.113	0.493	0.339	0.292
28	0.239	0.38	0.539	0.053	0.311	0.357	0.57	0.083	0.407	0.355	0.516	0.057	0.352	0.367	0.463	0.067	0.377	0.349	0.461	0.143	0.345	0.34	0.562	0.074	0.39	0.299	0.515	0.0	0.381	0.343	0.55	0.081	0.482	0.322	0.575	0.144	0.44	0.411	0.57	0.037	0.384	0.329	0.584	0.097	0.399	0.267
29	0.267	0.509	0.393	0.396	0.092	0.448	0.335	0.334	0.074	0.449	0.293	0.327	0.061	0.524	0.3	0.337	0.074	0.43	0.269	0.285	0.06	0.422	0.386	0.293	0.046	0.418	0.396	0.354	0.0	0.491	0.352	0.343	0.116	0.455	0.332	0.268	0.11	0.453	0.33	0.378	0.062	0.462	0.431	0.278	0.072	0.226
30	0.256	0.094	0.295	0.417	0.44	0.044	0.393	0.455	0.44	0.061	0.427	0.351	0.456	0.053	0.285	0.341	0.525	0.034	0.316	0.329	0.458	0.061	0.332	0.376	0.45	0.109	0.375	0.347	0.458	0.0	0.354	0.402	0.511	0.099	0.409	0.389	0.555	0.075	0.399	0.385	0.473	0.085	0.468	0.336	0.434	0.266
31	0.341	0.488	0.108	0.595	0.458	0.365	0.076	0.618	0.305	0.374	0.091	0.502	0.383	0.404	0.13	0.505	0.393	0.402	0.134	0.459	0.352	0.348	0.078	0.536	0.333	0.389	0.049	0.604	0.356	0.386	0.0	0.546	0.331	0.465	0.082	0.49	0.367	0.316	0.076	0.565	0.43	0.409	0.097	0.537	0.308	0.326
32	0.27	0.454	0.507	0.059	0.297	0.363	0.525	0.041	0.41	0.363	0.553	0.072	0.295	0.435	0.504	0.085	0.374	0.414	0.425	0.137	0.348	0.404	0.525	0.087	0.388	0.312	0.56	0.083	0.323	0.407	0.595	0.0	0.418	0.391	0.614	0.108	0.443	0.478	0.523	0.073	0.376	0.341	0.629	0.095	0.345	0.297
33	0.293	0.583	0.396	0.441	0.182	0.516	0.266	0.44	0.078	0.445	0.267	0.432	0.136	0.511	0.303	0.443	0.091	0.495	0.268	0.332	0.117	0.488	0.327	0.392	0.091	0.423	0.328	0.46	0.118	0.481	0.335	0.454	0.0	0.53	0.299	0.322	0.05	0.508	0.259	0.424	0.117	0.539	0.341	0.379	0.093	0.286
34	0.247	0.076	0.38	0.345	0.478	0.088	0.41	0.384	0.496	0.097	0.444	0.343	0.5	0.091	0.36	0.332	0.497	0.089	0.389	0.285	0.44	0.101	0.419	0.317	0.502	0.106	0.4	0.334	0.507	0.086	0.438	0.396	0.492	0.0	0.495	0.396	0.534	0.147	0.484	0.319	0.523	0.054	0.484	0.337	0.489	0.264
35	0.318	0.488	0.173	0.633	0.389	0.429	0.07	0.559	0.287	0.437	0.048	0.536	0.376	0.409	0.144	0.541	0.373	0.406	0.147	0.489	0.292	0.409	0.142	0.488	0.318	0.447	0.099	0.555	0.344	0.455	0.084	0.579	0.303	0.46	0.0	0.514	0.288	0.383	0.053	0.516	0.354	0.473	0.102	0.487	0.292	0.304
36	0.216	0.401	0.469	0.146	0.195	0.359	0.474	0.116	0.289	0.357	0.498	0.099	0.228	0.434	0.386	0.108	0.31	0.349	0.375	0.09	0.235	0.338	0.483	0.094	0.271	0.306	0.513	0.129	0.258	0.403	0.466	0.11	0.355	0.342	0.479	0.0	0.378	0.399	0.473	0.128	0.264	0.346	0.583	0.06	0.281	0.205
37	0.334	0.551	0.385	0.479	0.196	0.493	0.306	0.476	0.09	0.498	0.307	0.404	0.151	0.569	0.298	0.417	0.092	0.551	0.268	0.369	0.143	0.467	0.372	0.429	0.091	0.474	0.373	0.429	0.116	0.537	0.38	0.422	0.051	0.587	0.292	0.353	0.0	0.485	0.298	0.463	0.103	0.514	0.383	0.415	0.104	0.327
38	0.26	0.15	0.242	0.444	0.507	0.088	0.345	0.481	0.419	0.101	0.377	0.436	0.445	0.082	0.287	0.366	0.506	0.089	0.279	0.348	0.442	0.093	0.279	0.4	0.505	0.146	0.32	0.436	0.442	0.079	0.356	0.424	0.485	0.151	0.36	0.404	0.529	0.0	0.35	0.413	0.535	0.133	0.409	0.415	0.414	0.265
39	0.313	0.491	0.139	0.552	0.397	0.426	0.037	0.571	0.292	0.372	0.033	0.543	0.327	0.41	0.125	0.467	0.33	0.404	0.127	0.421	0.295	0.405	0.111	0.495	0.325	0.38	0.09	0.563	0.299	0.389	0.08	0.588	0.269	0.462	0.055	0.445	0.301	0.38	0.0	0.525	0.365	0.404	0.11	0.493	0.296	0.297
40	0.235	0.39	0.542	0.059	0.304	0.363	0.489	0.082	0.401	0.309	0.517	0.044	0.344	0.375	0.463	0.055	0.372	0.355	0.459	0.113	0.339	0.345	0.482	0.062	0.384	0.303	0.518	0.04	0.374	0.349	0.552	0.076	0.409	0.331	0.576	0.112	0.436	0.417	0.57	0.0	0.378	0.336	0.587	0.085	0.393	0.263
41	0.27	0.56	0.44	0.363	0.095	0.499	0.375	0.356	0.102	0.501	0.328	0.355	0.083	0.497	0.344	0.369	0.042	0.48	0.312	0.32	0.1	0.472	0.432	0.321	0.067	0.468	0.378	0.384	0.067	0.467	0.391	0.368	0.122	0.504	0.367	0.294	0.106	0.505	0.369	0.351	0.0	0.513	0.402	0.306	0.105	0.269
42	0.249	0.096	0.35	0.372	0.436	0.072	0.441	0.353	0.452	0.073	0.407	0.312	0.455	0.108	0.327	0.301	0.532	0.076	0.353	0.298	0.398	0.078	0.386	0.286	0.458	0.075	0.431	0.306	0.462	0.092	0.404	0.363	0.527	0.048	0.456	0.358	0.489	0.137	0.446	0.339	0.477	0.0	0.526	0.304	0.445	0.228
43	0.419	0.493	0.176	0.676	0.44	0.443	0.125	0.698	0.345	0.455	0.125	0.576	0.434	0.486	0.179	0.582	0.432	0.417	0.198	0.535	0.404	0.426	0.15	0.616	0.373	0.471	0.124	0.591	0.401	0.468	0.089	0.621	0.362	0.551	0.091	0.563	0.396	0.389	0.113	0.647	0.407	0.49	0.0	0.528	0.35	0.404
44	0.208	0.421	0.455	0.112	0.26	0.325	0.471	0.112	0.308	0.322	0.496	0.062	0.254	0.396	0.443	0.066	0.335	0.371	0.372	0.073	0.297	0.306	0.472	0.05	0.292	0.272	0.505	0.107	0.282	0.367	0.537	0.088	0.375	0.358	0.475	0.063	0.401	0.368	0.47	0.087	0.336	0.308	0.576	0.0	0.3	0.234
45	0.24	0.537	0.325	0.394	0.147	0.4	0.266	0.393	0.04	0.402	0.272	0.379	0.097	0.47	0.282	0.332	0.094	0.45	0.21	0.28	0.057	0.439	0.317	0.341	0.064	0.378	0.324	0.408	0.067	0.439	0.335	0.345	0.085	0.483	0.309	0.274	0.109	0.467	0.262	0.375	0.108	0.418	0.355	0.326	0.0	0.232
60	0.045	0.312	0.286	0.284	0.249	0.241	0.261	0.298	0.245	0.233	0.282	0.258	0.246	0.261	0.216	0.249	0.267	0.234	0.206	0.162	0.2	0.216	0.299	0.224	0.254	0.207	0.282	0.277	0.252	0.233	0.307	0.301	0.265	0.264	0.327	0.237	0.298	0.259	0.311	0.253	0.279	0.254	0.354	0.22	0.235	0.0

[*,*,10]:	1	2	3	4	5	6	7	8	9	10	11	12	13	14	15	16	17	18	19	20	21	22	23	24	25	26	27	28	29	30	31	32	33	34	35	36	37	38	39	40	41	42	43	44	45	60:=
1	0.0	0.194	0.167	0.168	0.16	0.128	0.18	0.178	0.165	0.124	0.194	0.15	0.137	0.164	0.151	0.123	0.176	0.146	0.125	0.091	0.135	0.134	0.176	0.13	0.168	0.106	0.193	0.162	0.142	0.146	0.21	0.152	0.178	0.161	0.223	0.119	0.198	0.165	0.183	0.148	0.183	0.133	0.24	0.128	0.135	0.03
2	0.18	0.0	0.241	0.245	0.327	0.069	0.266	0.27	0.334	0.069	0.287	0.246	0.292	0.05	0.236	0.24	0.335	0.066	0.257	0.208	0.3	0.082	0.229	0.228	0.339	0.083	0.256	0.239	0.344	0.059	0.28	0.279	0.329	0.046	0.318	0.24	0.356	0.089	0.267	0.229	0.353	0.065	0.307	0.242	0.33	0.19
3	0.17	0.225	0.0	0.313	0.264	0.19	0.078	0.329	0.218	0.195	0.092	0.308	0.26	0.179	0.061	0.307	0.237	0.179	0.09	0.239	0.208	0.182	0.038	0.281	0.235	0.21	0.052	0.316	0.247	0.171	0.067	0.339	0.208	0.215	0.105	0.305	0.231	0.156	0.097	0.295	0.258	0.22	0.102	0.283	0.218	0.162
4	0.158	0.248	0.341	0.0	0.187	0.235	0.357	0.034	0.25	0.235	0.322	0.043	0.214	0.239	0.292	0.056	0.267	0.229	0.291	0.099	0.213	0.224	0.354	0.054	0.238	0.2	0.323	0.034	0.232	0.262	0.344	0.036	0.295	0.212	0.359	0.089	0.267	0.267	0.356	0.035	0.232	0.218	0.425	0.065	0.245	0.175
5	0.164	0.307	0.268	0.203	0.0	0.274	0.241	0.167	0.088	0.274	0.248	0.167	0.04	0.322	0.211	0.175	0.075	0.264	0.195	0.149	0.068	0.258	0.267	0.175	0.069	0.251	0.276	0.184	0.059	0.302	0.247	0.172	0.113	0.273	0.239	0.129	0.119	0.283	0.238	0.196	0.057	0.278	0.302	0.14	0.085	0.142
6	0.143	0.061	0.179	0.238	0.297	0.0	0.235	0.26	0.256	0.024	0.255	0.198	0.264	0.044	0.17	0.193	0.306	0.022	0.187	0.185	0.265	0.026	0.2	0.212	0.261	0.053	0.226	0.197	0.266	0.028	0.249	0.229	0.299	0.055	0.245	0.221	0.325	0.054	0.238	0.218	0.275	0.043	0.282	0.222	0.252	0.15
7	0.187	0.296	0.08	0.337	0.244	0.218	0.0	0.348	0.154	0.223	0.028	0.33	0.201	0.246	0.068	0.285	0.205	0.242	0.061	0.255	0.18	0.207	0.063	0.301	0.2	0.228	0.052	0.343	0.185	0.233	0.048	0.307	0.168	0.278	0.037	0.271	0.188	0.227	0.023	0.32	0.225	0.243	0.074	0.3	0.156	0.177
8	0.171	0.28	0.312	0.035	0.185	0.263	0.324	0.0	0.255	0.225	0.341	0.052	0.183	0.268	0.312	0.059	0.231	0.257	0.308	0.091	0.217	0.251	0.324	0.061	0.24	0.194	0.346	0.054	0.2	0.252	0.367	0.026	0.258	0.242	0.378	0.072	0.273	0.295	0.322	0.05	0.233	0.211	0.386	0.067	0.25	0.188
9	0.148	0.323	0.226	0.238	0.09	0.282	0.156	0.237	0.0	0.242	0.159	0.23	0.071	0.282	0.169	0.235	0.052	0.271	0.147	0.171	0.041	0.265	0.187	0.207	0.036	0.267	0.191	0.247	0.049	0.264	0.197	0.244	0.042	0.291	0.181	0.167	0.056	0.281	0.18	0.227	0.062	0.294	0.207	0.199	0.024	0.143
10	0.121	0.072	0.189	0.208	0.261	0.025	0.245	0.228	0.264	0.0	0.228	0.202	0.27	0.049	0.177	0.195	0.269	0.028	0.193	0.186	0.233	0.02	0.21	0.184	0.269	0.047	0.203	0.201	0.273	0.034	0.225	0.234	0.308	0.053	0.257	0.224	0.288	0.063	0.249	0.19	0.284	0.044	0.254	0.193	0.259	0.127
11	0.205	0.28	0.097	0.363	0.221	0.244	0.028	0.32	0.161	0.248	0.0	0.306	0.212	0.273	0.073	0.308	0.213	0.231	0.072	0.276	0.162	0.232	0.079	0.278	0.179	0.253	0.065	0.317	0.194	0.26	0.051	0.332	0.172	0.263	0.031	0.292	0.165	0.218	0.021	0.345	0.202	0.27	0.076	0.277	0.163	0.167
12	0.149	0.223	0.301	0.045	0.161	0.206	0.316	0.053	0.217	0.205	0.332	0.0	0.184	0.249	0.255	0.028	0.235	0.201	0.253	0.066	0.212	0.195	0.313	0.031	0.206	0.172	0.335	0.033	0.201	0.232	0.305	0.04	0.26	0.221	0.318	0.063	0.276	0.235	0.315	0.027	0.203	0.192	0.381	0.038	0.212	0.166
13	0.148	0.337	0.237	0.209	0.042	0.254	0.209	0.204	0.062	0.255	0.215	0.171	0.0	0.3	0.213	0.177	0.058	0.286	0.166	0.148	0.052	0.239	0.235	0.179	0.047	0.235	0.243	0.219	0.035	0.28	0.253	0.179	0.089	0.3	0.207	0.135	0.096	0.26	0.206	0.199	0.052	0.26	0.267	0.168	0.059	0.148
14	0.164	0.054	0.177	0.254	0.315	0.039	0.237	0.278	0.314	0.05	0.258	0.252	0.279	0.0	0.204	0.21	0.32	0.04	0.194	0.206	0.282	0.059	0.199	0.232	0.321	0.076	0.226	0.249	0.279	0.031	0.248	0.245	0.311	0.06	0.287	0.24	0.337	0.052	0.24	0.236	0.337	0.057	0.278	0.243	0.265	0.171
15	0.141	0.236	0.066	0.289	0.224	0.194	0.061	0.301	0.175	0.168	0.075	0.281	0.185	0.19	0.0	0.279	0.199	0.184	0.043	0.211	0.166	0.182	0.052	0.254	0.192	0.174	0.062	0.291	0.203	0.178	0.074	0.309	0.171	0.219	0.094	0.232	0.193	0.17	0.068	0.271	0.216	0.221	0.112	0.254	0.173	0.131
16	0.125	0.224	0.307	0.051	0.173	0.204	0.277	0.062	0.227	0.202	0.294	0.029	0.195	0.213	0.261	0.0	0.213	0.2	0.258	0.053	0.191	0.193	0.32	0.026	0.218	0.168	0.294	0.039	0.212	0.197	0.315	0.057	0.233	0.188	0.329	0.07	0.25	0.236	0.324	0.03	0.216	0.189	0.336	0.041	0.222	0.141
17	0.166	0.339	0.259	0.267	0.069	0.302	0.217	0.225	0.054	0.304	0.189	0.224	0.06	0.3	0.201	0.232	0.0	0.29	0.182	0.202	0.06	0.286	0.253	0.202	0.036	0.285	0.22	0.241	0.043	0.33	0.227	0.232	0.061	0.306	0.211	0.188	0.051	0.304	0.213	0.22	0.027	0.312	0.272	0.194	0.058	0.164
18	0.149	0.062	0.181	0.249	0.264	0.02	0.239	0.233	0.264	0.03	0.26	0.209	0.273	0.041	0.173	0.203	0.316	0.0	0.191	0.195	0.234	0.03	0.203	0.223	0.27	0.059	0.229	0.207	0.275	0.024	0.216	0.24	0.308	0.051	0.249	0.231	0.335	0.05	0.243	0.229	0.284	0.048	0.286	0.2	0.26	0.133
19	0.14	0.225	0.085	0.295	0.211	0.187	0.065	0.305	0.134	0.188	0.076	0.243	0.172	0.216	0.038	0.244	0.184	0.207	0.0	0.212	0.149	0.174	0.078	0.256	0.15	0.19	0.083	0.254	0.16	0.201	0.092	0.268	0.155	0.242	0.084	0.23	0.177	0.169	0.071	0.276	0.172	0.209	0.126	0.254	0.133	0.128
20	0.095	0.231	0.245	0.093	0.15	0.172	0.255	0.098	0.169	0.169	0.27	0.069	0.143	0.213	0.235	0.054	0.191	0.197	0.197	0.0	0.161	0.16	0.255	0.052	0.19	0.141	0.274	0.086	0.157	0.195	0.292	0.08	0.21	0.193	0.26	0.051	0.227	0.23	0.256	0.074	0.192	0.164	0.318	0.047	0.164	0.11
21	0.13	0.31	0.197	0.218	0.075	0.268	0.168	0.217	0.044	0.23	0.173	0.208	0.046	0.272	0.172	0.181	0.062	0.259	0.151	0.15	0.0	0.252	0.194	0.185	0.044	0.214	0.2	0.225	0.036	0.253	0.209	0.221	0.069	0.277	0.197	0.146	0.082	0.271	0.166	0.206	0.065	0.239	0.223	0.176	0.036	0.126
22	0.12	0.079	0.188	0.213	0.264	0.029	0.21	0.234	0.265	0.019	0.229	0.207	0.272	0.053	0.176	0.2	0.272	0.031	0.192	0.162	0.235	0.0	0.179	0.189	0.271	0.049	0.204	0.207	0.275	0.037	0.225	0.24	0.266	0.059	0.257	0.195	0.291	0.062	0.249	0.195	0.287	0.051	0.255	0.197	0.261	0.127
23	0.171	0.241	0.037	0.314	0.254	0.205	0.069	0.328	0.204	0.21	0.072	0.309	0.249	0.194	0.055	0.309	0.224	0.193	0.08	0.28	0.197	0.196	0.0	0.281	0.222	0.222	0.032	0.318	0.234	0.185	0.047	0.339	0.226	0.229	0.083	0.304	0.215	0.173	0.074	0.297	0.245	0.234	0.084	0.283	0.204	0.163
24	0.137	0.223	0.295	0.061	0.156	0.203	0.308	0.057	0.209	0.201	0.278	0.028	0.177	0.246	0.248	0.027	0.228	0.198	0.245	0.053	0.174	0.191	0.306	0.0	0.2	0.168	0.328	0.045	0.194	0.228	0.299	0.052	0.253	0.188	0.312	0.055	0.231	0.232	0.308	0.041	0.198	0.19	0.374	0.028	0.204	0.132
25	0.166	0.308	0.229	0.249	0.067	0.271	0.191	0.246	0.034	0.273	0.195	0.206	0.05	0.317	0.174	0.213	0.038	0.26	0.156	0.182	0.045	0.256	0.224	0.217	0.0	0.255	0.229	0.222	0.028	0.297	0.202	0.217	0.055	0.323	0.188	0.173	0.062	0.272	0.188	0.238	0.038	0.281	0.247	0.177	0.036	0.163
26	0.114	0.096	0.191	0.196	0.263	0.051	0.237	0.217	0.234	0.045	0.256	0.16	0.235	0.082	0.201	0.153	0.279	0.062	0.183	0.146	0.239	0.043	0.21	0.17	0.237	0.0	0.235	0.186	0.239	0.067	0.257	0.189	0.277	0.064	0.246	0.182	0.302	0.086	0.24	0.176	0.291	0.043	0.289	0.18	0.23	0.124
27	0.193	0.275	0.051	0.344	0.27	0.203	0.05	0.358	0.212	0.208	0.062	0.339	0.226	0.226	0.066	0.291	0.234	0.224	0.074	0.264	0.208	0.226	0.033	0.309	0.231	0.218	0.0	0.349	0.211	0.215	0.03	0.316	0.199	0.262	0.069	0.284	0.221	0.204	0.053	0.326	0.256	0.229	0.071	0.31	0.182	0.184
28	0.151	0.239	0.339	0.034	0.196	0.225	0.308	0.052	0.256	0.191	0.325	0.036	0.189	0.232	0.291	0.042	0.238	0.22	0.29	0.077	0.218	0.214	0.303	0.047	0.245	0.161	0.325	0.0	0.239	0.216	0.346	0.051	0.26	0.203	0.362	0.078	0.277	0.259	0.306	0.023	0.242	0.207	0.368	0.061	0.251	0.168
29	0.144	0.321	0.247	0.213	0.058	0.282	0.18	0.21	0.047	0.282	0.185	0.206	0.039	0.283	0.189	0.212	0.04	0.271	0.169	0.153	0.038	0.265	0.243	0.185	0.029	0.263	0.213	0.223	0.0	0.264	0.222	0.216	0.062	0.287	0.209	0.168	0.07	0.285	0.208	0.204	0.039	0.291	0.232	0.175	0.045	0.142
30	0.138	0.059	0.186	0.262	0.277	0.028	0.247	0.246	0.277	0.038	0.23	0.221	0.287	0.029	0.18	0.215	0.33	0.022	0.199	0.207	0.247	0.039	0.209	0.202	0.283	0.068	0.202	0.219	0.288	0.0	0.223	0.253	0.321	0.053	0.258	0.245	0.299	0.047	0.251	0.207	0.298	0.054	0.294	0.212	0.273	0.144
31	0.215	0.263	0.068	0.374	0.247	0.23	0.048	0.332	0.192	0.236	0.057	0.317	0.242	0.254	0.07	0.318	0.247	0.216	0.085	0.289	0.189	0.219	0.049	0.337	0.21	0.245	0.031	0.326	0.225	0.243	0.0	0.344	0.208	0.25	0.052	0.309	0.231	0.199	0.048	0.356	0.232	0.258	0.061	0.289	0.194	0.175
32	0.17	0.244	0.32	0.037	0.187	0.229	0.331	0.026	0.221	0.229	0.348	0.039	0.186	0.273	0.271	0.054	0.235	0.26	0.268	0.086	0.219	0.218	0.331	0.055	0.209	0.197	0.353	0.044	0.204	0.256	0.374	0.0	0.263	0.246	0.331	0.068	0.279	0.257	0.329	0.046	0.202	0.215	0.396	0.06	0.217	0.187
33	0.185	0.366	0.214	0.278	0.115	0.278	0.168	0.277	0.042	0.28	0.168	0.272	0.086	0.322	0.19	0.239	0.057	0.311	0.144	0.21	0.074	0.262	0.206	0.247	0.057	0.267	0.207	0.29	0.064	0.303	0.211	0.245	0.0	0.334	0.161	0.203	0.031	0.319	0.163	0.267	0.074	0.291	0.215	0.238	0.05	0.18
34	0.156	0.048	0.205	0.218	0.301	0.055	0.259	0.242	0.312	0.052	0.28	0.216	0.269	0.058	0.227	0.179	0.314	0.056	0.245	0.18	0.277	0.064	0.226	0.2	0.316	0.057	0.252	0.21	0.273	0.055	0.276	0.249	0.31	0.0	0.311	0.213	0.336	0.093	0.261	0.201	0.329	0.029	0.305	0.212	0.307	0.166
35	0.2	0.307	0.109	0.341	0.245	0.27	0.038	0.353	0.181	0.235	0.03	0.338	0.236	0.258	0.09	0.34	0.201	0.256	0.092	0.263	0.184	0.257	0.076	0.308	0.2	0.281	0.062	0.349	0.216	0.246	0.053	0.364	0.163	0.29	0.0	0.277	0.182	0.241	0.034	0.326	0.223	0.297	0.055	0.307	0.184	0.192
36	0.117	0.253	0.295	0.079	0.123	0.226	0.298	0.073	0.182	0.224	0.269	0.062	0.143	0.234	0.243	0.068	0.166	0.22	0.236	0.057	0.148	0.213	0.304	0.051	0.17	0.193	0.277	0.081	0.163	0.217	0.294	0.069	0.223	0.216	0.302	0.0	0.204	0.251	0.298	0.069	0.166	0.218	0.313	0.038	0.177	0.129
37	0.21	0.348	0.243	0.301	0.105	0.31	0.193	0.257	0.057	0.313	0.165	0.255	0.095	0.357	0.188	0.263	0.058	0.297	0.169	0.232	0.077	0.294	0.234	0.231	0.057	0.298	0.234	0.271	0.073	0.337	0.205	0.266	0.032	0.316	0.184	0.222	0.0	0.306	0.187	0.291	0.065	0.324	0.241	0.224	0.065	0.176
38	0.163	0.081	0.153	0.28	0.273	0.056	0.217	0.302	0.264	0.063	0.237	0.235	0.28	0.051	0.154	0.231	0.319	0.048	0.176	0.219	0.278	0.059	0.175	0.252	0.272	0.092	0.202	0.235	0.279	0.049	0.192	0.267	0.305	0.095	0.227	0.255	0.332	0.0	0.22	0.26	0.288	0.084	0.257	0.223	0.261	0.166
39	0.197	0.309	0.088	0.348	0.25	0.23	0.024	0.359	0.157	0.235	0.021	0.292	0.206	0.258	0.078	0.295	0.208	0.254	0.069	0.265	0.185	0.218	0.07	0.312	0.175	0.24	0.057	0.354	0.189	0.245	0.05	0.317	0.169	0.291	0.029	0.281	0.19	0.205	0.0	0.33	0.229	0.255	0.069	0.31	0.159	0.187
40	0.148	0.246	0.292	0.037	0.191	0.195	0.308	0.052	0.252	0.195	0.325	0.027	0.185	0.236	0.291	0.03	0.235	0.224	0.247	0.071	0.214	0.217	0.304	0.039	0.241	0.164	0.326	0.025	0.201	0.22	0.347	0.041	0.258	0.208	0.362	0.071	0.275	0.262	0.307	0.0	0.238	0.181	0.37	0.053	0.211	0.165
41	0.17	0.353	0.276	0.229	0.06	0.314	0.202	0.224	0.064	0.27	0.207	0.224	0.045	0.314	0.216	0.232	0.027	0.302	0.196	0.173	0.063	0.297	0.233	0.202	0.042	0.252	0.238	0.242	0.042	0.294	0.246	0.231	0.066	0.317	0.231	0.158	0.067	0.318	0.198	0.221	0.0	0.322	0.254	0.193	0.066	0.17
42	0.134	0.061	0.22	0.2	0.275	0.045	0.237	0.222	0.284	0.046	0.257	0.197	0.286	0.058	0.206	0.189	0.287	0.048	0.222	0.16	0.251	0.049	0.243	0.181	0.288	0.047	0.232	0.193	0.291	0.049	0.255	0.229	0.284	0.031	0.287	0.225	0.308	0.086	0.28	0.183	0.301	0.0	0.283	0.192	0.28	0.144
43	0.225	0.311	0.111	0.425	0.277	0.279	0.079	0.377	0.217	0.286	0.067	0.363	0.273	0.262	0.113	0.367	0.272	0.263	0.125	0.337	0.218	0.268	0.094	0.332	0.235	0.296	0.067	0.373	0.253	0.294	0.056	0.391	0.228	0.297	0.058	0.354	0.213	0.245	0.071	0.348	0.257	0.308	0.0	0.333	0.221	0.218
44	0.131	0.227	0.287	0.071	0.14	0.205	0.296	0.06	0.194	0.203	0.312	0.039	0.16	0.249	0.239	0.041	0.211	0.2	0.234	0.046	0.16	0.193	0.297	0.032	0.184	0.171	0.317	0.058	0.178	0.231	0.289	0.055	0.236	0.192	0.3	0.04	0.252	0.232	0.296	0.054	0.181	0.194	0.362	0.0	0.189	0.126
45	0.151	0.289	0.205	0.248	0.093	0.252	0.168	0.247	0.022	0.253	0.171	0.204	0.061	0.296	0.152	0.209	0.059	0.283	0.133	0.177	0.036	0.237	0.2	0.214	0.035	0.238	0.204	0.22	0.042	0.277	0.211	0.217	0.054	0.304	0.167	0.173	0.068	0.251	0.165	0.236	0.058	0.264	0.223	0.205	0.0	0.146
60	0.029	0.197	0.154	0.179	0.157	0.151	0.164	0.188	0.154	0.126	0.178	0.162	0.133	0.165	0.136	0.134	0.169	0.147	0.13	0.102	0.126	0.136	0.161	0.141	0.16	0.111	0.177	0.174	0.135	0.147	0.193	0.189	0.167	0.166	0.205	0.128	0.188	0.163	0.167	0.159	0.176	0.137	0.223	0.139	0.147	0.0
;

param ee :=
[*,1] :=
1	0.0
2	52.864
3	67.024
4	44.84
5	52.864
6	59.0
7	65.608
8	44.84
9	51.448
10	56.168
11	65.608
12	42.008
13	50.032
14	56.168
15	64.192
16	50.032
17	50.032
18	64.192
19	62.776
20	50.032
21	48.616
22	62.776
23	62.776
24	48.616
25	47.2
26	62.776
27	61.36
28	47.2
29	47.2
30	61.36
31	59.944
32	47.2
33	45.784
34	59.944
35	59.944
36	45.784
37	51.92
38	59.944
39	66.08
40	44.368
41	51.92
42	58.528
43	63.248
44	44.368
45	49.088
60	0.0

[*,2] :=
1	0.0
2	47.04
3	59.64
4	39.9
5	47.04
6	52.5
7	58.38
8	39.9
9	45.78
10	49.98
11	58.38
12	37.38
13	44.52
14	49.98
15	57.12
16	44.52
17	44.52
18	57.12
19	55.86
20	44.52
21	43.26
22	55.86
23	55.86
24	43.26
25	42.0
26	55.86
27	54.6
28	42.0
29	42.0
30	54.6
31	53.34
32	42.0
33	40.74
34	53.34
35	53.34
36	40.74
37	46.2
38	53.34
39	58.8
40	39.48
41	46.2
42	52.08
43	56.28
44	39.48
45	43.68
60	0.0

[*,3] :=
1	0.0
2	42.112
3	53.392
4	35.72
5	42.112
6	47.0
7	52.264
8	35.72
9	40.984
10	44.744
11	52.264
12	33.464
13	39.856
14	44.744
15	51.136
16	39.856
17	39.856
18	51.136
19	50.008
20	39.856
21	38.728
22	50.008
23	50.008
24	38.728
25	37.6
26	50.008
27	48.88
28	37.6
29	37.6
30	48.88
31	47.752
32	37.6
33	36.472
34	47.752
35	47.752
36	36.472
37	41.36
38	47.752
39	52.64
40	35.344
41	41.36
42	46.624
43	50.384
44	35.344
45	39.104
60	0.0

[*,4] :=
1	0.0
2	39.424
3	49.984
4	33.44
5	39.424
6	44.0
7	48.928
8	33.44
9	38.368
10	41.888
11	48.928
12	31.328
13	37.312
14	41.888
15	47.872
16	37.312
17	37.312
18	47.872
19	46.816
20	37.312
21	36.256
22	46.816
23	46.816
24	36.256
25	35.2
26	46.816
27	45.76
28	35.2
29	35.2
30	45.76
31	44.704
32	35.2
33	34.144
34	44.704
35	44.704
36	34.144
37	38.72
38	44.704
39	49.28
40	33.088
41	38.72
42	43.648
43	47.168
44	33.088
45	36.608
60	0.0

[*,5] :=
1	0.0
2	36.736
3	46.576
4	31.16
5	36.736
6	41.0
7	45.592
8	31.16
9	35.752
10	39.032
11	45.592
12	29.192
13	34.768
14	39.032
15	44.608
16	34.768
17	34.768
18	44.608
19	43.624
20	34.768
21	33.784
22	43.624
23	43.624
24	33.784
25	32.8
26	43.624
27	42.64
28	32.8
29	32.8
30	42.64
31	41.656
32	32.8
33	31.816
34	41.656
35	41.656
36	31.816
37	36.08
38	41.656
39	45.92
40	30.832
41	36.08
42	40.672
43	43.952
44	30.832
45	34.112
60	0.0

[*,6] :=
1	0.0
2	40.32
3	51.12
4	34.2
5	40.32
6	45.0
7	50.04
8	34.2
9	39.24
10	42.84
11	50.04
12	32.04
13	38.16
14	42.84
15	48.96
16	38.16
17	38.16
18	48.96
19	47.88
20	38.16
21	37.08
22	47.88
23	47.88
24	37.08
25	36.0
26	47.88
27	46.8
28	36.0
29	36.0
30	46.8
31	45.72
32	36.0
33	34.92
34	45.72
35	45.72
36	34.92
37	39.6
38	45.72
39	50.4
40	33.84
41	39.6
42	44.64
43	48.24
44	33.84
45	37.44
60	0.0

[*,7] :=
1	0.0
2	45.696
3	57.936
4	38.76
5	45.696
6	51.0
7	56.712
8	38.76
9	44.472
10	48.552
11	56.712
12	36.312
13	43.248
14	48.552
15	55.488
16	43.248
17	43.248
18	55.488
19	54.264
20	43.248
21	42.024
22	54.264
23	54.264
24	42.024
25	40.8
26	54.264
27	53.04
28	40.8
29	40.8
30	53.04
31	51.816
32	40.8
33	39.576
34	51.816
35	51.816
36	39.576
37	44.88
38	51.816
39	57.12
40	38.352
41	44.88
42	50.592
43	54.672
44	38.352
45	42.432
60	0.0

[*,8] :=
1	0.0
2	51.52
3	65.32
4	43.7
5	51.52
6	57.5
7	63.94
8	43.7
9	50.14
10	54.74
11	63.94
12	40.94
13	48.76
14	54.74
15	62.56
16	48.76
17	48.76
18	62.56
19	61.18
20	48.76
21	47.38
22	61.18
23	61.18
24	47.38
25	46.0
26	61.18
27	59.8
28	46.0
29	46.0
30	59.8
31	58.42
32	46.0
33	44.62
34	58.42
35	58.42
36	44.62
37	50.6
38	58.42
39	64.4
40	43.24
41	50.6
42	57.04
43	61.64
44	43.24
45	47.84
60	0.0

[*,9] :=
1	0.0
2	57.344
3	72.704
4	48.64
5	57.344
6	64.0
7	71.168
8	48.64
9	55.808
10	60.928
11	71.168
12	45.568
13	54.272
14	60.928
15	69.632
16	54.272
17	54.272
18	69.632
19	68.096
20	54.272
21	52.736
22	68.096
23	68.096
24	52.736
25	51.2
26	68.096
27	66.56
28	51.2
29	51.2
30	66.56
31	65.024
32	51.2
33	49.664
34	65.024
35	65.024
36	49.664
37	56.32
38	65.024
39	71.68
40	48.128
41	56.32
42	63.488
43	68.608
44	48.128
45	53.248
60	0.0

[*,10] :=
1	0.0
2	34.048
3	43.168
4	28.88
5	34.048
6	38.0
7	42.256
8	28.88
9	33.136
10	36.176
11	42.256
12	27.056
13	32.224
14	36.176
15	41.344
16	32.224
17	32.224
18	41.344
19	40.432
20	32.224
21	31.312
22	40.432
23	40.432
24	31.312
25	30.4
26	40.432
27	39.52
28	30.4
29	30.4
30	39.52
31	38.608
32	30.4
33	29.488
34	38.608
35	38.608
36	29.488
37	33.44
38	38.608
39	42.56
40	28.576
41	33.44
42	37.696
43	40.736
44	28.576
45	31.616
60	0.0
;

param gg :=
[*,1] :=
1	0.0
2	81.696
3	104.236
4	72.22
5	83.996
6	92.46
7	101.752
8	72.22
9	81.512
10	87.492
11	101.752
12	67.252
13	79.028
14	87.492
15	99.268
16	81.328
17	79.028
18	101.568
19	96.784
20	81.328
21	76.544
22	99.084
23	96.784
24	78.844
25	74.06
26	99.084
27	94.3
28	76.36
29	74.06
30	96.6
31	91.816
32	76.36
33	71.576
34	94.116
35	91.816
36	73.876
37	82.34
38	94.116
39	102.58
40	71.392
41	82.34
42	91.632
43	97.612
44	71.392
45	77.372
60	0.0

[*,2] :=
1	0.0
2	87.024
3	111.034
4	76.93
5	89.474
6	98.49
7	108.388
8	76.93
9	86.828
10	93.198
11	108.388
12	71.638
13	84.182
14	93.198
15	105.742
16	86.632
17	84.182
18	108.192
19	103.096
20	86.632
21	81.536
22	105.546
23	103.096
24	83.986
25	78.89
26	105.546
27	100.45
28	81.34
29	78.89
30	102.9
31	97.804
32	81.34
33	76.244
34	100.254
35	97.804
36	78.694
37	87.71
38	100.254
39	109.27
40	76.048
41	87.71
42	97.608
43	103.978
44	76.048
45	82.418
60	0.0

[*,3] :=
1	0.0
2	93.24
3	118.965
4	82.425
5	95.865
6	105.525
7	116.13
8	82.425
9	93.03
10	99.855
11	116.13
12	76.755
13	90.195
14	99.855
15	113.295
16	92.82
17	90.195
18	115.92
19	110.46
20	92.82
21	87.36
22	113.085
23	110.46
24	89.985
25	84.525
26	113.085
27	107.625
28	87.15
29	84.525
30	110.25
31	104.79
32	87.15
33	81.69
34	107.415
35	104.79
36	84.315
37	93.975
38	107.415
39	117.075
40	81.48
41	93.975
42	104.58
43	111.405
44	81.48
45	88.305
60	0.0

[*,4] :=
1	0.0
2	100.344
3	128.029
4	88.705
5	103.169
6	113.565
7	124.978
8	88.705
9	100.118
10	107.463
11	124.978
12	82.603
13	97.067
14	107.463
15	121.927
16	99.892
17	97.067
18	124.752
19	118.876
20	99.892
21	94.016
22	121.701
23	118.876
24	96.841
25	90.965
26	121.701
27	115.825
28	93.79
29	90.965
30	118.65
31	112.774
32	93.79
33	87.914
34	115.599
35	112.774
36	90.739
37	101.135
38	115.599
39	125.995
40	87.688
41	101.135
42	112.548
43	119.893
44	87.688
45	95.033
60	0.0

[*,5] :=
1	0.0
2	106.56
3	135.96
4	94.2
5	109.56
6	120.6
7	132.72
8	94.2
9	106.32
10	114.12
11	132.72
12	87.72
13	103.08
14	114.12
15	129.48
16	106.08
17	103.08
18	132.48
19	126.24
20	106.08
21	99.84
22	129.24
23	126.24
24	102.84
25	96.6
26	129.24
27	123.0
28	99.6
29	96.6
30	126.0
31	119.76
32	99.6
33	93.36
34	122.76
35	119.76
36	96.36
37	107.4
38	122.76
39	133.8
40	93.12
41	107.4
42	119.52
43	127.32
44	93.12
45	100.92
60	0.0

[*,6] :=
1	0.0
2	95.904
3	122.364
4	84.78
5	98.604
6	108.54
7	119.448
8	84.78
9	95.688
10	102.708
11	119.448
12	78.948
13	92.772
14	102.708
15	116.532
16	95.472
17	92.772
18	119.232
19	113.616
20	95.472
21	89.856
22	116.316
23	113.616
24	92.556
25	86.94
26	116.316
27	110.7
28	89.64
29	86.94
30	113.4
31	107.784
32	89.64
33	84.024
34	110.484
35	107.784
36	86.724
37	96.66
38	110.484
39	120.42
40	83.808
41	96.66
42	107.568
43	114.588
44	83.808
45	90.828
60	0.0

[*,7] :=
1	0.0
2	85.248
3	108.768
4	75.36
5	87.648
6	96.48
7	106.176
8	75.36
9	85.056
10	91.296
11	106.176
12	70.176
13	82.464
14	91.296
15	103.584
16	84.864
17	82.464
18	105.984
19	100.992
20	84.864
21	79.872
22	103.392
23	100.992
24	82.272
25	77.28
26	103.392
27	98.4
28	79.68
29	77.28
30	100.8
31	95.808
32	79.68
33	74.688
34	98.208
35	95.808
36	77.088
37	85.92
38	98.208
39	107.04
40	74.496
41	85.92
42	95.616
43	101.856
44	74.496
45	80.736
60	0.0

[*,8] :=
1	0.0
2	79.92
3	101.97
4	70.65
5	82.17
6	90.45
7	99.54
8	70.65
9	79.74
10	85.59
11	99.54
12	65.79
13	77.31
14	85.59
15	97.11
16	79.56
17	77.31
18	99.36
19	94.68
20	79.56
21	74.88
22	96.93
23	94.68
24	77.13
25	72.45
26	96.93
27	92.25
28	74.7
29	72.45
30	94.5
31	89.82
32	74.7
33	70.02
34	92.07
35	89.82
36	72.27
37	80.55
38	92.07
39	100.35
40	69.84
41	80.55
42	89.64
43	95.49
44	69.84
45	75.69
60	0.0

[*,9] :=
1	0.0
2	76.368
3	97.438
4	67.51
5	78.518
6	86.43
7	95.116
8	67.51
9	76.196
10	81.786
11	95.116
12	62.866
13	73.874
14	81.786
15	92.794
16	76.024
17	73.874
18	94.944
19	90.472
20	76.024
21	71.552
22	92.622
23	90.472
24	73.702
25	69.23
26	92.622
27	88.15
28	71.38
29	69.23
30	90.3
31	85.828
32	71.38
33	66.908
34	87.978
35	85.828
36	69.058
37	76.97
38	87.978
39	95.89
40	66.736
41	76.97
42	85.656
43	91.246
44	66.736
45	72.326
60	0.0

[*,10] :=
1	0.0
2	108.336
3	138.226
4	95.77
5	111.386
6	122.61
7	134.932
8	95.77
9	108.092
10	116.022
11	134.932
12	89.182
13	104.798
14	116.022
15	131.638
16	107.848
17	104.798
18	134.688
19	128.344
20	107.848
21	101.504
22	131.394
23	128.344
24	104.554
25	98.21
26	131.394
27	125.05
28	101.26
29	98.21
30	128.1
31	121.756
32	101.26
33	94.916
34	124.806
35	121.756
36	97.966
37	109.19
38	124.806
39	136.03
40	94.672
41	109.19
42	121.512
43	129.442
44	94.672
45	102.602
60	0.0
;

param tt :=
[*,1] :=
1	0.0
2	0.02
3	0.017
4	0.013
5	0.026
6	0.022
7	0.019
8	0.015
9	0.011
10	0.024
11	0.02
12	0.017
13	0.013
14	0.026
15	0.022
16	0.019
17	0.015
18	0.011
19	0.024
20	0.02
21	0.017
22	0.013
23	0.026
24	0.022
25	0.019
26	0.015
27	0.011
28	0.024
29	0.02
30	0.017
31	0.013
32	0.026
33	0.022
34	0.019
35	0.015
36	0.011
37	0.024
38	0.02
39	0.017
40	0.013
41	0.026
42	0.022
43	0.019
44	0.015
45	0.011
60	0.0

[*,2] :=
1	0.0
2	0.021
3	0.017
4	0.013
5	0.027
6	0.023
7	0.019
8	0.015
9	0.011
10	0.025
11	0.021
12	0.017
13	0.013
14	0.027
15	0.023
16	0.019
17	0.015
18	0.011
19	0.025
20	0.021
21	0.017
22	0.013
23	0.027
24	0.023
25	0.019
26	0.015
27	0.011
28	0.025
29	0.021
30	0.017
31	0.013
32	0.027
33	0.023
34	0.019
35	0.015
36	0.011
37	0.025
38	0.021
39	0.017
40	0.013
41	0.027
42	0.023
43	0.019
44	0.015
45	0.011
60	0.0

[*,3] :=
1	0.0
2	0.021
3	0.018
4	0.014
5	0.027
6	0.023
7	0.02
8	0.016
9	0.012
10	0.025
11	0.021
12	0.018
13	0.014
14	0.027
15	0.023
16	0.02
17	0.016
18	0.012
19	0.025
20	0.021
21	0.018
22	0.014
23	0.027
24	0.023
25	0.02
26	0.016
27	0.012
28	0.025
29	0.021
30	0.018
31	0.014
32	0.027
33	0.023
34	0.02
35	0.016
36	0.012
37	0.025
38	0.021
39	0.018
40	0.014
41	0.027
42	0.023
43	0.02
44	0.016
45	0.012
60	0.0

[*,4] :=
1	0.0
2	0.022
3	0.018
4	0.014
5	0.028
6	0.024
7	0.02
8	0.016
9	0.012
10	0.026
11	0.022
12	0.018
13	0.014
14	0.028
15	0.024
16	0.02
17	0.016
18	0.012
19	0.026
20	0.022
21	0.018
22	0.014
23	0.028
24	0.024
25	0.02
26	0.016
27	0.012
28	0.026
29	0.022
30	0.018
31	0.014
32	0.028
33	0.024
34	0.02
35	0.016
36	0.012
37	0.026
38	0.022
39	0.018
40	0.014
41	0.028
42	0.024
43	0.02
44	0.016
45	0.012
60	0.0

[*,5] :=
1	0.0
2	0.023
3	0.018
4	0.014
5	0.029
6	0.025
7	0.02
8	0.016
9	0.012
10	0.027
11	0.023
12	0.018
13	0.014
14	0.029
15	0.025
16	0.02
17	0.016
18	0.012
19	0.027
20	0.023
21	0.018
22	0.014
23	0.029
24	0.025
25	0.02
26	0.016
27	0.012
28	0.027
29	0.023
30	0.018
31	0.014
32	0.029
33	0.025
34	0.02
35	0.016
36	0.012
37	0.027
38	0.023
39	0.018
40	0.014
41	0.029
42	0.025
43	0.02
44	0.016
45	0.012
60	0.0

[*,6] :=
1	0.0
2	0.023
3	0.019
4	0.015
5	0.029
6	0.025
7	0.021
8	0.017
9	0.013
10	0.027
11	0.023
12	0.019
13	0.015
14	0.029
15	0.025
16	0.021
17	0.017
18	0.013
19	0.027
20	0.023
21	0.019
22	0.015
23	0.029
24	0.025
25	0.021
26	0.017
27	0.013
28	0.027
29	0.023
30	0.019
31	0.015
32	0.029
33	0.025
34	0.021
35	0.017
36	0.013
37	0.027
38	0.023
39	0.019
40	0.015
41	0.029
42	0.025
43	0.021
44	0.017
45	0.013
60	0.0

[*,7] :=
1	0.0
2	0.024
3	0.019
4	0.015
5	0.03
6	0.026
7	0.021
8	0.017
9	0.013
10	0.028
11	0.024
12	0.019
13	0.015
14	0.03
15	0.026
16	0.021
17	0.017
18	0.013
19	0.028
20	0.024
21	0.019
22	0.015
23	0.03
24	0.026
25	0.021
26	0.017
27	0.013
28	0.028
29	0.024
30	0.019
31	0.015
32	0.03
33	0.026
34	0.021
35	0.017
36	0.013
37	0.028
38	0.024
39	0.019
40	0.015
41	0.03
42	0.026
43	0.021
44	0.017
45	0.013
60	0.0

[*,8] :=
1	0.0
2	0.024
3	0.02
4	0.015
5	0.031
6	0.026
7	0.022
8	0.018
9	0.013
10	0.029
11	0.024
12	0.02
13	0.015
14	0.031
15	0.026
16	0.022
17	0.018
18	0.013
19	0.029
20	0.024
21	0.02
22	0.015
23	0.031
24	0.026
25	0.022
26	0.018
27	0.013
28	0.029
29	0.024
30	0.02
31	0.015
32	0.031
33	0.026
34	0.022
35	0.018
36	0.013
37	0.029
38	0.024
39	0.02
40	0.015
41	0.031
42	0.026
43	0.022
44	0.018
45	0.013
60	0.0

[*,9] :=
1	0.0
2	0.025
3	0.02
4	0.016
5	0.032
6	0.027
7	0.022
8	0.018
9	0.013
10	0.029
11	0.025
12	0.02
13	0.016
14	0.032
15	0.027
16	0.022
17	0.018
18	0.013
19	0.029
20	0.025
21	0.02
22	0.016
23	0.032
24	0.027
25	0.022
26	0.018
27	0.013
28	0.029
29	0.025
30	0.02
31	0.016
32	0.032
33	0.027
34	0.022
35	0.018
36	0.013
37	0.029
38	0.025
39	0.02
40	0.016
41	0.032
42	0.027
43	0.022
44	0.018
45	0.013
60	0.0

[*,10] :=
1	0.0
2	0.025
3	0.021
4	0.016
5	0.032
6	0.028
7	0.023
8	0.018
9	0.014
10	0.03
11	0.025
12	0.021
13	0.016
14	0.032
15	0.028
16	0.023
17	0.018
18	0.014
19	0.03
20	0.025
21	0.021
22	0.016
23	0.032
24	0.028
25	0.023
26	0.018
27	0.014
28	0.03
29	0.025
30	0.021
31	0.016
32	0.032
33	0.028
34	0.023
35	0.018
36	0.014
37	0.03
38	0.025
39	0.021
40	0.016
41	0.032
42	0.028
43	0.023
44	0.018
45	0.014
60	0.0
;
