set N := 1 2 3 4 5 6 7 8 9 10 11 12 13 14 15 16 17 18 19 20 21 22 23 24 25 26 27 28 29 30 31 40;

set P := 1 2 3 4 5 6 7 8 9 10;

set K := 1;

set V := 1 2 3 4 5 6 7 8 9 10 11 12;



param sigma
:	1	2 :=
1	0.1	0.9
2	0.2	0.8
3	0.3	0.7
4	0.4	0.6
5	0.5	0.5
6	0.6	0.4
7	0.7	0.3
8	0.8	0.2
9	0.9	0.1
;



param O := 1;



param d :=

1	0

2	1000

3	1000

4	1000

5	1000

6	1000

7	1000

8	1000

9	1000

10	1000

11	1000

12	1000

13	1000

14	1000

15	1000

16	1000

17	1000

18	1000

19	1000

20	1000

21	1000

22	1000

23	1000

24	1000

25	1000

26	1000

27	1000

28	1000

29	1000

30	1000

31	1000

40	0

;



param q := 3000;



param LI :=	# mover a horas		
												
1	0
2	0.5
3	1
4	1.5
5	2
6	2.5
7	3
8	3.5
9	4
10	4.5												
;



param LS :=	# mover a horas		
												
1	0.4999
2	0.9999
3	1.4999
4	1.9999
5	2.4999
6	2.9999
7	3.4999
8	3.9999
9	4.4999
10	16.7
;



param e :=
[*,*,1]:	1	2	3	4	5	6	7	8	9	10	11	12	13	14	15	16	17	18	19	20	21	22	23	24	25	26	27	28	29	30	31	40:=
1	0	214	256	121	304	206	197	272	161	286	242	180	285	221	200	283	141	236	219	174	296	172	231	256	144	296	235	216	287	162	282	0
2	211	0	253	218	199	222	156	235	259	170	237	200	221	244	125	248	183	145	258	172	229	217	129	259	222	215	292	162	244	267	132	218
3	264	248	0	267	253	190	271	172	259	278	185	278	172	193	258	132	222	216	165	276	177	220	254	141	283	241	236	275	175	228	226	198
4	121	212	280	0	301	216	195	293	183	282	251	130	236	195	207	288	149	236	244	177	298	184	229	263	143	314	249	214	240	133	244	291
5	302	200	245	296	0	272	251	217	322	194	220	239	148	287	207	224	262	162	280	260	190	285	206	262	303	150	327	203	190	283	146	186
6	202	221	191	220	267	0	228	209	210	230	118	173	188	156	239	205	164	211	157	241	230	159	230	183	236	273	152	184	168	169	232	233
7	200	159	270	196	244	236	0	263	192	168	196	136	207	235	146	270	179	194	261	152	261	210	178	273	199	208	235	111	231	197	182	267
8	273	228	170	291	219	213	259	0	244	212	155	225	143	227	254	163	230	189	209	283	159	237	232	186	236	168	227	210	113	244	210	169
9	164	261	265	181	320	204	197	240	0	264	191	177	262	161	253	275	164	272	218	232	299	175	275	212	153	279	165	201	252	122	273	315
10	279	170	279	288	198	228	169	206	259	0	237	215	187	289	174	284	248	171	296	226	253	280	130	239	226	169	303	176	228	268	131	189
11	234	243	184	252	212	117	207	156	195	233	0	198	192	190	252	196	194	222	178	262	220	143	188	131	215	216	181	200	165	212	234	184
12	180	202	271	130	240	177	135	224	171	220	206	0	229	218	192	293	161	226	250	177	242	152	167	221	135	238	232	151	241	176	220	236
13	281	221	175	245	147	189	200	145	261	188	187	226	0	270	235	212	240	170	258	223	134	205	165	188	254	150	260	202	163	274	185	128
14	225	239	193	187	298	155	237	232	159	287	191	222	265	0	288	269	208	287	138	227	240	148	250	192	209	285	136	247	241	182	293	259
15	202	123	271	207	210	233	146	255	258	172	251	194	229	302	0	318	235	161	272	148	247	222	145	260	209	229	300	161	261	263	193	235
16	281	251	130	283	224	208	280	162	277	273	201	291	214	262	312	0	238	212	182	286	155	238	256	158	298	226	241	283	168	296	272	179
17	139	183	225	152	258	164	174	225	168	250	197	160	239	209	240	234	0	194	184	175	245	136	195	212	165	268	213	186	239	171	257	242
18	241	148	215	238	159	218	194	191	265	170	213	229	173	286	162	206	201	0	235	206	181	214	151	225	245	171	279	195	213	276	168	179
19	220	248	163	243	283	159	256	209	220	306	177	251	250	136	270	184	189	231	0	271	229	179	256	163	248	287	173	263	215	232	257	237
20	180	172	283	175	258	230	154	279	232	229	256	180	224	233	146	284	169	211	266	0	277	209	194	285	176	275	284	175	298	184	195	285
21	287	226	178	305	195	229	264	157	294	253	222	235	133	242	253	159	244	183	222	272	0	253	230	198	297	194	294	266	125	259	188	139
22	167	223	218	185	274	158	219	239	177	276	143	148	212	147	223	229	135	225	181	214	249	0	223	216	202	283	201	168	200	140	231	263
23	231	129	247	227	207	234	176	231	263	132	195	167	167	243	145	257	199	149	255	188	235	231	0	254	232	214	256	128	201	221	137	225
24	252	259	141	272	259	183	264	189	211	242	129	218	188	195	269	157	213	218	166	284	199	211	251	0	288	210	178	217	138	230	241	210
25	145	219	283	142	314	235	200	242	151	225	218	136	250	209	202	309	164	246	253	174	296	203	237	284	0	258	224	169	258	153	238	307
26	300	210	250	314	151	267	206	169	286	167	215	241	147	299	229	229	261	170	288	281	192	281	215	203	271	0	288	209	184	299	166	181
27	234	295	230	246	327	154	244	224	166	290	186	230	262	135	294	241	216	288	173	286	283	205	255	180	217	282	0	254	232	190	295	254
28	212	161	277	218	200	184	110	205	210	176	204	149	201	250	163	278	186	190	257	179	267	172	127	216	171	214	250	0	223	205	188	208
29	293	252	175	243	184	174	231	113	245	226	160	245	166	239	264	166	248	213	218	290	124	190	205	141	256	185	225	233	0	262	224	141
30	163	258	222	133	287	172	194	244	122	278	210	177	264	180	262	300	173	272	232	187	269	140	222	222	151	297	191	210	257	0	287	266
31	295	133	232	238	145	221	185	207	273	132	228	229	186	299	191	271	247	169	252	195	191	224	140	243	244	164	293	182	230	282	0	189
40	297	226	197	295	182	242	267	170	306	187	175	241	130	258	238	175	252	179	240	277	139	250	229	216	305	182	244	217	141	271	185	0

[*,*,2]:	1	2	3	4	5	6	7	8	9	10	11	12	13	14	15	16	17	18	19	20	21	22	23	24	25	26	27	28	29	30	31	40:=
1	0	226	270	125	300	215	206	286	167	284	254	187	300	179	211	279	147	249	231	182	292	179	243	269	149	312	234	225	301	167	245	0
2	222	0	266	229	208	233	162	234	272	176	248	208	170	258	130	262	193	152	255	179	240	227	133	257	232	225	307	167	255	214	138	229
3	279	262	0	282	251	198	285	178	272	292	186	240	181	203	273	134	234	227	172	291	185	219	267	145	298	253	235	288	130	241	239	207
4	125	223	277	0	317	226	203	290	190	296	211	136	249	194	218	305	156	248	242	184	314	192	240	277	146	331	261	172	254	135	258	307
5	319	210	258	312	0	269	263	227	339	151	219	253	155	304	218	236	260	169	295	274	198	282	215	274	319	154	293	202	200	300	152	193
6	212	232	192	231	281	0	239	218	160	243	123	182	198	158	252	215	171	221	163	239	241	164	240	189	236	235	160	193	176	177	230	244
7	200	165	284	204	256	235	0	224	202	176	207	138	218	248	152	285	180	203	274	157	275	219	179	286	155	220	249	114	244	207	190	280
8	288	239	176	288	229	222	220	0	242	224	162	238	149	239	252	170	242	198	218	281	164	248	242	142	250	169	239	222	117	258	209	175
9	166	274	278	188	337	161	196	254	0	280	200	178	277	168	266	290	170	270	227	242	314	181	222	224	161	296	173	211	249	125	288	260
10	293	176	293	286	155	241	178	217	274	0	250	226	195	305	175	299	261	177	311	236	251	242	136	253	239	170	321	184	240	283	136	199
11	245	242	191	212	224	122	206	163	205	246	0	208	192	198	265	205	202	222	185	275	178	150	198	133	227	227	189	210	166	223	246	183
12	187	210	233	136	238	185	140	236	179	219	215	0	241	228	201	290	167	235	262	132	240	159	175	234	140	251	230	157	253	183	231	249
13	295	170	184	259	154	199	210	147	275	197	196	237	0	283	246	222	251	176	206	236	140	216	173	188	268	155	274	211	169	272	193	133
14	183	253	203	197	294	162	249	244	166	303	192	233	279	0	303	268	216	250	145	240	254	149	264	202	219	301	138	260	252	190	308	274
15	213	128	268	218	221	246	151	253	272	179	264	202	239	298	0	334	194	169	268	155	261	234	151	274	209	241	316	167	274	262	201	248
16	298	266	135	299	236	207	296	169	292	287	202	307	223	274	329	0	236	224	191	303	162	236	270	164	315	237	253	280	174	312	286	187
17	145	192	223	158	272	171	182	236	169	262	205	165	250	210	199	248	0	204	194	175	258	141	205	222	166	282	223	193	250	177	256	254
18	239	155	226	251	166	218	203	200	279	176	223	229	178	249	171	217	201	0	248	217	190	225	153	236	257	177	293	196	222	289	122	187
19	232	261	170	241	299	165	270	218	220	322	184	263	211	143	266	193	198	244	0	268	241	187	269	169	260	284	180	276	224	191	254	249
20	180	180	298	182	272	242	156	293	242	239	268	131	237	246	153	301	177	210	281	0	293	219	194	300	182	289	299	181	244	194	205	282
21	303	238	185	301	203	240	277	162	309	251	180	249	139	256	250	166	257	191	234	287	0	266	241	206	313	195	309	227	130	274	198	144
22	175	222	228	193	289	163	219	250	183	238	150	155	210	153	235	241	140	224	188	224	262	0	233	215	210	296	158	177	199	147	243	261
23	243	133	260	238	207	245	182	241	225	134	206	175	175	257	151	255	208	155	268	196	234	242	0	266	243	171	253	133	211	233	142	235
24	265	257	145	286	272	190	277	140	223	256	135	230	188	204	284	164	223	228	168	298	208	220	263	0	251	222	187	229	144	229	254	219
25	150	230	298	146	310	245	156	256	158	238	216	142	263	219	212	305	170	259	265	180	311	203	248	246	0	273	222	177	272	159	251	323
26	316	219	249	331	155	228	218	169	304	175	226	254	153	295	241	240	274	176	286	295	199	295	173	215	268	0	305	220	192	295	173	136
27	244	311	240	257	293	155	258	237	174	307	186	242	277	139	311	253	215	303	179	300	298	155	270	189	229	299	0	251	244	199	311	269
28	221	167	275	176	211	193	114	216	209	185	214	155	210	248	169	293	193	198	269	180	229	181	132	228	171	226	263	0	235	215	188	219
29	290	263	130	257	194	174	244	117	258	238	167	244	172	251	277	171	246	222	227	254	129	200	204	147	271	194	236	231	0	275	235	147
30	168	219	235	135	304	181	204	258	124	293	221	184	278	187	260	315	179	285	191	186	285	146	234	234	157	293	200	220	271	0	284	281
31	241	139	245	252	152	233	186	217	288	136	240	228	193	315	198	284	258	120	267	205	201	236	141	256	257	171	309	190	229	297	0	189
40	293	237	206	311	189	241	280	176	271	197	184	239	135	272	250	183	250	187	253	291	143	263	228	225	321	137	259	216	147	286	194	0

[*,*,3]:	1	2	3	4	5	6	7	8	9	10	11	12	13	14	15	16	17	18	19	20	21	22	23	24	25	26	27	28	29	30	31	40:=
1	0	235	282	128	312	213	213	298	172	295	250	192	260	187	220	292	147	260	240	189	305	179	252	280	153	325	242	223	312	121	256	0
2	231	0	260	238	215	242	167	243	267	182	256	164	177	252	134	274	200	157	266	179	250	236	136	267	229	233	319	171	213	223	139	237
3	272	273	0	293	261	197	296	184	282	303	141	235	189	212	285	138	230	236	178	303	191	227	261	149	309	262	243	232	135	251	250	214
4	128	231	288	0	330	234	210	301	190	256	220	141	260	202	215	318	161	258	252	184	327	198	249	287	149	322	219	179	265	140	252	319
5	310	217	268	324	0	280	259	234	301	157	228	247	161	317	226	246	270	169	307	284	205	293	213	284	331	107	307	211	197	313	158	192
6	219	241	198	228	292	0	247	174	166	237	127	189	205	163	247	223	177	229	168	248	237	169	249	195	193	230	166	201	183	184	240	253
7	207	165	295	211	265	244	0	234	211	183	215	143	214	258	157	297	186	201	285	162	285	227	185	230	162	230	259	118	239	215	197	274
8	299	247	182	299	226	178	230	0	252	220	168	247	154	248	262	170	251	204	226	292	165	257	199	147	261	175	234	231	120	269	217	129
9	171	269	288	194	299	168	204	247	0	292	208	184	270	174	276	302	176	280	225	251	326	135	232	220	167	309	180	219	260	128	300	272
10	305	181	304	245	154	252	185	226	286	0	245	235	202	318	181	292	270	182	324	244	209	237	141	264	249	176	312	191	250	295	139	207
11	253	251	140	221	234	126	214	163	213	256	0	216	199	197	275	212	209	229	185	234	185	156	206	138	223	237	196	218	172	220	255	191
12	192	166	244	141	248	184	145	246	186	228	213	0	250	236	207	301	168	244	220	137	251	159	182	243	145	261	239	157	263	189	239	260
13	255	177	182	270	160	206	219	152	269	204	203	246	0	278	255	229	260	130	215	231	145	225	179	195	262	161	285	219	174	282	192	137
14	181	264	212	205	307	162	259	253	171	316	198	230	290	0	315	277	164	261	150	251	265	154	258	209	228	314	142	255	262	196	320	286
15	222	133	280	215	230	256	156	263	266	185	274	209	248	310	0	296	202	176	280	155	272	243	157	285	217	237	329	172	285	271	200	258
16	290	277	140	312	246	215	288	174	304	299	208	299	231	284	290	0	246	220	199	316	168	246	264	170	328	246	263	291	174	324	296	185
17	150	199	232	158	283	177	188	245	175	257	212	170	259	165	196	259	0	212	201	182	253	145	212	231	171	276	230	200	259	182	214	265
18	249	155	235	261	171	226	201	206	290	181	230	237	128	260	178	226	209	0	258	225	197	234	157	232	267	183	305	202	220	249	126	186
19	242	272	176	250	291	170	280	226	228	314	189	221	220	148	278	191	206	254	0	279	237	194	280	175	270	295	180	286	181	199	265	258
20	187	179	311	188	283	251	160	287	251	247	227	136	232	257	158	314	183	218	274	0	304	227	201	293	188	300	310	135	255	191	214	293
21	316	247	192	314	202	248	288	167	321	209	178	260	144	267	261	166	267	198	243	299	0	261	250	213	325	201	251	237	135	286	206	147
22	181	230	225	199	300	168	226	247	137	249	156	161	219	153	245	251	144	233	187	232	272	0	242	223	209	257	164	184	208	147	253	271
23	252	137	270	247	214	241	188	198	235	139	203	182	182	268	156	265	206	160	278	202	243	238	0	276	200	178	265	134	220	242	147	243
24	275	267	147	297	282	195	236	145	219	267	139	239	195	202	296	169	232	237	173	291	215	227	272	0	245	231	195	239	149	238	249	226
25	151	238	309	150	322	191	162	267	164	248	225	143	274	228	220	318	170	269	275	186	323	210	194	257	0	285	232	176	284	165	261	284
26	329	227	258	322	108	238	227	176	295	181	235	264	158	308	237	249	285	182	297	289	205	255	180	224	280	0	318	229	200	308	173	141
27	241	323	249	215	307	161	252	246	180	320	193	238	288	144	324	263	223	296	184	312	258	161	263	197	238	312	0	262	239	206	324	262
28	229	171	234	174	220	201	118	225	217	183	222	160	218	258	169	304	200	204	279	134	224	188	137	238	178	222	274	0	244	223	195	229
29	301	208	135	269	202	181	239	121	269	247	172	253	172	261	288	177	255	220	183	265	134	209	212	147	282	201	246	240	0	286	244	147
30	121	229	246	140	295	188	212	269	128	286	229	190	289	193	270	308	184	244	199	194	277	151	244	243	163	306	198	228	282	0	295	293
31	252	139	256	263	157	242	193	214	300	140	249	237	193	328	204	295	216	124	260	214	210	246	146	250	267	177	322	196	237	290	0	196
40	306	233	213	323	195	249	274	130	283	205	192	249	136	284	261	189	260	186	262	303	147	272	236	223	282	142	270	225	147	299	201	0

[*,*,4]:	1	2	3	4	5	6	7	8	9	10	11	12	13	14	15	16	17	18	19	20	21	22	23	24	25	26	27	28	29	30	31	40:=
1	0	248	298	132	331	223	213	314	178	311	262	143	276	197	233	310	154	258	254	198	323	187	251	295	158	344	254	233	259	126	272	0
2	244	0	275	237	226	255	173	255	281	183	218	172	187	267	136	290	211	164	281	187	249	248	140	281	241	233	337	126	226	237	145	250
3	288	271	0	310	275	206	294	191	297	268	148	249	189	224	303	144	243	235	186	321	200	238	275	151	327	275	204	246	137	267	265	214
4	132	243	305	0	327	245	219	317	146	254	233	148	276	213	226	314	168	273	266	192	324	207	262	303	154	289	218	189	282	146	267	338
5	329	217	283	343	0	295	272	183	321	165	242	262	162	337	239	260	286	176	304	300	214	309	222	283	299	111	327	223	208	310	165	200
6	230	253	207	239	290	0	207	183	175	252	129	199	216	171	261	223	184	241	174	261	249	171	261	151	204	244	167	212	193	193	253	265
7	217	171	293	220	278	204	0	233	223	193	227	149	226	256	164	314	194	210	283	167	300	237	140	244	163	243	275	122	252	215	207	238
8	316	260	189	315	185	178	244	0	267	232	169	261	160	262	276	177	250	213	237	307	170	205	211	154	277	184	248	230	124	284	229	135
9	177	283	286	150	319	177	216	262	0	310	219	193	286	175	292	319	183	296	235	250	293	141	246	233	168	328	189	231	275	132	297	290
10	302	187	270	261	162	250	195	239	304	0	258	234	212	337	188	309	269	189	342	205	222	251	143	280	264	185	332	191	264	312	144	219
11	266	212	147	220	247	131	226	171	213	270	0	227	208	206	274	221	218	240	141	232	196	163	217	143	235	236	206	229	179	231	254	201
12	143	175	259	147	263	193	147	260	195	240	223	0	263	248	217	318	173	192	233	143	266	167	183	257	151	276	252	164	261	198	251	258
13	271	187	191	268	167	217	230	158	284	204	212	259	0	293	254	240	222	136	228	244	146	238	188	205	277	162	301	230	181	298	200	143
14	191	262	224	216	326	169	258	267	179	334	207	241	288	0	333	241	173	259	158	266	281	161	273	209	240	332	147	269	261	204	338	283
15	236	138	297	226	229	270	163	278	281	186	289	218	260	327	0	293	214	185	298	162	270	257	163	302	228	249	326	179	300	286	208	273
16	308	275	145	331	260	226	305	176	321	316	218	316	231	248	309	0	262	233	199	336	176	260	279	171	347	258	277	307	181	321	261	194
17	157	210	245	165	281	184	196	257	182	271	212	176	220	174	207	257	0	224	212	191	267	147	223	243	178	291	230	208	272	137	227	279
18	264	162	234	276	179	237	210	207	305	188	241	196	134	258	187	239	220	0	256	237	206	246	163	244	266	190	322	210	179	247	132	194
19	255	288	184	264	308	172	295	237	238	332	140	235	233	155	296	201	206	268	0	296	249	194	295	182	284	311	186	234	191	210	282	272
20	196	187	308	197	299	264	165	302	250	208	241	142	246	255	166	334	192	230	290	0	322	238	210	309	189	316	276	142	271	202	213	309
21	313	261	200	332	211	248	303	172	287	222	188	258	150	283	277	173	266	208	256	317	0	275	249	223	344	158	267	236	141	304	218	152
22	189	242	236	200	317	173	236	208	139	264	163	169	232	160	243	265	150	245	196	232	286	0	253	233	166	254	173	195	219	154	252	285
23	251	141	284	259	223	253	138	210	249	145	214	183	191	283	162	281	216	162	294	211	255	250	0	239	212	188	281	140	219	256	153	243
24	291	281	152	295	296	152	250	152	231	265	145	253	205	212	293	176	244	249	180	308	215	237	235	0	260	230	205	253	155	252	263	185
25	156	237	327	154	289	202	163	284	172	263	238	148	272	240	231	337	177	267	290	193	342	168	205	255	0	303	245	185	281	172	276	281
26	348	238	271	289	110	253	241	185	314	182	249	279	165	326	249	248	301	189	313	304	155	271	190	237	297	0	315	241	210	327	181	148
27	253	320	209	228	327	169	267	245	189	340	203	251	286	148	343	277	233	313	185	278	274	170	280	197	252	332	0	277	253	206	343	278
28	239	126	249	184	219	212	122	237	229	192	222	167	229	272	176	302	208	212	243	141	237	188	143	251	186	234	272	0	257	234	203	242
29	266	221	136	286	213	190	252	123	284	261	180	267	179	259	304	183	268	179	183	282	140	221	224	154	279	212	259	253	0	284	256	154
30	126	242	261	146	314	188	223	284	132	303	228	198	305	201	284	325	135	260	210	205	295	153	258	257	170	325	208	228	297	0	312	311
31	268	146	254	278	164	256	202	225	297	144	262	249	201	325	213	259	230	130	276	213	221	261	152	265	265	185	341	205	249	306	0	206
40	324	245	213	341	203	261	238	132	301	217	202	264	141	281	276	198	275	194	261	320	151	287	247	182	279	149	287	238	154	296	212	0

[*,*,5]:	1	2	3	4	5	6	7	8	9	10	11	12	13	14	15	16	17	18	19	20	21	22	23	24	25	26	27	28	29	30	31	40:=
1	0	244	312	136	346	232	221	308	183	324	221	149	270	206	244	325	160	270	250	206	338	194	262	290	162	350	264	190	272	128	285	0
2	255	0	288	247	224	265	179	265	293	138	214	180	195	280	141	284	220	170	294	194	259	245	144	293	250	241	279	131	237	248	151	260
3	301	283	0	324	287	213	307	191	258	281	154	261	197	221	317	149	253	245	186	336	207	248	287	155	320	235	213	258	142	261	277	222
4	136	254	318	0	342	242	227	280	152	266	229	154	289	222	236	329	168	285	277	199	338	206	272	316	106	304	228	187	296	152	279	350
5	344	226	278	350	0	307	231	192	312	171	253	274	169	329	249	271	299	182	318	294	222	323	230	243	291	115	343	233	217	325	165	207
6	228	264	215	248	302	0	217	192	183	264	134	197	226	177	273	232	184	250	180	272	259	176	207	158	213	255	174	210	201	201	264	224
7	225	177	305	219	238	214	0	244	220	201	238	154	235	268	164	329	201	218	295	169	313	195	146	256	169	239	288	126	264	224	206	249
8	310	270	195	278	194	186	239	0	280	243	176	257	165	273	288	183	260	212	246	320	124	215	208	161	290	192	259	240	127	297	238	136
9	182	294	247	150	335	184	226	275	0	302	229	201	299	181	286	333	189	308	244	209	286	147	258	244	174	320	196	241	287	135	311	304
10	315	137	283	273	169	262	193	250	318	0	270	244	210	350	195	322	280	190	305	214	232	263	148	274	276	192	347	199	259	326	148	216
11	225	222	153	231	243	135	236	177	222	265	0	236	216	213	285	220	225	198	146	244	194	170	227	148	246	246	204	239	185	240	264	210
12	149	174	271	153	276	201	152	255	202	250	232	0	259	258	224	331	127	201	229	149	279	173	190	253	156	289	263	169	272	197	261	270
13	284	195	200	280	167	227	240	164	297	212	211	270	0	305	264	186	232	141	239	256	152	234	196	213	289	168	295	239	188	311	207	148
14	200	275	221	226	342	176	269	263	185	350	215	251	300	0	296	252	180	272	158	278	294	167	286	218	236	348	151	280	272	204	350	296
15	246	143	311	236	239	265	168	290	293	192	284	226	271	290	0	308	211	193	312	168	282	253	169	316	237	260	341	179	313	297	164	285
16	323	288	147	347	271	235	319	182	314	330	226	330	188	243	325	0	274	243	207	327	182	271	291	177	339	269	288	320	186	284	255	202
17	158	219	256	171	293	184	204	268	188	282	220	126	231	182	217	269	0	234	221	198	279	152	221	252	184	303	239	207	231	143	238	291
18	276	168	244	271	185	247	218	215	300	194	199	206	139	270	186	250	230	0	268	234	214	257	168	254	277	190	335	166	187	259	133	201
19	251	301	190	276	322	177	290	246	247	295	145	231	244	162	310	209	215	263	0	309	260	201	290	187	296	325	141	245	189	220	295	268
20	204	194	322	196	311	275	170	315	209	205	252	148	257	267	166	350	200	240	303	0	315	248	217	323	195	259	290	147	284	211	223	323
21	327	256	208	347	219	257	298	126	302	232	196	270	151	296	289	180	277	206	267	331	0	286	259	221	307	165	280	247	142	319	227	154
22	196	252	246	207	310	178	194	217	144	259	170	175	242	166	254	261	154	255	203	241	281	0	263	190	174	267	172	203	229	159	263	297
23	262	143	296	270	231	211	144	207	261	150	223	190	189	296	168	293	225	167	288	219	265	260	0	235	222	196	295	145	229	252	158	201
24	303	293	156	307	240	158	262	158	242	277	146	264	213	221	306	176	254	259	185	321	223	184	246	0	273	241	203	264	161	263	275	194
25	161	246	320	107	304	211	170	277	179	275	248	154	284	236	240	350	183	278	285	199	305	175	214	268	0	318	256	192	294	172	288	295
26	350	246	231	304	114	248	252	193	329	189	245	292	170	341	260	258	295	195	326	266	162	265	198	248	312	0	330	238	218	342	187	154
27	263	282	206	239	343	176	280	256	188	350	211	262	298	150	350	288	242	326	140	271	288	177	293	205	248	348	0	290	263	214	335	291
28	186	131	261	192	229	210	126	248	239	199	231	167	238	283	181	315	207	168	254	146	249	196	144	263	194	244	284	0	268	244	211	253
29	279	231	142	279	222	198	264	127	279	272	186	278	185	270	298	189	227	187	192	275	145	230	234	159	292	210	271	264	0	296	253	159
30	128	254	273	151	329	196	221	297	136	316	238	198	318	208	296	288	140	254	220	214	309	158	253	268	176	340	216	237	291	0	325	304
31	281	151	266	273	170	267	210	235	311	146	273	259	207	339	161	272	240	135	289	223	218	272	157	276	277	184	350	212	259	320	0	215
40	338	255	221	334	210	221	249	137	294	226	211	276	146	294	270	206	287	201	272	313	155	298	206	190	293	149	301	249	159	310	210	0

[*,*,6]:	1	2	3	4	5	6	7	8	9	10	11	12	13	14	15	16	17	18	19	20	21	22	23	24	25	26	27	28	29	30	31	40:=
1	0	256	306	140	350	242	230	322	184	288	233	155	285	204	256	343	166	283	262	205	350	201	274	303	164	350	224	200	287	133	279	0
2	251	0	302	258	233	262	184	277	255	144	225	179	204	295	147	299	218	176	309	201	271	256	146	306	260	200	294	132	249	261	157	271
3	316	296	0	318	300	221	321	146	254	296	160	275	206	231	311	154	265	257	193	329	215	259	300	159	284	231	224	272	148	275	273	231
4	139	265	334	0	350	252	175	295	159	281	241	155	304	233	247	347	175	280	290	206	350	214	269	279	110	321	240	196	290	158	294	346
5	350	235	290	350	0	270	244	201	330	171	266	288	175	346	246	284	313	189	334	308	221	338	188	257	308	118	350	244	227	342	171	163
6	238	261	223	258	265	0	215	201	191	277	138	206	224	184	286	242	191	248	186	284	270	130	217	158	224	269	182	220	200	210	277	221
7	234	183	319	176	235	224	0	256	231	200	249	160	246	281	170	323	209	227	309	174	257	205	152	270	177	251	283	130	277	234	214	262
8	324	267	150	293	203	195	252	0	294	255	183	269	166	286	302	190	272	220	244	284	129	226	218	161	305	201	272	251	130	292	249	141
9	188	256	260	157	328	193	237	289	0	318	226	209	314	188	300	327	195	322	203	219	302	148	271	256	182	337	195	252	301	139	326	321
10	279	143	277	288	176	276	202	246	335	0	283	255	219	345	202	337	293	145	299	225	244	277	154	288	272	201	350	207	271	320	152	226
11	237	233	159	242	255	137	248	184	232	278	0	246	225	222	298	228	174	208	153	256	203	170	238	154	257	258	213	236	192	250	276	220
12	155	182	266	159	290	210	158	268	202	262	243	0	270	255	233	296	133	211	241	150	293	181	198	265	157	303	275	175	285	204	258	284
13	279	204	209	295	174	225	251	170	312	221	219	266	0	319	224	196	229	147	251	269	158	245	195	223	304	174	309	237	194	325	214	153
14	209	289	231	223	350	183	282	275	185	350	224	261	314	0	290	266	189	286	164	274	309	174	300	227	247	341	156	293	284	211	296	311
15	243	148	327	247	250	278	169	304	307	199	297	225	231	306	0	325	221	192	329	175	297	265	170	332	247	271	350	185	308	260	172	280
16	340	303	152	340	284	246	335	188	329	324	234	294	198	256	318	0	288	255	217	345	182	284	306	184	350	266	301	335	141	300	269	210
17	164	217	268	177	308	191	203	280	194	294	177	131	228	191	228	283	0	231	231	207	293	157	230	250	191	318	249	164	228	149	250	287
18	290	174	256	284	185	258	227	223	314	144	209	216	145	284	194	247	241	0	281	245	213	268	174	265	289	196	279	174	196	273	138	209
19	263	296	198	288	338	183	303	244	206	312	152	243	241	168	326	219	225	276	0	324	272	209	303	188	309	289	147	258	198	217	311	280
20	213	202	338	203	306	287	175	279	219	215	249	154	271	281	173	342	208	251	319	0	331	246	226	338	151	273	284	154	299	221	234	338
21	344	268	207	350	227	268	260	127	318	244	206	284	157	291	304	187	291	215	263	347	0	299	270	179	301	172	295	260	147	312	238	158
22	203	263	256	215	325	129	204	229	150	272	170	183	254	173	266	273	156	267	211	252	294	0	223	200	182	281	179	201	240	166	276	259
23	274	147	292	281	189	222	150	217	257	156	234	198	198	291	174	307	234	172	302	218	277	219	0	247	219	206	311	151	240	264	159	212
24	298	306	160	270	253	159	276	165	254	291	152	260	223	231	322	183	251	270	192	336	180	194	242	0	287	253	213	261	167	275	288	203
25	166	257	284	109	320	222	178	292	179	289	260	159	298	247	238	350	190	291	298	149	322	183	225	282	0	311	269	201	309	179	284	312
26	350	205	243	321	118	261	248	202	346	197	256	287	176	350	271	270	309	195	291	281	169	279	197	260	328	0	348	249	217	350	194	155
27	223	298	217	236	350	184	294	269	196	349	220	274	313	155	350	301	252	290	146	286	282	185	309	215	260	340	0	304	276	223	350	307
28	196	132	275	201	240	220	128	260	250	208	241	173	236	296	188	330	164	168	268	153	261	205	149	259	202	256	299	0	265	254	219	249
29	294	243	147	294	220	207	277	131	293	268	193	291	192	282	312	138	239	196	201	290	147	241	245	165	307	219	267	276	0	311	264	166
30	133	250	287	157	347	204	231	292	140	332	248	205	313	216	258	304	146	268	217	224	325	165	266	265	183	350	225	247	305	0	341	320
31	296	157	279	286	171	280	219	245	326	151	269	270	215	304	169	267	253	140	305	234	228	268	163	290	290	191	350	221	270	335	0	224
40	350	266	230	350	159	232	262	142	310	224	221	290	151	309	284	205	300	209	284	328	158	261	216	199	310	156	295	261	166	326	219	0

[*,*,7]:	1	2	3	4	5	6	7	8	9	10	11	12	13	14	15	16	17	18	19	20	21	22	23	24	25	26	27	28	29	30	31	40:=
1	0	253	302	141	350	240	229	318	134	263	230	156	280	203	238	336	167	279	259	204	325	201	271	299	166	295	221	198	282	134	275	0
2	249	0	297	256	232	260	181	223	251	145	223	179	193	290	148	294	217	171	304	201	268	254	149	285	207	198	289	134	231	257	158	255
3	311	292	0	314	279	221	266	147	250	271	161	271	205	229	306	152	262	254	193	324	206	256	296	111	279	229	209	267	149	271	269	230
4	141	249	328	0	350	200	174	270	159	276	238	156	280	231	245	340	175	277	270	206	349	214	216	256	113	315	237	195	285	154	289	289
5	350	234	287	346	0	265	240	200	323	172	246	283	176	339	244	264	308	189	328	304	221	262	187	253	302	120	329	242	225	336	172	163
6	236	258	214	205	260	0	213	190	191	273	140	205	222	178	282	241	191	246	182	281	216	132	215	159	210	265	181	218	199	199	274	219
7	233	184	264	176	232	210	0	253	228	199	233	161	244	277	171	318	201	226	304	124	253	192	153	265	177	248	279	130	273	232	214	258
8	320	214	145	288	202	194	249	0	271	252	183	266	168	266	298	190	269	220	191	260	131	224	217	162	280	200	268	249	133	288	234	142
9	134	252	256	157	321	183	234	284	0	313	225	200	309	188	296	322	190	267	201	217	296	149	250	252	182	331	195	237	297	142	321	314
10	274	144	273	264	176	271	201	244	307	0	279	253	218	339	195	332	238	146	294	210	241	273	155	283	268	192	350	206	268	315	152	224
11	220	230	160	239	252	139	231	185	230	275	0	232	224	221	294	176	173	195	153	253	202	170	223	155	255	255	212	235	186	248	273	207
12	156	181	263	155	285	209	159	264	201	245	241	0	268	253	172	290	134	210	238	151	270	181	198	262	158	280	272	176	282	205	256	279
13	275	193	208	290	175	223	236	171	307	220	219	264	0	263	222	195	227	143	247	265	159	243	195	211	299	175	305	235	189	320	163	151
14	208	285	229	222	328	183	279	272	186	337	223	259	259	0	285	245	188	282	165	270	285	174	296	226	245	335	155	289	281	160	290	306
15	240	146	321	245	248	274	170	282	302	199	293	174	214	300	0	318	220	192	300	175	292	262	171	305	245	268	350	186	253	239	171	277
16	334	298	153	334	264	244	329	189	324	319	173	289	197	252	312	0	283	252	215	338	183	264	301	184	350	263	281	279	142	294	265	209
17	165	216	250	178	303	191	203	262	195	240	176	133	225	181	225	279	0	229	218	206	288	159	229	248	186	313	196	164	226	145	247	284
18	285	175	253	280	186	243	226	222	258	145	196	214	146	280	193	244	226	0	277	242	212	251	175	262	286	146	274	166	195	269	140	209
19	260	292	190	285	332	184	300	191	193	306	152	240	238	163	320	217	223	273	0	299	269	209	299	189	237	283	148	255	197	216	285	277
20	203	202	332	203	302	269	126	274	217	213	245	150	267	276	173	336	199	248	313	0	325	244	216	282	152	269	279	149	294	219	231	333
21	338	265	207	334	226	215	256	129	290	241	204	280	158	286	280	187	287	214	261	319	0	295	217	178	295	165	290	256	149	307	223	109
22	196	261	254	215	269	130	191	226	151	268	170	176	251	173	263	270	158	250	211	250	291	0	208	198	181	277	179	201	225	166	273	239
23	271	149	289	213	188	220	151	215	253	152	232	198	197	287	170	303	233	174	298	218	209	217	0	244	217	194	305	152	238	261	161	210
24	295	285	111	266	250	159	254	165	251	287	153	258	211	229	316	183	249	254	192	280	180	193	239	0	282	250	211	257	163	272	284	191
25	167	204	279	111	292	220	178	287	179	267	257	160	294	245	237	339	190	287	243	149	293	183	223	277	0	306	250	200	304	179	280	306
26	299	192	239	315	120	257	245	192	339	197	253	283	172	350	268	267	305	145	265	276	169	275	196	242	322	0	341	247	216	329	194	156
27	220	293	215	233	329	183	289	265	196	342	209	271	308	157	345	281	199	285	147	281	278	176	303	213	257	334	0	299	273	222	346	301
28	194	134	253	200	238	218	131	242	247	207	239	174	234	276	188	274	164	168	247	153	258	204	150	256	193	253	294	0	262	240	218	247
29	289	240	149	289	219	197	273	133	288	265	187	287	193	279	257	140	222	195	200	285	148	226	242	166	302	218	264	258	0	306	261	166
30	135	247	265	158	340	204	229	288	141	326	246	205	308	157	254	298	147	264	216	210	319	165	262	262	177	350	224	245	301	0	264	314
31	272	158	275	282	172	261	218	243	321	153	267	254	164	298	169	263	234	141	299	231	227	265	160	286	286	192	344	212	268	279	0	223
40	349	263	229	293	159	216	258	144	304	222	208	286	153	304	280	205	279	209	281	323	109	240	214	198	304	157	290	243	166	320	218	0

[*,*,8]:	1	2	3	4	5	6	7	8	9	10	11	12	13	14	15	16	17	18	19	20	21	22	23	24	25	26	27	28	29	30	31	40:=
1	0	254	302	143	333	241	231	267	137	263	217	158	280	204	239	312	169	279	259	206	325	196	271	300	118	295	209	199	282	137	275	0
2	250	0	280	257	233	260	132	210	251	147	224	181	194	271	150	294	218	173	285	203	269	254	152	235	196	200	288	136	232	242	160	256
3	310	292	0	313	280	163	265	149	251	271	157	271	206	230	305	154	248	255	195	324	208	245	245	113	279	229	210	251	151	271	269	180
4	144	250	308	0	300	201	176	270	155	276	239	158	280	220	246	339	178	277	271	200	348	164	217	256	114	314	238	197	285	156	271	289
5	331	235	287	294	0	248	241	201	323	173	247	266	178	339	245	265	290	191	328	304	171	262	179	253	301	123	328	229	226	335	174	165
6	237	259	164	195	260	0	214	191	184	273	143	207	223	180	266	241	193	247	184	216	217	134	216	161	211	249	183	219	201	201	258	220
7	225	135	264	178	233	211	0	253	229	201	234	159	245	277	173	317	203	218	253	127	253	194	150	266	179	249	279	133	257	233	215	242
8	268	215	147	268	203	195	249	0	272	238	185	266	170	267	281	192	269	171	193	260	130	224	218	164	280	193	269	249	136	288	235	145
9	136	236	257	159	320	185	222	284	0	312	226	202	290	190	296	322	141	249	202	218	296	151	251	238	184	330	197	238	279	144	320	292
10	274	146	273	265	171	272	203	245	307	0	279	253	220	338	197	261	239	148	293	211	228	273	157	283	269	193	333	208	269	315	155	225
11	221	218	162	240	253	142	233	180	231	275	0	234	216	223	244	178	175	196	150	253	203	172	224	154	255	255	214	236	188	237	274	208
12	158	183	263	157	267	210	161	265	203	246	231	0	268	203	174	270	136	211	239	153	270	176	199	262	161	281	258	178	282	206	206	279
13	275	194	199	290	177	224	237	168	307	221	220	265	0	246	223	196	228	146	234	265	161	244	197	213	281	177	305	237	191	251	165	153
14	209	284	230	223	328	179	279	273	188	336	215	209	259	0	285	245	181	281	167	270	285	171	295	227	246	334	158	274	230	162	290	306
15	241	148	300	246	248	275	173	282	285	201	242	175	215	279	0	317	221	193	300	171	292	262	173	305	235	269	350	137	253	239	166	277
16	310	297	156	333	265	233	328	191	324	268	175	268	198	253	311	0	266	253	217	337	185	265	283	186	349	264	231	260	144	294	265	211
17	167	217	251	175	303	193	205	263	140	240	178	135	226	183	214	278	0	230	219	199	288	161	230	249	188	244	197	166	226	147	233	284
18	269	177	254	280	188	244	218	173	258	147	197	203	148	280	195	245	227	0	277	243	214	252	173	263	235	148	274	168	186	269	142	203
19	261	292	192	269	331	187	249	193	194	284	155	240	239	165	298	218	224	273	0	299	255	211	300	140	238	264	150	255	198	217	285	277
20	204	196	331	205	302	218	125	274	218	215	246	152	251	276	175	335	201	237	313	0	325	245	167	262	154	269	279	151	275	220	232	262
21	337	266	209	334	168	216	257	131	290	228	206	280	160	286	281	182	287	216	262	319	0	244	217	179	295	167	271	257	151	307	225	112
22	197	249	255	165	269	133	193	214	154	268	172	178	238	175	264	270	160	251	204	251	240	0	209	189	183	276	181	202	226	163	273	239
23	271	152	238	214	180	221	153	217	254	155	221	199	199	287	172	285	234	176	298	168	210	205	0	244	218	196	285	154	238	261	163	211
24	295	235	112	266	250	161	255	162	252	287	155	258	213	220	316	185	250	255	138	279	181	194	240	0	264	250	213	258	165	257	284	193
25	119	205	279	114	292	209	179	287	181	267	244	163	294	246	238	338	187	237	244	151	293	176	224	277	0	306	250	193	304	181	281	305
26	299	194	226	314	123	257	246	193	316	199	254	284	174	328	269	268	254	147	266	257	171	275	198	243	300	0	340	247	217	329	190	158
27	208	292	216	234	328	178	289	266	198	342	210	257	308	159	344	231	190	285	149	281	278	178	283	214	257	333	0	281	273	223	345	301
28	196	136	254	192	239	219	133	243	235	209	240	177	236	277	135	273	166	170	247	151	258	206	153	257	195	240	294	0	263	241	212	247
29	270	241	151	289	220	198	257	136	288	266	189	272	195	229	257	142	223	186	201	285	150	227	230	168	302	219	265	259	0	306	211	163
30	137	248	265	156	339	205	230	288	143	306	247	207	257	159	238	297	149	264	217	212	297	167	263	262	179	327	225	246	301	0	264	314
31	272	155	275	282	174	261	210	244	320	155	267	204	158	297	170	263	235	140	299	232	228	266	162	269	287	194	343	213	204	278	0	214
40	326	264	179	293	161	217	242	146	304	223	209	269	155	304	280	206	279	203	281	272	111	241	203	199	303	159	290	243	163	319	219	0

[*,*,9]:	1	2	3	4	5	6	7	8	9	10	11	12	13	14	15	16	17	18	19	20	21	22	23	24	25	26	27	28	29	30	31	40:=
1	0	254	301	146	332	232	181	266	139	263	218	154	279	206	239	312	166	279	260	207	324	197	258	248	120	294	210	191	281	139	275	0
2	250	0	280	245	234	210	134	211	236	149	224	182	196	271	149	293	219	175	285	197	269	255	103	235	198	190	288	139	232	243	157	206
3	291	292	0	313	229	165	248	151	251	271	159	254	207	231	305	156	249	242	197	323	210	195	230	116	278	230	211	251	149	271	269	173
4	146	250	308	0	299	202	177	270	158	258	239	160	280	221	234	338	180	278	271	202	275	166	217	256	117	291	238	198	285	158	271	288
5	330	226	236	293	0	248	227	202	321	175	248	266	174	337	245	265	290	187	327	253	173	262	181	237	300	125	327	230	216	333	176	160
6	238	209	166	196	244	0	215	193	185	257	145	208	224	182	267	231	195	248	135	217	205	136	217	162	212	249	178	220	202	203	259	221
7	175	133	263	179	233	212	0	239	230	202	235	161	233	277	176	317	205	169	237	129	253	195	152	249	180	249	279	136	258	223	216	243
8	268	216	149	268	194	197	249	0	272	239	180	267	172	267	281	188	219	172	194	260	132	213	218	166	280	194	253	250	138	288	236	147
9	138	237	241	161	319	187	223	267	0	312	227	203	290	186	296	271	143	249	193	219	295	153	251	239	178	329	198	239	279	146	320	292
10	273	148	273	265	173	255	204	245	306	0	264	254	221	338	148	261	224	150	292	212	229	256	159	283	269	195	332	201	269	314	158	226
11	222	219	158	240	253	144	233	182	221	275	0	235	218	165	244	179	176	197	152	238	204	174	225	156	242	256	215	237	190	239	210	210
12	154	184	263	159	268	202	164	265	205	247	232	0	218	204	175	270	135	212	239	155	270	178	193	263	163	281	258	176	282	157	207	279
13	275	196	200	272	179	225	238	170	288	223	222	214	0	246	210	197	228	148	234	250	163	244	198	214	281	174	304	238	142	251	160	155
14	200	284	231	224	327	181	263	273	190	336	166	198	258	0	284	246	183	264	169	270	285	173	278	228	247	334	161	223	216	164	289	287
15	242	151	299	234	249	275	175	283	285	146	242	177	216	279	0	316	221	195	300	173	274	263	175	305	236	256	298	139	253	240	167	277
16	310	279	158	332	265	234	308	193	272	268	176	268	189	253	310	0	266	239	218	336	186	265	283	183	348	214	231	260	142	293	265	204
17	169	218	252	177	285	195	207	213	142	226	179	137	227	184	215	261	0	231	220	201	272	164	231	250	139	244	188	167	227	149	233	284
18	269	173	254	280	190	245	169	166	258	149	198	205	146	279	196	245	228	0	262	244	215	253	176	200	236	150	274	169	188	252	145	205
19	261	292	194	270	311	138	249	194	195	283	151	241	239	167	298	209	225	273	0	299	256	205	248	142	238	264	147	255	199	218	285	227
20	206	198	310	207	251	219	127	255	219	215	246	154	251	260	177	334	202	238	294	0	324	195	169	262	150	269	279	154	275	210	233	261
21	336	266	210	282	170	204	256	134	290	229	197	280	162	286	281	184	271	217	262	319	0	229	218	181	294	168	271	242	153	306	226	114
22	199	250	193	167	269	135	194	215	151	268	174	179	238	172	264	271	163	252	206	189	240	0	210	191	176	276	183	203	227	165	257	239
23	258	104	238	215	181	209	155	217	254	157	222	193	200	287	174	285	225	178	247	170	211	206	0	244	219	197	284	153	239	262	165	212
24	244	235	115	248	250	163	255	164	238	286	158	259	214	221	297	187	251	205	140	260	182	195	240	0	264	237	214	258	167	257	268	194
25	119	206	278	117	291	210	174	287	183	267	244	161	294	247	239	338	138	222	244	153	292	178	213	277	0	305	251	195	285	183	281	284
26	298	195	226	291	126	258	246	195	315	192	255	284	177	328	256	217	254	149	265	258	166	275	199	243	299	0	339	248	219	328	192	160
27	209	272	217	234	327	180	271	266	199	340	212	257	290	162	293	231	191	265	151	281	277	180	283	205	257	332	0	281	259	225	344	281
28	197	138	254	193	226	220	136	244	236	202	241	179	237	226	137	255	167	171	248	153	243	207	155	257	196	241	277	0	263	242	162	248
29	270	227	153	289	221	200	258	138	288	266	191	273	140	229	257	144	223	188	193	285	153	228	231	166	302	220	265	260	0	238	212	166
30	139	248	265	158	315	206	231	288	146	306	237	158	257	161	238	277	152	264	218	213	297	165	263	263	181	326	217	247	250	0	264	313
31	272	158	259	282	176	262	211	233	320	158	217	205	160	276	172	263	236	143	279	233	229	266	165	270	271	196	342	164	205	259	0	215
40	325	201	181	292	163	217	243	144	303	224	211	269	154	304	280	208	280	205	216	272	114	241	204	191	302	161	290	244	166	298	220	0

[*,*,10]:	1	2	3	4	5	6	7	8	9	10	11	12	13	14	15	16	17	18	19	20	21	22	23	24	25	26	27	28	29	30	31	40:=
1	0	240	299	149	329	181	172	264	141	261	218	156	260	206	238	309	167	262	258	208	322	199	206	231	122	291	210	191	261	141	273	0
2	250	0	279	245	174	209	136	211	234	146	224	183	196	270	151	274	219	177	284	198	255	204	106	234	197	191	266	141	232	242	159	205
3	290	274	0	260	228	165	246	147	249	269	161	253	198	230	302	158	248	242	191	320	159	195	229	117	276	229	211	250	151	253	268	173
4	149	250	255	0	275	201	178	267	159	257	226	162	278	221	233	313	181	276	270	152	272	160	217	254	119	289	224	198	283	160	270	285
5	327	176	220	290	0	247	226	193	318	176	246	265	175	312	245	264	288	189	254	251	173	260	181	236	278	128	323	229	216	309	178	161
6	187	208	167	196	242	0	214	193	186	255	145	208	224	183	265	231	190	197	137	216	205	135	216	164	212	248	179	210	203	203	258	220
7	175	135	245	180	232	211	0	238	218	203	234	163	233	261	177	314	155	169	235	128	252	195	154	248	175	248	277	138	257	223	208	242
8	248	215	151	266	194	188	248	0	270	239	182	251	174	266	280	139	205	173	194	258	135	213	207	167	278	195	253	236	141	286	236	149
9	140	236	240	157	316	187	223	266	0	309	227	204	288	188	227	268	145	247	193	207	292	155	250	238	180	305	199	238	278	148	299	290
10	254	150	271	263	174	254	196	244	303	0	263	241	221	283	149	259	223	146	290	212	228	255	157	281	267	196	329	202	254	312	109	215
11	221	218	160	227	252	146	233	183	222	259	0	235	167	165	227	180	177	197	154	237	195	175	225	158	241	242	216	237	192	188	209	210
12	156	178	261	161	266	203	162	264	205	247	232	0	204	204	176	268	137	201	238	157	268	179	193	247	165	279	258	178	215	158	207	262
13	272	196	201	270	174	225	237	172	287	214	171	213	0	245	210	188	227	150	234	249	160	243	199	214	280	176	285	187	143	249	161	158
14	200	265	230	224	324	182	263	257	191	282	167	198	240	0	281	245	183	262	165	268	283	174	276	219	246	330	112	222	216	158	286	285
15	241	153	297	233	236	273	177	281	233	147	226	177	216	276	0	292	221	195	297	175	273	248	177	303	236	205	274	141	252	239	169	276
16	307	277	157	329	264	234	306	138	270	265	177	266	189	237	307	0	264	239	208	332	188	264	282	185	272	213	230	258	144	271	263	205
17	170	218	251	178	284	190	157	212	144	225	172	139	226	185	215	260	0	231	220	201	271	163	231	198	140	243	188	161	226	151	232	282
18	267	175	241	279	191	194	169	167	240	150	198	205	148	260	197	244	228	0	261	232	216	252	127	200	220	151	271	170	188	251	143	155
19	246	290	195	269	258	135	247	194	196	281	153	226	238	168	296	210	215	272	0	297	255	155	231	144	237	262	149	238	200	218	282	225
20	207	199	308	150	249	218	129	254	207	215	245	156	250	259	173	330	203	237	292	0	270	195	169	260	151	250	277	155	273	210	221	259
21	312	265	160	280	170	204	239	136	287	228	198	261	164	284	279	185	269	209	261	265	0	228	205	181	291	169	269	241	151	303	225	115
22	200	198	193	160	266	137	194	215	153	251	175	180	238	174	249	269	165	251	156	189	224	0	209	191	177	257	183	204	226	167	256	238
23	206	105	237	214	182	209	152	217	253	159	222	193	193	285	176	283	225	125	245	171	211	206	0	229	219	198	282	155	227	260	167	200
24	242	234	117	247	234	164	254	165	237	267	160	257	214	221	295	184	199	204	142	258	175	195	239	0	263	236	204	257	169	256	267	195
25	121	195	276	120	288	210	175	267	184	266	244	163	275	246	239	284	140	221	228	155	289	179	213	258	0	302	250	196	283	179	279	282
26	295	195	226	289	127	256	245	196	312	193	241	282	178	325	205	204	252	150	263	256	167	256	199	242	297	0	313	247	219	325	193	161
27	209	270	205	233	323	181	269	250	200	337	212	256	288	111	289	230	191	263	148	278	275	181	281	206	243	329	0	280	258	216	290	279
28	197	140	253	194	226	210	139	243	236	203	230	180	186	225	139	253	161	172	246	154	242	198	157	256	197	241	275	0	262	191	163	247
29	268	227	151	286	221	200	257	140	271	265	192	221	141	214	255	146	223	188	193	265	154	227	231	168	282	220	264	259	0	236	199	167
30	139	247	263	160	312	199	231	286	149	304	186	152	255	162	237	274	149	262	218	213	294	166	248	261	183	323	218	185	248	0	262	310
31	270	159	258	264	177	260	212	233	299	110	216	205	161	274	166	262	235	145	278	221	228	264	166	269	270	191	288	165	205	257	0	215
40	272	201	172	289	164	217	242	146	281	224	211	267	156	284	278	209	278	155	215	251	117	240	204	191	280	162	287	243	167	296	211	0

;

param ee :=
1	1	0
2	1	49
3	1	60
4	1	71
5	1	21
6	1	32
7	1	43
8	1	54
9	1	65
10	1	76
11	1	26
12	1	37
13	1	48
14	1	59
15	1	70
16	1	20
17	1	31
18	1	42
19	1	53
20	1	64
21	1	75
22	1	25
23	1	36
24	1	47
25	1	58
26	1	69
27	1	80
28	1	30
29	1	41
30	1	52
31	1	63
40	1	0
1	2	0
2	2	56
3	2	67
4	2	78
5	2	28
6	2	39
7	2	50
8	2	61
9	2	72
10	2	22
11	2	33
12	2	44
13	2	55
14	2	66
15	2	77
16	2	27
17	2	38
18	2	49
19	2	60
20	2	71
21	2	21
22	2	32
23	2	43
24	2	54
25	2	65
26	2	76
27	2	26
28	2	37
29	2	48
30	2	59
31	2	70
40	2	0
1	3	0
2	3	63
3	3	74
4	3	24
5	3	35
6	3	46
7	3	57
8	3	68
9	3	79
10	3	29
11	3	40
12	3	51
13	3	62
14	3	73
15	3	23
16	3	34
17	3	45
18	3	56
19	3	67
20	3	78
21	3	28
22	3	39
23	3	50
24	3	61
25	3	72
26	3	22
27	3	33
28	3	44
29	3	55
30	3	66
31	3	77
40	3	0
1	4	0
2	4	70
3	4	20
4	4	31
5	4	42
6	4	53
7	4	64
8	4	75
9	4	25
10	4	36
11	4	47
12	4	58
13	4	69
14	4	80
15	4	30
16	4	41
17	4	52
18	4	63
19	4	74
20	4	24
21	4	35
22	4	46
23	4	57
24	4	68
25	4	79
26	4	29
27	4	40
28	4	51
29	4	62
30	4	73
31	4	23
40	4	0
1	5	0
2	5	77
3	5	27
4	5	38
5	5	49
6	5	60
7	5	71
8	5	21
9	5	32
10	5	43
11	5	54
12	5	65
13	5	76
14	5	26
15	5	37
16	5	48
17	5	59
18	5	70
19	5	20
20	5	31
21	5	42
22	5	53
23	5	64
24	5	75
25	5	25
26	5	36
27	5	47
28	5	58
29	5	69
30	5	80
31	5	30
40	5	0
1	6	0
2	6	23
3	6	34
4	6	45
5	6	56
6	6	67
7	6	78
8	6	28
9	6	39
10	6	50
11	6	61
12	6	72
13	6	22
14	6	33
15	6	44
16	6	55
17	6	66
18	6	77
19	6	27
20	6	38
21	6	49
22	6	60
23	6	71
24	6	21
25	6	32
26	6	43
27	6	54
28	6	65
29	6	76
30	6	26
31	6	37
40	6	0
1	7	0
2	7	30
3	7	41
4	7	52
5	7	63
6	7	74
7	7	24
8	7	35
9	7	46
10	7	57
11	7	68
12	7	79
13	7	29
14	7	40
15	7	51
16	7	62
17	7	73
18	7	23
19	7	34
20	7	45
21	7	56
22	7	67
23	7	78
24	7	28
25	7	39
26	7	50
27	7	61
28	7	72
29	7	22
30	7	33
31	7	44
40	7	0
1	8	0
2	8	37
3	8	48
4	8	59
5	8	70
6	8	20
7	8	31
8	8	42
9	8	53
10	8	64
11	8	75
12	8	25
13	8	36
14	8	47
15	8	58
16	8	69
17	8	80
18	8	30
19	8	41
20	8	52
21	8	63
22	8	74
23	8	24
24	8	35
25	8	46
26	8	57
27	8	68
28	8	79
29	8	29
30	8	40
31	8	51
40	8	0
1	9	0
2	9	44
3	9	55
4	9	66
5	9	77
6	9	27
7	9	38
8	9	49
9	9	60
10	9	71
11	9	21
12	9	32
13	9	43
14	9	54
15	9	65
16	9	76
17	9	26
18	9	37
19	9	48
20	9	59
21	9	70
22	9	20
23	9	31
24	9	42
25	9	53
26	9	64
27	9	75
28	9	25
29	9	36
30	9	47
31	9	58
40	9	0
1	10	0
2	10	51
3	10	62
4	10	73
5	10	23
6	10	34
7	10	45
8	10	56
9	10	67
10	10	78
11	10	28
12	10	39
13	10	50
14	10	61
15	10	72
16	10	22
17	10	33
18	10	44
19	10	55
20	10	66
21	10	77
22	10	27
23	10	38
24	10	49
25	10	60
26	10	71
27	10	21
28	10	32
29	10	43
30	10	54
31	10	65
40	10	0
;

param tt :=
1	1	0.000
2	1	0.081
3	1	0.100
4	1	0.119
5	1	0.138
6	1	0.157
7	1	0.026
8	1	0.045
9	1	0.064
10	1	0.083
11	1	0.102
12	1	0.121
13	1	0.140
14	1	0.159
15	1	0.028
16	1	0.047
17	1	0.066
18	1	0.085
19	1	0.104
20	1	0.123
21	1	0.142
22	1	0.161
23	1	0.030
24	1	0.049
25	1	0.068
26	1	0.087
27	1	0.106
28	1	0.125
29	1	0.144
30	1	0.163
31	1	0.032
40	1	0.000
1	2	0.000
2	2	0.104
3	2	0.123
4	2	0.142
5	2	0.161
6	2	0.030
7	2	0.049
8	2	0.068
9	2	0.087
10	2	0.106
11	2	0.125
12	2	0.144
13	2	0.163
14	2	0.032
15	2	0.051
16	2	0.070
17	2	0.089
18	2	0.108
19	2	0.127
20	2	0.146
21	2	0.165
22	2	0.034
23	2	0.053
24	2	0.072
25	2	0.091
26	2	0.110
27	2	0.129
28	2	0.148
29	2	0.167
30	2	0.036
31	2	0.055
40	2	0.000
1	3	0.000
2	3	0.127
3	3	0.146
4	3	0.165
5	3	0.034
6	3	0.053
7	3	0.072
8	3	0.091
9	3	0.110
10	3	0.129
11	3	0.148
12	3	0.167
13	3	0.036
14	3	0.055
15	3	0.074
16	3	0.093
17	3	0.112
18	3	0.131
19	3	0.150
20	3	0.169
21	3	0.038
22	3	0.057
23	3	0.076
24	3	0.095
25	3	0.114
26	3	0.133
27	3	0.152
28	3	0.021
29	3	0.040
30	3	0.059
31	3	0.078
40	3	0.000
1	4	0.000
2	4	0.150
3	4	0.169
4	4	0.038
5	4	0.057
6	4	0.076
7	4	0.095
8	4	0.114
9	4	0.133
10	4	0.152
11	4	0.021
12	4	0.040
13	4	0.059
14	4	0.078
15	4	0.097
16	4	0.116
17	4	0.135
18	4	0.154
19	4	0.023
20	4	0.042
21	4	0.061
22	4	0.080
23	4	0.099
24	4	0.118
25	4	0.137
26	4	0.156
27	4	0.025
28	4	0.044
29	4	0.063
30	4	0.082
31	4	0.101
40	4	0.000
1	5	0.000
2	5	0.023
3	5	0.042
4	5	0.061
5	5	0.080
6	5	0.099
7	5	0.118
8	5	0.137
9	5	0.156
10	5	0.025
11	5	0.044
12	5	0.063
13	5	0.082
14	5	0.101
15	5	0.120
16	5	0.139
17	5	0.158
18	5	0.027
19	5	0.046
20	5	0.065
21	5	0.084
22	5	0.103
23	5	0.122
24	5	0.141
25	5	0.160
26	5	0.029
27	5	0.048
28	5	0.067
29	5	0.086
30	5	0.105
31	5	0.124
40	5	0.000
1	6	0.000
2	6	0.046
3	6	0.065
4	6	0.084
5	6	0.103
6	6	0.122
7	6	0.141
8	6	0.160
9	6	0.029
10	6	0.048
11	6	0.067
12	6	0.086
13	6	0.105
14	6	0.124
15	6	0.143
16	6	0.162
17	6	0.031
18	6	0.050
19	6	0.069
20	6	0.088
21	6	0.107
22	6	0.126
23	6	0.145
24	6	0.164
25	6	0.033
26	6	0.052
27	6	0.071
28	6	0.090
29	6	0.109
30	6	0.128
31	6	0.147
40	6	0.000
1	7	0.000
2	7	0.069
3	7	0.088
4	7	0.107
5	7	0.126
6	7	0.145
7	7	0.164
8	7	0.033
9	7	0.052
10	7	0.071
11	7	0.090
12	7	0.109
13	7	0.128
14	7	0.147
15	7	0.166
16	7	0.035
17	7	0.054
18	7	0.073
19	7	0.092
20	7	0.111
21	7	0.130
22	7	0.149
23	7	0.168
24	7	0.037
25	7	0.056
26	7	0.075
27	7	0.094
28	7	0.113
29	7	0.132
30	7	0.151
31	7	0.020
40	7	0.000
1	8	0.000
2	8	0.092
3	8	0.111
4	8	0.130
5	8	0.149
6	8	0.168
7	8	0.037
8	8	0.056
9	8	0.075
10	8	0.094
11	8	0.113
12	8	0.132
13	8	0.151
14	8	0.020
15	8	0.039
16	8	0.058
17	8	0.077
18	8	0.096
19	8	0.115
20	8	0.134
21	8	0.153
22	8	0.022
23	8	0.041
24	8	0.060
25	8	0.079
26	8	0.098
27	8	0.117
28	8	0.136
29	8	0.155
30	8	0.024
31	8	0.043
40	8	0.000
1	9	0.000
2	9	0.115
3	9	0.134
4	9	0.153
5	9	0.022
6	9	0.041
7	9	0.060
8	9	0.079
9	9	0.098
10	9	0.117
11	9	0.136
12	9	0.155
13	9	0.024
14	9	0.043
15	9	0.062
16	9	0.081
17	9	0.100
18	9	0.119
19	9	0.138
20	9	0.157
21	9	0.026
22	9	0.045
23	9	0.064
24	9	0.083
25	9	0.102
26	9	0.121
27	9	0.140
28	9	0.159
29	9	0.028
30	9	0.047
31	9	0.066
40	9	0.000
1	10	0.000
2	10	0.138
3	10	0.157
4	10	0.026
5	10	0.045
6	10	0.064
7	10	0.083
8	10	0.102
9	10	0.121
10	10	0.140
11	10	0.159
12	10	0.028
13	10	0.047
14	10	0.066
15	10	0.085
16	10	0.104
17	10	0.123
18	10	0.142
19	10	0.161
20	10	0.030
21	10	0.049
22	10	0.068
23	10	0.087
24	10	0.106
25	10	0.125
26	10	0.144
27	10	0.163
28	10	0.032
29	10	0.051
30	10	0.070
31	10	0.089
40	10	0.000
;

param T :=	# periodo 33 8:00
[*,*,1]:	1	2	3	4	5	6	7	8	9	10	11	12	13	14	15	16	17	18	19	20	21	22	23	24	25	26	27	28	29	30	31	40:=
1	0.000	0.099	0.133	0.018	0.171	0.080	0.070	0.134	0.032	0.142	0.100	0.041	0.133	0.072	0.096	0.168	0.038	0.121	0.103	0.060	0.166	0.053	0.103	0.123	0.020	0.153	0.095	0.076	0.136	0.023	0.127	0.000
2	0.096	0.000	0.128	0.094	0.074	0.092	0.031	0.099	0.118	0.035	0.092	0.056	0.072	0.136	0.026	0.134	0.074	0.037	0.135	0.055	0.103	0.090	0.018	0.122	0.087	0.078	0.144	0.025	0.096	0.113	0.036	0.089
3	0.140	0.124	0.000	0.135	0.120	0.061	0.131	0.039	0.115	0.128	0.043	0.123	0.072	0.088	0.143	0.027	0.106	0.098	0.049	0.146	0.054	0.090	0.118	0.018	0.139	0.099	0.091	0.123	0.032	0.121	0.118	0.068
4	0.018	0.089	0.147	0.000	0.160	0.081	0.060	0.144	0.044	0.130	0.099	0.034	0.126	0.086	0.095	0.165	0.038	0.112	0.117	0.054	0.160	0.056	0.093	0.121	0.018	0.161	0.100	0.067	0.132	0.034	0.130	0.149
5	0.169	0.075	0.113	0.155	0.000	0.128	0.107	0.075	0.165	0.049	0.115	0.129	0.045	0.166	0.092	0.105	0.136	0.044	0.146	0.126	0.061	0.143	0.070	0.117	0.151	0.018	0.167	0.099	0.085	0.166	0.040	0.051
6	0.077	0.092	0.062	0.085	0.125	0.000	0.084	0.065	0.063	0.123	0.020	0.067	0.078	0.047	0.118	0.085	0.046	0.085	0.034	0.106	0.094	0.028	0.088	0.043	0.089	0.119	0.054	0.079	0.063	0.061	0.114	0.091
7	0.072	0.033	0.130	0.061	0.101	0.091	0.000	0.110	0.089	0.065	0.088	0.032	0.092	0.115	0.033	0.141	0.057	0.067	0.124	0.024	0.119	0.071	0.039	0.122	0.053	0.104	0.125	0.018	0.116	0.083	0.067	0.119
8	0.135	0.092	0.038	0.143	0.076	0.068	0.107	0.000	0.133	0.102	0.048	0.109	0.032	0.104	0.126	0.042	0.099	0.060	0.075	0.139	0.025	0.092	0.085	0.041	0.128	0.066	0.115	0.098	0.018	0.123	0.089	0.029
9	0.035	0.119	0.120	0.042	0.164	0.058	0.094	0.129	0.000	0.146	0.078	0.063	0.136	0.043	0.122	0.140	0.038	0.132	0.080	0.090	0.147	0.034	0.121	0.108	0.052	0.162	0.057	0.086	0.129	0.018	0.143	0.156
10	0.135	0.035	0.130	0.135	0.052	0.122	0.066	0.096	0.142	0.000	0.116	0.094	0.066	0.155	0.049	0.145	0.110	0.038	0.147	0.082	0.103	0.125	0.034	0.129	0.115	0.061	0.178	0.061	0.106	0.139	0.018	0.086
11	0.092	0.098	0.042	0.100	0.107	0.020	0.097	0.049	0.082	0.113	0.000	0.076	0.068	0.063	0.117	0.064	0.059	0.081	0.040	0.112	0.071	0.045	0.083	0.030	0.102	0.100	0.066	0.080	0.046	0.086	0.103	0.079
12	0.041	0.058	0.117	0.034	0.130	0.070	0.030	0.107	0.058	0.099	0.083	0.000	0.099	0.085	0.060	0.148	0.027	0.082	0.101	0.033	0.135	0.051	0.062	0.108	0.027	0.117	0.109	0.034	0.111	0.051	0.088	0.123
13	0.129	0.072	0.074	0.134	0.044	0.079	0.086	0.034	0.135	0.067	0.064	0.096	0.000	0.129	0.096	0.073	0.095	0.030	0.106	0.117	0.035	0.096	0.057	0.075	0.131	0.035	0.131	0.077	0.039	0.136	0.054	0.024
14	0.076	0.132	0.088	0.080	0.176	0.046	0.116	0.109	0.041	0.153	0.065	0.090	0.126	0.000	0.141	0.121	0.063	0.132	0.041	0.118	0.127	0.042	0.131	0.076	0.088	0.154	0.018	0.115	0.106	0.051	0.147	0.139
15	0.098	0.025	0.155	0.095	0.095	0.113	0.032	0.127	0.127	0.047	0.115	0.062	0.090	0.153	0.000	0.162	0.085	0.062	0.158	0.045	0.131	0.105	0.034	0.134	0.086	0.101	0.162	0.035	0.122	0.121	0.055	0.114
16	0.167	0.137	0.026	0.160	0.105	0.087	0.149	0.042	0.141	0.135	0.068	0.146	0.074	0.114	0.157	0.000	0.131	0.105	0.075	0.165	0.046	0.117	0.131	0.040	0.163	0.095	0.106	0.141	0.036	0.148	0.124	0.061
17	0.037	0.073	0.108	0.040	0.132	0.046	0.052	0.094	0.041	0.112	0.061	0.026	0.094	0.065	0.089	0.127	0.000	0.085	0.075	0.063	0.123	0.023	0.074	0.086	0.041	0.131	0.079	0.052	0.096	0.033	0.108	0.115
18	0.126	0.040	0.097	0.115	0.041	0.092	0.067	0.062	0.125	0.037	0.074	0.085	0.032	0.130	0.063	0.099	0.093	0.000	0.117	0.089	0.064	0.091	0.031	0.095	0.110	0.041	0.135	0.057	0.071	0.124	0.025	0.057
19	0.104	0.126	0.047	0.116	0.149	0.036	0.120	0.075	0.082	0.157	0.039	0.102	0.099	0.040	0.156	0.076	0.078	0.114	0.000	0.144	0.104	0.057	0.123	0.037	0.110	0.142	0.038	0.116	0.070	0.082	0.147	0.105
20	0.065	0.056	0.152	0.052	0.125	0.097	0.026	0.135	0.090	0.085	0.107	0.036	0.118	0.123	0.043	0.164	0.058	0.093	0.140	0.000	0.144	0.081	0.064	0.143	0.043	0.129	0.135	0.034	0.141	0.082	0.089	0.145
21	0.158	0.101	0.055	0.166	0.065	0.093	0.122	0.023	0.143	0.103	0.074	0.128	0.034	0.128	0.136	0.049	0.122	0.065	0.098	0.140	0.000	0.117	0.094	0.063	0.149	0.054	0.140	0.113	0.029	0.146	0.081	0.018
22	0.049	0.096	0.088	0.056	0.134	0.026	0.078	0.094	0.036	0.122	0.045	0.047	0.102	0.041	0.106	0.109	0.022	0.100	0.058	0.085	0.114	0.000	0.085	0.076	0.061	0.130	0.055	0.068	0.094	0.038	0.116	0.121
23	0.103	0.018	0.112	0.092	0.070	0.092	0.038	0.084	0.110	0.036	0.090	0.062	0.059	0.125	0.034	0.132	0.077	0.030	0.121	0.059	0.099	0.092	0.000	0.108	0.085	0.066	0.147	0.029	0.092	0.107	0.029	0.084
24	0.119	0.122	0.018	0.129	0.114	0.044	0.113	0.044	0.106	0.131	0.028	0.104	0.075	0.079	0.142	0.040	0.087	0.088	0.040	0.142	0.064	0.071	0.104	0.000	0.132	0.106	0.074	0.107	0.033	0.113	0.120	0.068
25	0.021	0.084	0.139	0.018	0.161	0.087	0.053	0.134	0.050	0.114	0.104	0.029	0.128	0.088	0.080	0.172	0.040	0.111	0.114	0.041	0.147	0.062	0.090	0.128	0.000	0.145	0.113	0.061	0.137	0.041	0.115	0.152
26	0.156	0.073	0.107	0.161	0.018	0.113	0.102	0.066	0.169	0.059	0.099	0.120	0.033	0.167	0.101	0.098	0.124	0.040	0.143	0.134	0.052	0.129	0.067	0.099	0.158	0.000	0.167	0.094	0.068	0.169	0.048	0.037
27	0.094	0.147	0.086	0.097	0.167	0.055	0.133	0.113	0.058	0.166	0.071	0.108	0.134	0.018	0.157	0.106	0.081	0.143	0.037	0.136	0.131	0.058	0.146	0.076	0.106	0.162	0.000	0.131	0.109	0.069	0.160	0.144
28	0.073	0.025	0.126	0.070	0.096	0.079	0.018	0.093	0.095	0.062	0.084	0.033	0.076	0.117	0.037	0.137	0.052	0.053	0.110	0.037	0.114	0.071	0.028	0.106	0.062	0.099	0.128	0.000	0.099	0.080	0.062	0.101
29	0.142	0.103	0.031	0.135	0.080	0.068	0.116	0.018	0.123	0.104	0.042	0.116	0.042	0.105	0.124	0.034	0.104	0.071	0.072	0.134	0.029	0.085	0.095	0.036	0.136	0.070	0.103	0.107	0.000	0.128	0.092	0.038
30	0.023	0.106	0.117	0.034	0.169	0.064	0.081	0.123	0.018	0.147	0.085	0.051	0.127	0.049	0.120	0.151	0.035	0.121	0.082	0.085	0.155	0.037	0.108	0.105	0.039	0.168	0.070	0.084	0.124	0.000	0.145	0.147
31	0.139	0.036	0.122	0.125	0.040	0.104	0.070	0.087	0.143	0.018	0.098	0.096	0.054	0.153	0.053	0.122	0.098	0.026	0.143	0.089	0.083	0.110	0.032	0.121	0.120	0.046	0.158	0.056	0.096	0.141	0.000	0.076
40	0.162	0.095	0.067	0.152	0.048	0.099	0.119	0.030	0.149	0.085	0.072	0.128	0.026	0.138	0.117	0.058	0.125	0.057	0.109	0.138	0.018	0.109	0.088	0.073	0.151	0.037	0.136	0.109	0.038	0.152	0.072	0.000

[*,*,2]:	1	2	3	4	5	6	7	8	9	10	11	12	13	14	15	16	17	18	19	20	21	22	23	24	25	26	27	28	29	30	31	40:=
1	0.000	0.106	0.143	0.018	0.164	0.086	0.075	0.144	0.034	0.137	0.107	0.044	0.143	0.078	0.104	0.162	0.041	0.130	0.111	0.064	0.160	0.057	0.111	0.132	0.021	0.165	0.092	0.081	0.147	0.025	0.136	0.000
2	0.103	0.000	0.137	0.101	0.079	0.100	0.033	0.095	0.126	0.038	0.099	0.061	0.070	0.146	0.028	0.144	0.079	0.040	0.130	0.059	0.111	0.097	0.018	0.118	0.093	0.084	0.155	0.027	0.103	0.109	0.039	0.096
3	0.151	0.133	0.000	0.146	0.116	0.065	0.141	0.042	0.124	0.138	0.041	0.133	0.077	0.094	0.154	0.026	0.114	0.105	0.053	0.157	0.059	0.087	0.127	0.018	0.149	0.106	0.088	0.132	0.034	0.131	0.127	0.073
4	0.018	0.095	0.141	0.000	0.172	0.087	0.064	0.139	0.047	0.140	0.106	0.037	0.135	0.083	0.102	0.177	0.041	0.121	0.113	0.059	0.172	0.060	0.101	0.130	0.018	0.173	0.108	0.072	0.142	0.033	0.140	0.160
5	0.182	0.081	0.122	0.167	0.000	0.124	0.115	0.080	0.178	0.052	0.111	0.138	0.049	0.179	0.099	0.113	0.131	0.047	0.158	0.136	0.065	0.138	0.075	0.126	0.163	0.018	0.180	0.096	0.091	0.178	0.043	0.055
6	0.083	0.099	0.060	0.092	0.134	0.000	0.091	0.069	0.061	0.132	0.022	0.073	0.084	0.045	0.127	0.091	0.049	0.091	0.037	0.102	0.101	0.030	0.095	0.047	0.086	0.128	0.058	0.085	0.067	0.065	0.110	0.098
7	0.070	0.035	0.139	0.066	0.109	0.088	0.000	0.118	0.096	0.070	0.095	0.030	0.099	0.123	0.035	0.151	0.054	0.072	0.133	0.026	0.128	0.076	0.038	0.131	0.057	0.112	0.135	0.018	0.125	0.089	0.072	0.128
8	0.146	0.099	0.040	0.138	0.082	0.073	0.115	0.000	0.128	0.110	0.052	0.117	0.035	0.112	0.121	0.046	0.107	0.065	0.081	0.134	0.027	0.099	0.091	0.044	0.138	0.063	0.124	0.105	0.018	0.132	0.086	0.031
9	0.034	0.128	0.129	0.046	0.176	0.062	0.090	0.139	0.000	0.157	0.084	0.061	0.146	0.046	0.131	0.150	0.041	0.127	0.086	0.097	0.158	0.037	0.116	0.116	0.056	0.174	0.062	0.093	0.125	0.018	0.154	0.151
10	0.145	0.037	0.140	0.130	0.056	0.131	0.071	0.104	0.152	0.000	0.125	0.101	0.071	0.166	0.047	0.156	0.119	0.041	0.159	0.089	0.100	0.135	0.037	0.138	0.124	0.059	0.192	0.066	0.114	0.149	0.018	0.093
11	0.099	0.094	0.045	0.107	0.115	0.021	0.094	0.053	0.088	0.121	0.000	0.082	0.065	0.068	0.125	0.069	0.063	0.078	0.043	0.121	0.077	0.049	0.089	0.029	0.110	0.108	0.071	0.087	0.045	0.093	0.111	0.076
12	0.044	0.063	0.126	0.036	0.125	0.076	0.033	0.116	0.062	0.095	0.089	0.000	0.106	0.092	0.065	0.142	0.029	0.088	0.109	0.036	0.130	0.055	0.066	0.116	0.030	0.126	0.105	0.037	0.120	0.055	0.094	0.133
13	0.139	0.070	0.079	0.144	0.048	0.085	0.092	0.033	0.145	0.072	0.069	0.103	0.000	0.139	0.103	0.078	0.102	0.032	0.102	0.126	0.037	0.103	0.062	0.072	0.141	0.038	0.141	0.082	0.042	0.131	0.058	0.026
14	0.082	0.142	0.094	0.086	0.170	0.049	0.125	0.117	0.045	0.165	0.062	0.097	0.135	0.000	0.152	0.117	0.068	0.142	0.045	0.127	0.137	0.040	0.141	0.082	0.095	0.165	0.018	0.123	0.114	0.055	0.158	0.149
15	0.106	0.027	0.149	0.102	0.102	0.121	0.034	0.122	0.137	0.051	0.124	0.066	0.097	0.147	0.000	0.174	0.091	0.066	0.152	0.048	0.141	0.113	0.037	0.144	0.083	0.109	0.174	0.037	0.131	0.117	0.060	0.123
16	0.179	0.147	0.028	0.172	0.113	0.084	0.161	0.045	0.152	0.145	0.066	0.157	0.080	0.123	0.169	0.000	0.126	0.113	0.081	0.178	0.049	0.113	0.140	0.043	0.175	0.103	0.115	0.136	0.038	0.159	0.133	0.066
17	0.039	0.078	0.104	0.043	0.142	0.049	0.056	0.102	0.040	0.120	0.066	0.028	0.101	0.062	0.096	0.137	0.000	0.092	0.080	0.061	0.133	0.025	0.079	0.092	0.039	0.140	0.085	0.056	0.104	0.036	0.104	0.124
18	0.121	0.043	0.104	0.123	0.045	0.088	0.072	0.067	0.135	0.040	0.079	0.082	0.034	0.140	0.068	0.106	0.089	0.000	0.126	0.095	0.068	0.098	0.030	0.102	0.118	0.044	0.145	0.055	0.076	0.134	0.027	0.061
19	0.112	0.135	0.051	0.112	0.161	0.038	0.129	0.081	0.079	0.168	0.042	0.110	0.106	0.043	0.151	0.082	0.084	0.122	0.000	0.139	0.112	0.061	0.132	0.040	0.118	0.137	0.041	0.125	0.075	0.088	0.142	0.113
20	0.063	0.060	0.163	0.056	0.134	0.104	0.025	0.145	0.097	0.091	0.115	0.035	0.127	0.132	0.046	0.176	0.062	0.090	0.150	0.000	0.155	0.087	0.062	0.154	0.046	0.139	0.145	0.037	0.136	0.088	0.096	0.140
21	0.170	0.109	0.059	0.160	0.070	0.100	0.131	0.025	0.154	0.100	0.079	0.138	0.036	0.138	0.131	0.053	0.131	0.070	0.105	0.151	0.000	0.126	0.101	0.067	0.160	0.052	0.151	0.121	0.031	0.158	0.087	0.018
22	0.052	0.092	0.095	0.060	0.144	0.029	0.076	0.101	0.038	0.131	0.049	0.051	0.098	0.044	0.115	0.118	0.024	0.097	0.062	0.091	0.122	0.000	0.091	0.073	0.065	0.140	0.059	0.074	0.091	0.041	0.125	0.117
23	0.111	0.018	0.121	0.099	0.068	0.099	0.041	0.090	0.119	0.034	0.096	0.066	0.063	0.134	0.036	0.127	0.083	0.032	0.130	0.063	0.095	0.099	0.000	0.116	0.092	0.071	0.142	0.032	0.099	0.115	0.031	0.091
24	0.128	0.118	0.018	0.139	0.123	0.047	0.122	0.043	0.114	0.141	0.030	0.112	0.072	0.084	0.153	0.042	0.093	0.095	0.038	0.152	0.069	0.077	0.112	0.000	0.142	0.114	0.080	0.115	0.036	0.109	0.129	0.073
25	0.022	0.091	0.149	0.018	0.155	0.094	0.057	0.144	0.054	0.122	0.100	0.031	0.137	0.095	0.086	0.166	0.043	0.120	0.123	0.044	0.158	0.059	0.097	0.138	0.000	0.157	0.108	0.066	0.148	0.044	0.124	0.164
26	0.168	0.079	0.103	0.173	0.018	0.122	0.110	0.064	0.181	0.063	0.107	0.129	0.036	0.160	0.109	0.106	0.134	0.043	0.138	0.144	0.055	0.139	0.072	0.107	0.152	0.000	0.180	0.101	0.074	0.163	0.051	0.039
27	0.101	0.158	0.092	0.105	0.180	0.053	0.143	0.121	0.062	0.179	0.068	0.116	0.144	0.018	0.169	0.115	0.078	0.154	0.040	0.146	0.141	0.056	0.157	0.081	0.114	0.175	0.000	0.127	0.117	0.074	0.172	0.155
28	0.078	0.026	0.121	0.075	0.104	0.085	0.018	0.100	0.091	0.067	0.090	0.035	0.081	0.113	0.039	0.147	0.056	0.057	0.118	0.036	0.122	0.077	0.030	0.114	0.060	0.106	0.137	0.000	0.106	0.086	0.059	0.108
29	0.137	0.110	0.034	0.145	0.086	0.065	0.125	0.018	0.133	0.112	0.045	0.112	0.045	0.113	0.134	0.036	0.100	0.076	0.078	0.145	0.031	0.092	0.092	0.038	0.146	0.075	0.110	0.103	0.000	0.137	0.099	0.041
30	0.025	0.114	0.125	0.033	0.182	0.069	0.087	0.132	0.018	0.158	0.091	0.055	0.137	0.053	0.116	0.162	0.038	0.130	0.088	0.082	0.167	0.040	0.116	0.113	0.042	0.161	0.075	0.090	0.133	0.000	0.140	0.158
31	0.134	0.039	0.132	0.135	0.043	0.112	0.068	0.093	0.154	0.018	0.105	0.092	0.058	0.165	0.057	0.132	0.106	0.025	0.154	0.096	0.090	0.119	0.031	0.130	0.129	0.049	0.170	0.060	0.093	0.151	0.000	0.073
40	0.156	0.103	0.072	0.163	0.052	0.095	0.128	0.032	0.160	0.091	0.077	0.123	0.028	0.148	0.126	0.062	0.120	0.061	0.117	0.149	0.018	0.118	0.084	0.079	0.162	0.040	0.146	0.105	0.041	0.163	0.078	0.000

[*,*,3]:	1	2	3	4	5	6	7	8	9	10	11	12	13	14	15	16	17	18	19	20	21	22	23	24	25	26	27	28	29	30	31	40:=
1	0.000	0.112	0.151	0.018	0.173	0.081	0.079	0.152	0.036	0.144	0.101	0.047	0.150	0.082	0.109	0.170	0.039	0.137	0.117	0.068	0.169	0.053	0.116	0.139	0.022	0.173	0.097	0.077	0.154	0.026	0.144	0.000
2	0.108	0.000	0.129	0.107	0.084	0.105	0.035	0.100	0.119	0.040	0.104	0.064	0.073	0.137	0.030	0.152	0.083	0.042	0.137	0.056	0.117	0.102	0.018	0.124	0.088	0.088	0.163	0.028	0.108	0.115	0.036	0.101
3	0.142	0.140	0.000	0.153	0.122	0.062	0.148	0.044	0.130	0.145	0.044	0.125	0.081	0.099	0.162	0.028	0.107	0.110	0.056	0.165	0.062	0.091	0.119	0.018	0.157	0.112	0.092	0.125	0.036	0.137	0.133	0.077
4	0.018	0.100	0.149	0.000	0.181	0.092	0.068	0.147	0.045	0.147	0.112	0.039	0.142	0.088	0.096	0.186	0.043	0.127	0.119	0.055	0.181	0.063	0.106	0.137	0.018	0.163	0.113	0.075	0.150	0.035	0.132	0.168
5	0.171	0.085	0.128	0.176	0.000	0.130	0.109	0.084	0.187	0.055	0.116	0.130	0.051	0.188	0.104	0.119	0.138	0.045	0.166	0.143	0.069	0.145	0.071	0.132	0.171	0.018	0.189	0.101	0.086	0.187	0.045	0.052
6	0.087	0.104	0.063	0.087	0.141	0.000	0.096	0.073	0.064	0.125	0.023	0.076	0.088	0.048	0.120	0.096	0.051	0.096	0.038	0.108	0.095	0.031	0.100	0.049	0.090	0.121	0.061	0.090	0.071	0.069	0.116	0.103
7	0.073	0.033	0.147	0.069	0.114	0.093	0.000	0.124	0.101	0.074	0.100	0.032	0.093	0.130	0.037	0.159	0.057	0.068	0.140	0.028	0.135	0.080	0.040	0.123	0.060	0.118	0.142	0.018	0.118	0.094	0.076	0.120
8	0.153	0.104	0.043	0.145	0.077	0.077	0.121	0.000	0.135	0.104	0.055	0.123	0.036	0.118	0.128	0.043	0.112	0.068	0.085	0.141	0.025	0.105	0.096	0.047	0.145	0.067	0.116	0.111	0.018	0.139	0.091	0.033
9	0.036	0.120	0.135	0.048	0.185	0.065	0.095	0.131	0.000	0.165	0.088	0.064	0.138	0.049	0.138	0.158	0.043	0.134	0.081	0.102	0.167	0.038	0.122	0.109	0.059	0.183	0.065	0.098	0.131	0.018	0.162	0.159
10	0.153	0.039	0.147	0.137	0.053	0.138	0.075	0.109	0.160	0.000	0.118	0.106	0.075	0.175	0.050	0.147	0.125	0.043	0.167	0.093	0.105	0.127	0.038	0.145	0.130	0.062	0.181	0.069	0.120	0.157	0.018	0.098
11	0.104	0.099	0.043	0.113	0.121	0.022	0.099	0.050	0.092	0.128	0.000	0.086	0.069	0.064	0.132	0.072	0.067	0.083	0.040	0.127	0.081	0.051	0.094	0.030	0.104	0.113	0.075	0.091	0.047	0.087	0.116	0.080
12	0.047	0.066	0.133	0.038	0.132	0.071	0.034	0.122	0.065	0.100	0.084	0.000	0.112	0.097	0.068	0.150	0.027	0.093	0.115	0.037	0.137	0.052	0.070	0.122	0.031	0.133	0.110	0.034	0.126	0.058	0.099	0.139
13	0.146	0.073	0.075	0.151	0.050	0.089	0.097	0.035	0.137	0.076	0.072	0.108	0.000	0.131	0.108	0.082	0.107	0.034	0.107	0.119	0.039	0.108	0.065	0.076	0.133	0.040	0.148	0.087	0.044	0.138	0.054	0.027
14	0.077	0.149	0.099	0.090	0.179	0.047	0.131	0.123	0.047	0.173	0.066	0.091	0.142	0.000	0.159	0.123	0.064	0.149	0.047	0.134	0.144	0.042	0.133	0.086	0.100	0.174	0.018	0.116	0.120	0.058	0.167	0.157
15	0.111	0.028	0.157	0.096	0.107	0.128	0.036	0.129	0.129	0.053	0.130	0.070	0.102	0.155	0.000	0.183	0.096	0.070	0.160	0.045	0.148	0.119	0.039	0.151	0.087	0.103	0.183	0.039	0.138	0.123	0.056	0.130
16	0.169	0.155	0.029	0.181	0.119	0.089	0.151	0.047	0.160	0.153	0.069	0.148	0.084	0.129	0.177	0.000	0.133	0.106	0.085	0.187	0.052	0.119	0.132	0.046	0.184	0.108	0.121	0.143	0.036	0.167	0.140	0.062
17	0.042	0.083	0.109	0.040	0.149	0.051	0.059	0.107	0.042	0.113	0.069	0.030	0.106	0.066	0.090	0.144	0.000	0.097	0.084	0.064	0.125	0.026	0.083	0.097	0.041	0.132	0.089	0.059	0.109	0.038	0.109	0.130
18	0.127	0.040	0.109	0.130	0.047	0.093	0.068	0.070	0.142	0.042	0.083	0.086	0.032	0.147	0.071	0.112	0.094	0.000	0.132	0.100	0.072	0.103	0.032	0.096	0.125	0.046	0.153	0.058	0.072	0.140	0.028	0.057
19	0.118	0.142	0.053	0.118	0.151	0.040	0.136	0.085	0.084	0.159	0.044	0.116	0.112	0.045	0.159	0.077	0.089	0.129	0.000	0.146	0.105	0.064	0.139	0.042	0.124	0.144	0.038	0.131	0.079	0.093	0.149	0.119
20	0.066	0.057	0.171	0.059	0.141	0.110	0.026	0.137	0.102	0.096	0.121	0.037	0.120	0.139	0.049	0.185	0.066	0.094	0.142	0.000	0.163	0.091	0.065	0.145	0.048	0.146	0.152	0.039	0.143	0.083	0.101	0.147
21	0.179	0.115	0.062	0.169	0.066	0.105	0.138	0.026	0.162	0.105	0.074	0.145	0.038	0.145	0.138	0.050	0.138	0.073	0.111	0.158	0.000	0.119	0.106	0.071	0.168	0.054	0.142	0.127	0.033	0.166	0.092	0.018
22	0.055	0.097	0.089	0.064	0.151	0.030	0.080	0.096	0.040	0.137	0.051	0.053	0.103	0.042	0.120	0.124	0.025	0.102	0.059	0.096	0.129	0.000	0.096	0.077	0.061	0.147	0.062	0.077	0.095	0.038	0.131	0.123
23	0.116	0.018	0.127	0.104	0.071	0.093	0.043	0.095	0.125	0.036	0.091	0.070	0.067	0.141	0.038	0.134	0.078	0.034	0.137	0.066	0.100	0.093	0.000	0.122	0.097	0.075	0.149	0.030	0.104	0.121	0.033	0.095
24	0.135	0.124	0.018	0.146	0.129	0.050	0.129	0.045	0.108	0.148	0.032	0.118	0.076	0.080	0.161	0.045	0.098	0.100	0.040	0.144	0.072	0.081	0.118	0.000	0.134	0.119	0.084	0.121	0.038	0.115	0.122	0.077
25	0.021	0.095	0.157	0.018	0.163	0.088	0.060	0.151	0.057	0.129	0.106	0.029	0.144	0.100	0.090	0.175	0.041	0.126	0.129	0.046	0.167	0.063	0.091	0.145	0.000	0.165	0.114	0.062	0.155	0.046	0.130	0.172
26	0.177	0.083	0.108	0.163	0.018	0.128	0.116	0.067	0.171	0.066	0.112	0.135	0.038	0.169	0.103	0.111	0.141	0.045	0.146	0.136	0.058	0.146	0.076	0.113	0.160	0.000	0.189	0.106	0.078	0.172	0.048	0.041
27	0.096	0.166	0.097	0.110	0.189	0.056	0.135	0.127	0.066	0.188	0.072	0.109	0.151	0.019	0.178	0.121	0.082	0.145	0.042	0.154	0.148	0.059	0.148	0.086	0.120	0.184	0.000	0.133	0.110	0.078	0.181	0.146
28	0.082	0.028	0.127	0.071	0.109	0.090	0.018	0.105	0.096	0.063	0.095	0.037	0.086	0.119	0.037	0.155	0.059	0.060	0.125	0.038	0.115	0.080	0.032	0.120	0.063	0.100	0.144	0.000	0.112	0.090	0.062	0.114
29	0.144	0.104	0.035	0.153	0.090	0.069	0.118	0.018	0.139	0.117	0.048	0.117	0.042	0.119	0.140	0.038	0.106	0.072	0.082	0.152	0.032	0.096	0.097	0.036	0.154	0.079	0.116	0.109	0.000	0.144	0.104	0.039
30	0.026	0.119	0.132	0.034	0.171	0.072	0.091	0.139	0.018	0.149	0.095	0.058	0.144	0.056	0.122	0.153	0.039	0.136	0.093	0.086	0.157	0.042	0.122	0.119	0.045	0.170	0.071	0.095	0.140	0.000	0.147	0.167
31	0.141	0.037	0.138	0.142	0.045	0.118	0.071	0.088	0.162	0.018	0.111	0.097	0.055	0.173	0.060	0.139	0.111	0.026	0.145	0.101	0.094	0.125	0.032	0.123	0.135	0.052	0.179	0.064	0.098	0.143	0.000	0.077
40	0.164	0.097	0.076	0.172	0.055	0.100	0.120	0.034	0.168	0.096	0.081	0.130	0.026	0.156	0.132	0.065	0.126	0.057	0.123	0.156	0.018	0.124	0.089	0.074	0.170	0.042	0.154	0.111	0.039	0.171	0.082	0.000

[*,*,4]:	1	2	3	4	5	6	7	8	9	10	11	12	13	14	15	16	17	18	19	20	21	22	23	24	25	26	27	28	29	30	31	40:=
1	0.000	0.121	0.163	0.018	0.187	0.088	0.076	0.164	0.039	0.155	0.109	0.045	0.162	0.089	0.118	0.184	0.042	0.132	0.126	0.073	0.182	0.058	0.113	0.150	0.024	0.188	0.105	0.083	0.149	0.028	0.155	0.000
2	0.117	0.000	0.140	0.103	0.090	0.113	0.038	0.108	0.129	0.039	0.112	0.069	0.079	0.149	0.029	0.164	0.090	0.045	0.148	0.061	0.113	0.110	0.018	0.134	0.095	0.085	0.176	0.030	0.117	0.124	0.039	0.109
3	0.154	0.136	0.000	0.166	0.132	0.067	0.143	0.048	0.141	0.157	0.047	0.135	0.078	0.107	0.175	0.030	0.116	0.107	0.060	0.178	0.067	0.099	0.129	0.018	0.170	0.121	0.100	0.135	0.035	0.148	0.144	0.074
4	0.018	0.109	0.161	0.000	0.175	0.099	0.073	0.159	0.048	0.142	0.121	0.042	0.154	0.095	0.104	0.180	0.046	0.137	0.128	0.060	0.175	0.068	0.114	0.148	0.018	0.177	0.110	0.081	0.162	0.038	0.143	0.182
5	0.185	0.083	0.138	0.190	0.000	0.141	0.118	0.082	0.202	0.060	0.126	0.141	0.049	0.203	0.112	0.129	0.149	0.048	0.160	0.154	0.074	0.157	0.076	0.128	0.185	0.018	0.205	0.109	0.093	0.181	0.049	0.056
6	0.094	0.112	0.068	0.094	0.137	0.000	0.103	0.079	0.069	0.135	0.022	0.083	0.095	0.051	0.130	0.093	0.056	0.104	0.042	0.116	0.103	0.030	0.108	0.053	0.098	0.130	0.059	0.097	0.077	0.074	0.125	0.112
7	0.079	0.036	0.142	0.075	0.124	0.100	0.000	0.121	0.109	0.080	0.108	0.035	0.101	0.126	0.040	0.172	0.062	0.074	0.136	0.030	0.146	0.087	0.043	0.133	0.058	0.127	0.153	0.018	0.127	0.091	0.082	0.130
8	0.166	0.113	0.046	0.157	0.083	0.074	0.131	0.000	0.146	0.112	0.053	0.133	0.039	0.128	0.138	0.046	0.109	0.074	0.092	0.152	0.027	0.101	0.104	0.050	0.157	0.072	0.126	0.107	0.018	0.150	0.098	0.035
9	0.038	0.130	0.131	0.052	0.200	0.071	0.103	0.142	0.000	0.179	0.095	0.069	0.149	0.047	0.149	0.171	0.046	0.145	0.088	0.098	0.180	0.042	0.132	0.118	0.057	0.198	0.070	0.106	0.142	0.018	0.157	0.172
10	0.148	0.042	0.159	0.148	0.057	0.133	0.081	0.118	0.173	0.000	0.127	0.103	0.081	0.189	0.054	0.159	0.121	0.047	0.180	0.101	0.114	0.137	0.037	0.157	0.141	0.067	0.195	0.067	0.129	0.170	0.018	0.106
11	0.113	0.107	0.046	0.109	0.131	0.024	0.107	0.054	0.090	0.138	0.000	0.094	0.074	0.070	0.128	0.078	0.072	0.089	0.043	0.123	0.087	0.056	0.101	0.032	0.112	0.110	0.081	0.099	0.051	0.094	0.113	0.087
12	0.045	0.071	0.144	0.041	0.142	0.077	0.033	0.131	0.071	0.108	0.091	0.000	0.121	0.105	0.074	0.162	0.030	0.090	0.124	0.040	0.148	0.056	0.068	0.132	0.034	0.143	0.119	0.037	0.122	0.062	0.107	0.135
13	0.158	0.079	0.081	0.146	0.054	0.096	0.105	0.038	0.148	0.074	0.078	0.117	0.000	0.142	0.105	0.089	0.116	0.036	0.116	0.128	0.038	0.117	0.070	0.082	0.144	0.039	0.160	0.094	0.048	0.149	0.059	0.029
14	0.083	0.144	0.107	0.098	0.194	0.050	0.127	0.133	0.051	0.187	0.071	0.098	0.138	0.000	0.172	0.133	0.070	0.144	0.051	0.145	0.156	0.046	0.144	0.083	0.108	0.188	0.020	0.126	0.116	0.063	0.180	0.152
15	0.120	0.031	0.170	0.104	0.104	0.138	0.039	0.139	0.139	0.052	0.141	0.075	0.110	0.167	0.000	0.177	0.104	0.076	0.173	0.049	0.143	0.129	0.042	0.164	0.095	0.111	0.177	0.043	0.149	0.133	0.061	0.140
16	0.183	0.150	0.032	0.195	0.129	0.096	0.164	0.045	0.173	0.165	0.075	0.160	0.081	0.140	0.192	0.000	0.144	0.115	0.082	0.202	0.056	0.128	0.143	0.044	0.199	0.117	0.130	0.155	0.039	0.162	0.151	0.067
17	0.045	0.089	0.118	0.044	0.145	0.056	0.064	0.116	0.045	0.122	0.067	0.032	0.115	0.071	0.098	0.139	0.000	0.105	0.091	0.070	0.135	0.025	0.090	0.105	0.045	0.143	0.086	0.063	0.118	0.041	0.118	0.141
18	0.138	0.044	0.106	0.140	0.051	0.101	0.074	0.068	0.153	0.046	0.090	0.093	0.035	0.143	0.077	0.121	0.102	0.000	0.128	0.108	0.078	0.111	0.034	0.104	0.121	0.050	0.165	0.063	0.078	0.136	0.030	0.062
19	0.127	0.154	0.058	0.127	0.164	0.039	0.147	0.092	0.090	0.172	0.043	0.125	0.121	0.049	0.172	0.084	0.086	0.139	0.000	0.158	0.114	0.062	0.150	0.045	0.134	0.156	0.042	0.127	0.086	0.100	0.161	0.129
20	0.072	0.061	0.166	0.064	0.153	0.119	0.028	0.148	0.098	0.104	0.131	0.040	0.130	0.135	0.053	0.200	0.071	0.102	0.153	0.000	0.176	0.099	0.070	0.157	0.047	0.158	0.165	0.042	0.155	0.090	0.098	0.159
21	0.173	0.124	0.067	0.182	0.072	0.102	0.149	0.029	0.175	0.114	0.081	0.140	0.041	0.157	0.149	0.054	0.134	0.079	0.120	0.171	0.000	0.128	0.103	0.077	0.182	0.059	0.154	0.123	0.036	0.179	0.099	0.018
22	0.060	0.105	0.097	0.062	0.163	0.032	0.086	0.103	0.039	0.149	0.056	0.058	0.111	0.045	0.117	0.134	0.027	0.110	0.063	0.093	0.139	0.000	0.104	0.083	0.066	0.142	0.067	0.084	0.103	0.042	0.127	0.133
23	0.113	0.018	0.137	0.112	0.077	0.101	0.041	0.103	0.135	0.039	0.098	0.068	0.072	0.152	0.041	0.145	0.084	0.033	0.148	0.072	0.108	0.101	0.000	0.132	0.104	0.081	0.161	0.032	0.100	0.131	0.036	0.092
24	0.145	0.134	0.018	0.141	0.140	0.054	0.139	0.048	0.117	0.144	0.034	0.128	0.082	0.086	0.156	0.048	0.106	0.108	0.043	0.155	0.070	0.087	0.128	0.000	0.145	0.116	0.091	0.130	0.041	0.124	0.132	0.084
25	0.023	0.092	0.170	0.018	0.176	0.096	0.058	0.163	0.061	0.139	0.114	0.032	0.140	0.108	0.097	0.189	0.044	0.122	0.140	0.050	0.180	0.068	0.098	0.141	0.000	0.178	0.123	0.067	0.150	0.050	0.140	0.167
26	0.191	0.090	0.117	0.177	0.018	0.138	0.125	0.073	0.185	0.064	0.121	0.146	0.041	0.183	0.111	0.108	0.152	0.049	0.157	0.147	0.056	0.157	0.082	0.122	0.173	0.000	0.183	0.115	0.084	0.186	0.052	0.045
27	0.103	0.161	0.105	0.119	0.205	0.061	0.146	0.123	0.071	0.203	0.078	0.118	0.146	0.021	0.192	0.130	0.089	0.157	0.041	0.166	0.160	0.064	0.160	0.083	0.130	0.199	0.000	0.144	0.119	0.075	0.195	0.158
28	0.089	0.030	0.138	0.077	0.106	0.097	0.018	0.114	0.104	0.068	0.092	0.040	0.093	0.128	0.040	0.150	0.063	0.065	0.135	0.041	0.125	0.078	0.035	0.129	0.068	0.108	0.140	0.000	0.121	0.098	0.067	0.123
29	0.156	0.112	0.034	0.165	0.097	0.074	0.127	0.018	0.151	0.127	0.051	0.127	0.046	0.115	0.152	0.041	0.114	0.078	0.079	0.164	0.035	0.104	0.105	0.039	0.149	0.085	0.126	0.117	0.000	0.140	0.112	0.042
30	0.028	0.129	0.143	0.037	0.185	0.070	0.099	0.150	0.018	0.162	0.093	0.063	0.155	0.060	0.132	0.165	0.038	0.147	0.100	0.093	0.170	0.041	0.132	0.129	0.048	0.184	0.077	0.092	0.151	0.000	0.159	0.180
31	0.152	0.040	0.134	0.153	0.049	0.128	0.077	0.095	0.157	0.018	0.120	0.105	0.060	0.168	0.065	0.150	0.120	0.028	0.157	0.098	0.102	0.135	0.035	0.133	0.131	0.056	0.193	0.069	0.106	0.154	0.000	0.083
40	0.178	0.104	0.074	0.186	0.059	0.109	0.130	0.033	0.182	0.104	0.088	0.141	0.028	0.151	0.143	0.071	0.137	0.062	0.119	0.169	0.018	0.134	0.096	0.080	0.165	0.046	0.166	0.120	0.042	0.166	0.088	0.000

[*,*,5]:	1	2	3	4	5	6	7	8	9	10	11	12	13	14	15	16	17	18	19	20	21	22	23	24	25	26	27	28	29	30	31	40:=
1	0.000	0.114	0.173	0.018	0.198	0.093	0.081	0.155	0.041	0.165	0.116	0.048	0.154	0.094	0.125	0.195	0.044	0.140	0.119	0.077	0.193	0.061	0.120	0.142	0.025	0.199	0.111	0.088	0.158	0.026	0.164	0.000
2	0.124	0.000	0.148	0.109	0.086	0.120	0.040	0.115	0.136	0.041	0.107	0.073	0.084	0.157	0.031	0.156	0.095	0.048	0.157	0.064	0.120	0.105	0.018	0.142	0.101	0.091	0.167	0.032	0.124	0.131	0.042	0.115
3	0.163	0.144	0.000	0.175	0.139	0.071	0.152	0.045	0.149	0.166	0.050	0.143	0.083	0.102	0.185	0.032	0.123	0.113	0.057	0.189	0.071	0.105	0.137	0.018	0.161	0.128	0.106	0.143	0.037	0.141	0.152	0.079
4	0.018	0.115	0.170	0.000	0.186	0.094	0.077	0.168	0.051	0.151	0.115	0.044	0.163	0.100	0.110	0.191	0.044	0.145	0.136	0.063	0.185	0.065	0.121	0.157	0.018	0.187	0.116	0.077	0.171	0.040	0.151	0.193
5	0.196	0.087	0.131	0.201	0.000	0.149	0.125	0.087	0.192	0.063	0.133	0.149	0.052	0.193	0.119	0.136	0.158	0.051	0.170	0.146	0.079	0.166	0.081	0.135	0.176	0.018	0.217	0.115	0.098	0.192	0.046	0.060
6	0.089	0.119	0.072	0.099	0.145	0.000	0.109	0.084	0.073	0.143	0.024	0.078	0.101	0.054	0.138	0.098	0.053	0.110	0.044	0.123	0.109	0.032	0.102	0.056	0.103	0.138	0.062	0.092	0.081	0.079	0.133	0.118
7	0.084	0.038	0.150	0.071	0.131	0.106	0.000	0.128	0.104	0.084	0.114	0.037	0.107	0.133	0.038	0.182	0.066	0.078	0.144	0.028	0.154	0.092	0.046	0.141	0.061	0.121	0.162	0.018	0.135	0.096	0.077	0.138
8	0.157	0.119	0.049	0.166	0.088	0.079	0.124	0.000	0.155	0.119	0.056	0.126	0.042	0.135	0.146	0.049	0.115	0.070	0.097	0.161	0.029	0.107	0.098	0.053	0.166	0.076	0.133	0.113	0.018	0.159	0.104	0.034
9	0.041	0.138	0.139	0.049	0.212	0.075	0.109	0.150	0.000	0.169	0.101	0.073	0.158	0.050	0.142	0.181	0.049	0.153	0.093	0.104	0.171	0.044	0.140	0.125	0.060	0.188	0.074	0.112	0.150	0.018	0.166	0.182
10	0.157	0.040	0.168	0.157	0.061	0.141	0.077	0.125	0.184	0.000	0.135	0.109	0.076	0.200	0.057	0.168	0.128	0.044	0.191	0.107	0.120	0.145	0.039	0.149	0.149	0.071	0.207	0.071	0.123	0.180	0.018	0.100
11	0.119	0.113	0.049	0.116	0.124	0.025	0.113	0.057	0.095	0.131	0.000	0.099	0.079	0.074	0.135	0.074	0.076	0.095	0.046	0.130	0.083	0.059	0.107	0.034	0.119	0.116	0.076	0.104	0.054	0.100	0.119	0.092
12	0.048	0.068	0.152	0.044	0.151	0.082	0.035	0.125	0.075	0.115	0.096	0.000	0.114	0.111	0.078	0.171	0.032	0.095	0.117	0.043	0.156	0.059	0.072	0.125	0.036	0.152	0.126	0.039	0.129	0.059	0.114	0.143
13	0.167	0.084	0.086	0.155	0.051	0.102	0.111	0.040	0.157	0.078	0.074	0.124	0.000	0.150	0.111	0.085	0.123	0.038	0.123	0.136	0.040	0.111	0.074	0.087	0.152	0.041	0.152	0.099	0.051	0.158	0.062	0.031
14	0.088	0.153	0.102	0.103	0.205	0.053	0.134	0.126	0.054	0.198	0.075	0.104	0.146	0.000	0.182	0.141	0.074	0.153	0.048	0.153	0.165	0.049	0.152	0.088	0.102	0.199	0.021	0.133	0.123	0.060	0.190	0.161
15	0.127	0.032	0.180	0.110	0.110	0.131	0.041	0.148	0.148	0.055	0.134	0.080	0.117	0.177	0.000	0.187	0.098	0.080	0.183	0.052	0.152	0.122	0.045	0.173	0.100	0.118	0.188	0.040	0.157	0.141	0.064	0.148
16	0.193	0.159	0.030	0.207	0.136	0.102	0.173	0.048	0.164	0.175	0.079	0.170	0.086	0.132	0.203	0.000	0.152	0.122	0.087	0.192	0.059	0.136	0.151	0.047	0.189	0.123	0.138	0.164	0.041	0.172	0.143	0.071
17	0.043	0.094	0.125	0.046	0.153	0.053	0.068	0.122	0.048	0.129	0.071	0.030	0.122	0.075	0.104	0.148	0.000	0.111	0.097	0.074	0.143	0.027	0.086	0.111	0.048	0.152	0.091	0.060	0.125	0.043	0.125	0.149
18	0.146	0.046	0.112	0.133	0.054	0.106	0.078	0.072	0.145	0.049	0.095	0.099	0.037	0.151	0.073	0.128	0.107	0.000	0.136	0.103	0.082	0.118	0.036	0.110	0.128	0.047	0.175	0.066	0.082	0.144	0.029	0.066
19	0.121	0.163	0.061	0.135	0.173	0.041	0.139	0.097	0.096	0.182	0.045	0.119	0.128	0.052	0.182	0.089	0.091	0.132	0.000	0.167	0.121	0.066	0.142	0.048	0.142	0.165	0.044	0.134	0.081	0.106	0.171	0.122
20	0.076	0.065	0.176	0.061	0.161	0.126	0.030	0.157	0.104	0.098	0.138	0.042	0.137	0.143	0.050	0.212	0.075	0.108	0.162	0.000	0.167	0.105	0.075	0.166	0.050	0.150	0.174	0.044	0.164	0.095	0.104	0.169
21	0.184	0.117	0.071	0.193	0.076	0.108	0.141	0.030	0.185	0.120	0.085	0.149	0.039	0.166	0.158	0.057	0.142	0.075	0.127	0.181	0.000	0.136	0.109	0.073	0.193	0.062	0.163	0.131	0.034	0.189	0.105	0.018
22	0.063	0.111	0.103	0.065	0.155	0.034	0.091	0.109	0.041	0.141	0.059	0.061	0.118	0.048	0.123	0.127	0.029	0.116	0.067	0.099	0.132	0.000	0.110	0.088	0.070	0.151	0.063	0.089	0.109	0.044	0.134	0.140
23	0.120	0.018	0.145	0.119	0.082	0.107	0.044	0.097	0.143	0.042	0.104	0.072	0.068	0.161	0.044	0.153	0.089	0.035	0.141	0.076	0.115	0.107	0.000	0.125	0.110	0.085	0.171	0.034	0.106	0.124	0.038	0.098
24	0.154	0.142	0.018	0.149	0.133	0.057	0.147	0.051	0.124	0.152	0.032	0.135	0.087	0.091	0.165	0.046	0.112	0.114	0.046	0.165	0.074	0.083	0.135	0.000	0.154	0.123	0.086	0.138	0.043	0.131	0.139	0.088
25	0.024	0.098	0.161	0.018	0.187	0.101	0.062	0.155	0.065	0.147	0.121	0.034	0.148	0.102	0.103	0.200	0.047	0.129	0.132	0.053	0.191	0.072	0.104	0.149	0.000	0.188	0.131	0.071	0.159	0.048	0.149	0.177
26	0.202	0.095	0.124	0.187	0.018	0.131	0.132	0.077	0.196	0.068	0.115	0.155	0.043	0.193	0.118	0.114	0.144	0.052	0.167	0.156	0.060	0.149	0.087	0.129	0.183	0.000	0.194	0.109	0.089	0.197	0.055	0.047
27	0.110	0.170	0.100	0.126	0.217	0.064	0.154	0.131	0.067	0.215	0.082	0.125	0.155	0.020	0.203	0.138	0.094	0.166	0.043	0.158	0.170	0.068	0.169	0.088	0.123	0.210	0.000	0.153	0.127	0.080	0.185	0.168
28	0.084	0.032	0.146	0.081	0.112	0.092	0.018	0.120	0.110	0.072	0.097	0.038	0.098	0.136	0.042	0.159	0.060	0.068	0.143	0.043	0.132	0.083	0.033	0.137	0.072	0.115	0.148	0.000	0.128	0.103	0.071	0.130
29	0.165	0.119	0.036	0.157	0.103	0.079	0.135	0.018	0.143	0.134	0.054	0.134	0.049	0.122	0.144	0.044	0.121	0.082	0.084	0.156	0.037	0.110	0.111	0.041	0.158	0.081	0.133	0.124	0.000	0.148	0.106	0.044
30	0.027	0.137	0.151	0.039	0.196	0.074	0.094	0.159	0.018	0.171	0.098	0.060	0.164	0.064	0.139	0.175	0.040	0.140	0.106	0.098	0.180	0.043	0.125	0.136	0.051	0.195	0.081	0.097	0.143	0.000	0.168	0.171
31	0.161	0.042	0.142	0.145	0.051	0.135	0.081	0.101	0.166	0.018	0.127	0.111	0.063	0.178	0.062	0.158	0.127	0.030	0.166	0.104	0.097	0.143	0.037	0.141	0.139	0.053	0.205	0.073	0.112	0.163	0.000	0.088
40	0.188	0.111	0.078	0.176	0.063	0.115	0.138	0.035	0.173	0.110	0.093	0.149	0.030	0.160	0.135	0.075	0.145	0.066	0.126	0.160	0.018	0.142	0.102	0.085	0.175	0.043	0.176	0.127	0.044	0.176	0.084	0.000

[*,*,6]:	1	2	3	4	5	6	7	8	9	10	11	12	13	14	15	16	17	18	19	20	21	22	23	24	25	26	27	28	29	30	31	40:=
1	0.000	0.122	0.165	0.018	0.211	0.099	0.086	0.166	0.040	0.175	0.123	0.051	0.164	0.090	0.133	0.208	0.047	0.149	0.127	0.074	0.206	0.065	0.127	0.152	0.024	0.212	0.118	0.094	0.169	0.028	0.157	0.000
2	0.118	0.000	0.158	0.117	0.091	0.114	0.042	0.122	0.146	0.044	0.114	0.070	0.090	0.168	0.033	0.166	0.091	0.051	0.167	0.068	0.128	0.112	0.018	0.151	0.108	0.097	0.178	0.031	0.132	0.140	0.045	0.123
3	0.174	0.153	0.000	0.167	0.149	0.075	0.162	0.048	0.142	0.177	0.053	0.153	0.089	0.108	0.177	0.034	0.131	0.121	0.061	0.180	0.075	0.112	0.146	0.018	0.172	0.122	0.113	0.153	0.039	0.150	0.145	0.084
4	0.018	0.123	0.182	0.000	0.198	0.101	0.074	0.179	0.055	0.161	0.122	0.043	0.174	0.107	0.118	0.204	0.047	0.139	0.145	0.067	0.198	0.069	0.116	0.167	0.018	0.199	0.124	0.082	0.164	0.043	0.161	0.184
5	0.209	0.093	0.140	0.192	0.000	0.159	0.133	0.092	0.205	0.060	0.142	0.159	0.056	0.206	0.114	0.145	0.169	0.055	0.181	0.156	0.075	0.177	0.086	0.144	0.187	0.018	0.231	0.123	0.105	0.205	0.050	0.064
6	0.095	0.113	0.077	0.106	0.154	0.000	0.104	0.089	0.078	0.152	0.025	0.084	0.096	0.058	0.147	0.105	0.056	0.105	0.047	0.131	0.116	0.034	0.109	0.054	0.110	0.147	0.067	0.098	0.077	0.084	0.142	0.113
7	0.090	0.041	0.160	0.076	0.125	0.113	0.000	0.136	0.110	0.081	0.122	0.039	0.114	0.142	0.040	0.174	0.070	0.083	0.153	0.030	0.148	0.098	0.049	0.151	0.065	0.129	0.155	0.018	0.144	0.103	0.083	0.147
8	0.168	0.114	0.052	0.177	0.094	0.084	0.132	0.000	0.165	0.127	0.060	0.134	0.040	0.144	0.156	0.052	0.123	0.075	0.093	0.172	0.031	0.114	0.105	0.051	0.177	0.081	0.142	0.121	0.018	0.152	0.111	0.036
9	0.043	0.147	0.148	0.052	0.203	0.080	0.116	0.160	0.000	0.181	0.096	0.078	0.169	0.053	0.151	0.173	0.052	0.163	0.099	0.111	0.182	0.042	0.149	0.133	0.064	0.201	0.071	0.119	0.160	0.018	0.177	0.194
10	0.167	0.043	0.161	0.167	0.065	0.151	0.082	0.119	0.196	0.000	0.144	0.116	0.081	0.191	0.061	0.179	0.137	0.047	0.182	0.114	0.128	0.155	0.042	0.159	0.142	0.076	0.221	0.076	0.131	0.172	0.019	0.107
11	0.127	0.121	0.052	0.124	0.133	0.024	0.120	0.061	0.101	0.140	0.000	0.106	0.084	0.079	0.144	0.079	0.073	0.101	0.049	0.139	0.088	0.056	0.114	0.037	0.127	0.124	0.082	0.100	0.057	0.107	0.127	0.098
12	0.051	0.072	0.145	0.046	0.161	0.087	0.038	0.133	0.071	0.122	0.102	0.000	0.122	0.106	0.083	0.183	0.034	0.101	0.125	0.041	0.167	0.063	0.076	0.133	0.034	0.162	0.135	0.042	0.138	0.063	0.108	0.153
13	0.159	0.090	0.091	0.166	0.055	0.097	0.118	0.043	0.167	0.083	0.079	0.118	0.000	0.160	0.119	0.090	0.117	0.041	0.131	0.145	0.043	0.118	0.071	0.093	0.163	0.044	0.162	0.095	0.054	0.169	0.067	0.033
14	0.094	0.163	0.108	0.099	0.218	0.057	0.143	0.134	0.051	0.211	0.080	0.111	0.155	0.000	0.174	0.150	0.079	0.163	0.051	0.146	0.176	0.052	0.162	0.094	0.109	0.190	0.022	0.142	0.131	0.064	0.182	0.172
15	0.122	0.034	0.192	0.118	0.117	0.139	0.039	0.157	0.157	0.058	0.143	0.076	0.124	0.189	0.000	0.200	0.105	0.076	0.195	0.056	0.162	0.130	0.043	0.185	0.107	0.126	0.200	0.043	0.150	0.150	0.069	0.141
16	0.206	0.170	0.032	0.198	0.145	0.108	0.185	0.051	0.175	0.167	0.084	0.181	0.092	0.141	0.194	0.000	0.162	0.130	0.093	0.204	0.057	0.145	0.162	0.050	0.201	0.118	0.147	0.175	0.044	0.183	0.153	0.076
17	0.045	0.090	0.134	0.049	0.164	0.056	0.065	0.130	0.051	0.138	0.076	0.032	0.116	0.080	0.110	0.157	0.000	0.106	0.103	0.078	0.153	0.029	0.091	0.106	0.051	0.162	0.097	0.064	0.119	0.046	0.133	0.142
18	0.156	0.049	0.119	0.142	0.051	0.113	0.083	0.077	0.155	0.046	0.102	0.105	0.039	0.161	0.078	0.122	0.115	0.000	0.145	0.110	0.079	0.125	0.039	0.117	0.136	0.050	0.167	0.071	0.088	0.154	0.031	0.070
19	0.129	0.156	0.065	0.144	0.185	0.044	0.149	0.093	0.102	0.194	0.048	0.127	0.122	0.055	0.194	0.095	0.097	0.141	0.000	0.178	0.129	0.070	0.152	0.046	0.151	0.176	0.047	0.143	0.087	0.101	0.182	0.130
20	0.081	0.069	0.188	0.065	0.154	0.134	0.032	0.167	0.111	0.105	0.132	0.045	0.146	0.153	0.053	0.202	0.080	0.115	0.173	0.000	0.179	0.100	0.079	0.177	0.053	0.160	0.166	0.047	0.175	0.102	0.111	0.180
21	0.196	0.125	0.068	0.206	0.081	0.115	0.151	0.029	0.197	0.128	0.091	0.159	0.042	0.159	0.168	0.061	0.151	0.080	0.121	0.193	0.000	0.145	0.116	0.077	0.184	0.066	0.174	0.139	0.036	0.181	0.112	0.018
22	0.067	0.119	0.109	0.070	0.165	0.033	0.097	0.117	0.044	0.150	0.056	0.065	0.126	0.051	0.132	0.135	0.028	0.124	0.071	0.105	0.141	0.000	0.117	0.094	0.075	0.161	0.067	0.085	0.116	0.047	0.143	0.150
23	0.127	0.018	0.139	0.126	0.087	0.114	0.047	0.104	0.137	0.044	0.111	0.076	0.073	0.154	0.047	0.163	0.095	0.037	0.150	0.073	0.122	0.114	0.000	0.133	0.106	0.091	0.182	0.036	0.113	0.132	0.036	0.104
24	0.147	0.151	0.018	0.159	0.142	0.054	0.157	0.055	0.132	0.162	0.035	0.129	0.093	0.097	0.176	0.049	0.107	0.122	0.049	0.175	0.079	0.088	0.129	0.000	0.164	0.131	0.092	0.132	0.046	0.140	0.149	0.094
25	0.026	0.104	0.172	0.018	0.199	0.108	0.066	0.166	0.062	0.157	0.129	0.036	0.158	0.109	0.099	0.214	0.050	0.138	0.141	0.051	0.203	0.076	0.111	0.159	0.000	0.180	0.139	0.076	0.170	0.051	0.142	0.188
26	0.193	0.101	0.132	0.199	0.018	0.140	0.126	0.082	0.209	0.073	0.123	0.148	0.046	0.206	0.126	0.122	0.154	0.049	0.178	0.166	0.064	0.159	0.083	0.137	0.195	0.000	0.207	0.116	0.085	0.210	0.059	0.045
27	0.117	0.182	0.106	0.120	0.231	0.069	0.165	0.139	0.072	0.206	0.087	0.133	0.165	0.021	0.194	0.147	0.100	0.177	0.046	0.168	0.162	0.072	0.180	0.094	0.131	0.201	0.000	0.163	0.135	0.085	0.198	0.179
28	0.090	0.030	0.156	0.087	0.119	0.098	0.018	0.128	0.117	0.077	0.104	0.040	0.094	0.145	0.045	0.170	0.064	0.065	0.152	0.046	0.141	0.088	0.035	0.131	0.077	0.122	0.158	0.000	0.122	0.110	0.076	0.125
29	0.176	0.127	0.039	0.167	0.098	0.084	0.144	0.018	0.153	0.128	0.058	0.143	0.052	0.130	0.154	0.042	0.129	0.088	0.089	0.166	0.035	0.118	0.118	0.044	0.168	0.087	0.127	0.132	0.000	0.158	0.113	0.047
30	0.029	0.131	0.161	0.042	0.209	0.079	0.100	0.152	0.018	0.182	0.105	0.064	0.157	0.068	0.149	0.187	0.043	0.149	0.101	0.105	0.192	0.046	0.134	0.130	0.054	0.207	0.087	0.104	0.153	0.000	0.179	0.182
31	0.172	0.045	0.152	0.155	0.049	0.144	0.087	0.107	0.177	0.018	0.121	0.119	0.067	0.190	0.066	0.151	0.136	0.032	0.177	0.111	0.103	0.136	0.039	0.150	0.148	0.057	0.196	0.078	0.119	0.174	0.000	0.094
40	0.201	0.118	0.083	0.188	0.060	0.123	0.147	0.037	0.184	0.105	0.099	0.159	0.032	0.170	0.144	0.071	0.154	0.070	0.134	0.171	0.018	0.151	0.108	0.091	0.187	0.046	0.168	0.135	0.047	0.188	0.089	0.000

[*,*,7]:	1	2	3	4	5	6	7	8	9	10	11	12	13	14	15	16	17	18	19	20	21	22	23	24	25	26	27	28	29	30	31	40:=
1	0.000	0.117	0.158	0.018	0.202	0.095	0.083	0.159	0.038	0.151	0.118	0.049	0.157	0.086	0.114	0.199	0.045	0.143	0.122	0.071	0.177	0.063	0.122	0.145	0.023	0.182	0.113	0.090	0.162	0.027	0.150	0.000
2	0.114	0.000	0.151	0.112	0.088	0.110	0.036	0.117	0.139	0.042	0.109	0.067	0.077	0.161	0.031	0.159	0.087	0.044	0.160	0.065	0.123	0.107	0.018	0.130	0.103	0.093	0.171	0.029	0.113	0.134	0.043	0.105
3	0.166	0.147	0.000	0.161	0.127	0.072	0.155	0.046	0.136	0.152	0.051	0.146	0.085	0.104	0.170	0.029	0.125	0.116	0.058	0.173	0.065	0.107	0.140	0.018	0.165	0.117	0.097	0.146	0.037	0.144	0.139	0.080
4	0.018	0.105	0.174	0.000	0.190	0.096	0.071	0.153	0.052	0.154	0.117	0.041	0.149	0.102	0.113	0.195	0.045	0.133	0.124	0.065	0.190	0.066	0.111	0.144	0.018	0.191	0.119	0.079	0.157	0.036	0.155	0.176
5	0.200	0.089	0.134	0.184	0.000	0.152	0.127	0.089	0.196	0.058	0.122	0.152	0.054	0.197	0.109	0.125	0.161	0.052	0.174	0.149	0.072	0.152	0.082	0.138	0.180	0.018	0.198	0.118	0.100	0.196	0.048	0.061
6	0.091	0.109	0.066	0.101	0.148	0.000	0.100	0.077	0.075	0.146	0.024	0.080	0.092	0.050	0.140	0.101	0.054	0.100	0.040	0.126	0.111	0.033	0.105	0.051	0.094	0.141	0.064	0.094	0.074	0.072	0.136	0.108
7	0.086	0.039	0.154	0.072	0.120	0.097	0.000	0.130	0.106	0.077	0.104	0.037	0.109	0.136	0.039	0.167	0.060	0.080	0.147	0.029	0.141	0.084	0.047	0.144	0.063	0.124	0.148	0.018	0.138	0.099	0.079	0.141
8	0.161	0.109	0.045	0.170	0.090	0.081	0.127	0.000	0.141	0.121	0.057	0.129	0.038	0.124	0.149	0.050	0.118	0.071	0.089	0.148	0.029	0.110	0.101	0.049	0.152	0.078	0.136	0.116	0.018	0.146	0.095	0.034
9	0.037	0.141	0.142	0.050	0.194	0.068	0.111	0.153	0.000	0.173	0.092	0.067	0.162	0.051	0.145	0.166	0.045	0.156	0.095	0.107	0.175	0.040	0.128	0.127	0.062	0.192	0.068	0.102	0.153	0.018	0.170	0.185
10	0.160	0.041	0.154	0.143	0.062	0.144	0.079	0.114	0.168	0.000	0.138	0.111	0.078	0.183	0.052	0.172	0.131	0.045	0.175	0.098	0.123	0.148	0.040	0.152	0.136	0.065	0.211	0.073	0.125	0.165	0.018	0.102
11	0.109	0.116	0.050	0.118	0.127	0.023	0.103	0.059	0.097	0.134	0.000	0.091	0.080	0.075	0.138	0.076	0.070	0.086	0.047	0.133	0.085	0.054	0.098	0.035	0.121	0.119	0.078	0.095	0.049	0.102	0.122	0.084
12	0.049	0.069	0.139	0.040	0.154	0.083	0.036	0.127	0.068	0.105	0.098	0.000	0.117	0.101	0.072	0.175	0.032	0.097	0.120	0.039	0.143	0.061	0.073	0.128	0.033	0.139	0.129	0.040	0.132	0.060	0.104	0.146
13	0.153	0.077	0.087	0.159	0.052	0.093	0.102	0.041	0.160	0.080	0.076	0.113	0.000	0.153	0.114	0.086	0.112	0.035	0.126	0.139	0.041	0.114	0.068	0.080	0.156	0.042	0.155	0.091	0.046	0.161	0.064	0.028
14	0.090	0.156	0.104	0.095	0.187	0.054	0.137	0.129	0.049	0.181	0.077	0.106	0.149	0.000	0.167	0.129	0.075	0.156	0.049	0.140	0.151	0.050	0.155	0.090	0.105	0.182	0.019	0.136	0.126	0.061	0.175	0.165
15	0.117	0.030	0.184	0.113	0.112	0.134	0.038	0.135	0.151	0.056	0.137	0.073	0.107	0.181	0.000	0.192	0.101	0.073	0.168	0.053	0.155	0.125	0.041	0.159	0.102	0.120	0.192	0.041	0.144	0.129	0.066	0.136
16	0.197	0.162	0.031	0.189	0.125	0.104	0.177	0.049	0.167	0.160	0.072	0.173	0.088	0.135	0.186	0.000	0.155	0.125	0.089	0.196	0.054	0.124	0.155	0.048	0.193	0.113	0.126	0.167	0.042	0.175	0.147	0.073
17	0.044	0.086	0.115	0.047	0.157	0.054	0.062	0.112	0.049	0.132	0.073	0.031	0.111	0.069	0.106	0.151	0.000	0.101	0.088	0.075	0.146	0.028	0.087	0.102	0.043	0.155	0.093	0.062	0.114	0.039	0.128	0.136
18	0.149	0.047	0.114	0.136	0.049	0.097	0.080	0.074	0.149	0.044	0.087	0.101	0.038	0.155	0.075	0.117	0.098	0.000	0.139	0.105	0.075	0.108	0.037	0.112	0.131	0.048	0.160	0.061	0.084	0.147	0.029	0.067
19	0.123	0.149	0.056	0.137	0.177	0.042	0.143	0.089	0.088	0.186	0.046	0.121	0.117	0.047	0.185	0.091	0.093	0.135	0.000	0.153	0.123	0.067	0.145	0.044	0.130	0.168	0.045	0.137	0.083	0.097	0.156	0.125
20	0.069	0.066	0.180	0.062	0.148	0.115	0.030	0.160	0.107	0.101	0.127	0.038	0.140	0.146	0.051	0.194	0.069	0.110	0.166	0.000	0.171	0.096	0.068	0.170	0.051	0.153	0.160	0.040	0.167	0.097	0.106	0.172
21	0.188	0.120	0.065	0.177	0.077	0.110	0.144	0.028	0.169	0.123	0.087	0.152	0.040	0.152	0.144	0.058	0.145	0.077	0.116	0.166	0.000	0.139	0.112	0.074	0.176	0.057	0.166	0.134	0.035	0.174	0.096	0.018
22	0.058	0.113	0.105	0.067	0.158	0.031	0.083	0.112	0.042	0.144	0.054	0.056	0.120	0.049	0.126	0.130	0.026	0.107	0.068	0.101	0.135	0.000	0.101	0.090	0.072	0.154	0.065	0.081	0.100	0.045	0.137	0.128
23	0.122	0.018	0.133	0.109	0.083	0.109	0.045	0.100	0.131	0.038	0.106	0.073	0.070	0.148	0.040	0.156	0.091	0.036	0.144	0.070	0.105	0.109	0.000	0.128	0.101	0.078	0.174	0.035	0.109	0.127	0.035	0.100
24	0.141	0.130	0.018	0.153	0.136	0.052	0.135	0.052	0.126	0.156	0.033	0.124	0.080	0.093	0.169	0.047	0.103	0.105	0.047	0.168	0.076	0.085	0.124	0.000	0.157	0.125	0.088	0.127	0.039	0.134	0.142	0.081
25	0.025	0.100	0.165	0.018	0.171	0.103	0.063	0.159	0.059	0.135	0.124	0.034	0.151	0.105	0.094	0.183	0.048	0.132	0.135	0.049	0.175	0.073	0.106	0.152	0.000	0.173	0.120	0.072	0.163	0.049	0.136	0.180
26	0.185	0.087	0.127	0.191	0.018	0.134	0.121	0.070	0.200	0.070	0.118	0.142	0.039	0.197	0.120	0.117	0.147	0.047	0.152	0.159	0.061	0.153	0.080	0.118	0.187	0.000	0.198	0.111	0.081	0.180	0.057	0.043
27	0.112	0.174	0.102	0.115	0.198	0.066	0.158	0.134	0.069	0.197	0.075	0.128	0.159	0.020	0.186	0.126	0.096	0.170	0.044	0.161	0.155	0.062	0.173	0.090	0.126	0.193	0.000	0.156	0.129	0.081	0.189	0.171
28	0.086	0.029	0.133	0.083	0.114	0.094	0.018	0.110	0.112	0.073	0.099	0.039	0.090	0.124	0.043	0.163	0.062	0.063	0.131	0.044	0.135	0.084	0.034	0.125	0.066	0.117	0.151	0.000	0.117	0.095	0.073	0.120
29	0.168	0.122	0.037	0.160	0.094	0.072	0.138	0.018	0.146	0.123	0.050	0.137	0.050	0.124	0.147	0.040	0.111	0.084	0.086	0.159	0.034	0.101	0.113	0.042	0.161	0.083	0.122	0.114	0.000	0.151	0.109	0.045
30	0.027	0.125	0.138	0.040	0.200	0.076	0.096	0.146	0.018	0.175	0.100	0.061	0.151	0.058	0.142	0.179	0.041	0.143	0.097	0.090	0.184	0.044	0.128	0.125	0.047	0.199	0.083	0.100	0.147	0.000	0.154	0.175
31	0.147	0.043	0.145	0.149	0.047	0.124	0.083	0.103	0.170	0.018	0.116	0.102	0.064	0.182	0.063	0.145	0.117	0.031	0.169	0.106	0.099	0.131	0.034	0.144	0.142	0.054	0.188	0.067	0.114	0.167	0.000	0.090
40	0.192	0.113	0.080	0.180	0.057	0.105	0.141	0.035	0.177	0.100	0.085	0.152	0.030	0.163	0.138	0.069	0.132	0.067	0.129	0.164	0.018	0.130	0.104	0.087	0.179	0.044	0.161	0.116	0.045	0.180	0.086	0.000

[*,*,8]:	1	2	3	4	5	6	7	8	9	10	11	12	13	14	15	16	17	18	19	20	21	22	23	24	25	26	27	28	29	30	31	40:=
1	0.000	0.115	0.155	0.018	0.178	0.093	0.081	0.156	0.037	0.148	0.104	0.048	0.155	0.084	0.112	0.175	0.044	0.141	0.120	0.070	0.174	0.055	0.120	0.143	0.023	0.179	0.099	0.088	0.159	0.027	0.148	0.000
2	0.112	0.000	0.133	0.110	0.086	0.108	0.036	0.103	0.137	0.041	0.107	0.066	0.076	0.141	0.031	0.156	0.086	0.043	0.141	0.064	0.120	0.105	0.018	0.128	0.091	0.091	0.168	0.029	0.111	0.118	0.042	0.104
3	0.163	0.144	0.000	0.158	0.125	0.063	0.152	0.046	0.134	0.150	0.045	0.144	0.083	0.102	0.167	0.029	0.110	0.113	0.057	0.170	0.063	0.094	0.137	0.018	0.162	0.115	0.095	0.128	0.037	0.141	0.137	0.079
4	0.018	0.103	0.153	0.000	0.186	0.095	0.070	0.151	0.046	0.151	0.115	0.040	0.147	0.090	0.111	0.192	0.044	0.131	0.122	0.057	0.186	0.065	0.109	0.141	0.018	0.188	0.117	0.078	0.154	0.036	0.136	0.173
5	0.176	0.088	0.132	0.181	0.000	0.134	0.125	0.087	0.193	0.057	0.120	0.134	0.053	0.194	0.107	0.122	0.142	0.051	0.171	0.147	0.071	0.149	0.073	0.136	0.176	0.018	0.195	0.104	0.098	0.193	0.047	0.060
6	0.090	0.107	0.065	0.089	0.145	0.000	0.098	0.075	0.066	0.143	0.024	0.079	0.091	0.049	0.124	0.099	0.053	0.099	0.040	0.111	0.109	0.032	0.103	0.051	0.093	0.124	0.063	0.092	0.073	0.071	0.119	0.107
7	0.076	0.038	0.151	0.071	0.118	0.095	0.000	0.128	0.104	0.076	0.103	0.033	0.107	0.134	0.038	0.164	0.059	0.070	0.144	0.028	0.139	0.083	0.041	0.142	0.061	0.121	0.146	0.018	0.121	0.097	0.078	0.124
8	0.158	0.107	0.044	0.149	0.089	0.079	0.124	0.000	0.139	0.107	0.056	0.126	0.037	0.122	0.131	0.049	0.116	0.070	0.087	0.145	0.026	0.108	0.099	0.048	0.150	0.068	0.134	0.114	0.018	0.143	0.093	0.034
9	0.037	0.124	0.139	0.049	0.191	0.067	0.098	0.151	0.000	0.170	0.091	0.066	0.142	0.050	0.142	0.163	0.044	0.137	0.093	0.105	0.172	0.040	0.126	0.112	0.061	0.189	0.067	0.101	0.135	0.018	0.167	0.163
10	0.157	0.040	0.151	0.141	0.054	0.142	0.077	0.112	0.165	0.000	0.135	0.109	0.077	0.180	0.051	0.151	0.129	0.045	0.172	0.096	0.108	0.146	0.040	0.150	0.134	0.064	0.186	0.071	0.123	0.162	0.018	0.101
11	0.107	0.102	0.049	0.116	0.125	0.023	0.102	0.052	0.095	0.131	0.000	0.089	0.071	0.074	0.136	0.074	0.069	0.085	0.041	0.131	0.083	0.053	0.097	0.031	0.119	0.117	0.077	0.094	0.048	0.090	0.120	0.083
12	0.048	0.068	0.137	0.039	0.135	0.082	0.035	0.125	0.067	0.103	0.086	0.000	0.115	0.100	0.070	0.154	0.032	0.095	0.118	0.039	0.141	0.053	0.072	0.125	0.032	0.136	0.113	0.040	0.130	0.059	0.102	0.144
13	0.150	0.076	0.077	0.156	0.052	0.092	0.100	0.036	0.157	0.078	0.074	0.112	0.000	0.135	0.111	0.085	0.110	0.035	0.111	0.136	0.040	0.112	0.067	0.078	0.137	0.041	0.153	0.089	0.046	0.142	0.063	0.028
14	0.089	0.153	0.102	0.093	0.184	0.048	0.135	0.127	0.048	0.178	0.067	0.105	0.146	0.000	0.164	0.127	0.066	0.153	0.048	0.138	0.148	0.044	0.152	0.089	0.103	0.179	0.019	0.120	0.123	0.060	0.171	0.162
15	0.115	0.029	0.162	0.111	0.110	0.131	0.037	0.133	0.133	0.055	0.134	0.072	0.105	0.159	0.000	0.188	0.099	0.072	0.165	0.047	0.152	0.123	0.040	0.156	0.090	0.118	0.188	0.040	0.142	0.127	0.058	0.133
16	0.174	0.159	0.030	0.186	0.122	0.091	0.174	0.048	0.165	0.157	0.071	0.152	0.087	0.133	0.183	0.000	0.137	0.122	0.087	0.193	0.053	0.122	0.136	0.047	0.189	0.111	0.124	0.147	0.042	0.172	0.144	0.071
17	0.043	0.085	0.113	0.042	0.154	0.053	0.061	0.110	0.043	0.130	0.072	0.030	0.109	0.068	0.093	0.148	0.000	0.100	0.087	0.066	0.144	0.027	0.086	0.100	0.043	0.136	0.092	0.060	0.112	0.039	0.112	0.134
18	0.131	0.046	0.112	0.134	0.048	0.096	0.070	0.072	0.146	0.044	0.086	0.089	0.037	0.152	0.073	0.115	0.097	0.000	0.136	0.103	0.074	0.106	0.033	0.110	0.128	0.048	0.157	0.060	0.074	0.145	0.029	0.059
19	0.121	0.147	0.055	0.121	0.174	0.042	0.140	0.087	0.086	0.163	0.045	0.119	0.115	0.046	0.163	0.089	0.091	0.132	0.000	0.150	0.108	0.066	0.143	0.043	0.128	0.148	0.044	0.135	0.082	0.096	0.154	0.123
20	0.068	0.058	0.177	0.061	0.145	0.113	0.027	0.157	0.105	0.099	0.124	0.038	0.123	0.143	0.050	0.191	0.068	0.097	0.163	0.000	0.168	0.094	0.067	0.149	0.050	0.150	0.157	0.040	0.147	0.096	0.104	0.152
21	0.184	0.118	0.064	0.174	0.068	0.108	0.142	0.027	0.166	0.108	0.086	0.149	0.039	0.150	0.142	0.051	0.142	0.076	0.114	0.163	0.000	0.136	0.110	0.073	0.173	0.056	0.146	0.131	0.034	0.171	0.094	0.018
22	0.057	0.100	0.103	0.065	0.156	0.031	0.082	0.098	0.042	0.142	0.053	0.055	0.106	0.048	0.124	0.127	0.026	0.105	0.060	0.099	0.132	0.000	0.099	0.079	0.070	0.152	0.064	0.080	0.098	0.040	0.135	0.126
23	0.120	0.018	0.131	0.107	0.073	0.107	0.044	0.098	0.129	0.037	0.094	0.072	0.069	0.145	0.039	0.138	0.089	0.035	0.141	0.068	0.103	0.096	0.000	0.125	0.099	0.077	0.153	0.034	0.107	0.125	0.034	0.098
24	0.138	0.128	0.018	0.150	0.133	0.051	0.132	0.046	0.124	0.153	0.033	0.122	0.078	0.082	0.166	0.046	0.101	0.103	0.041	0.165	0.074	0.083	0.122	0.000	0.138	0.123	0.086	0.124	0.039	0.118	0.140	0.080
25	0.024	0.098	0.162	0.018	0.168	0.091	0.062	0.156	0.058	0.133	0.109	0.034	0.148	0.103	0.093	0.180	0.042	0.130	0.133	0.048	0.172	0.064	0.104	0.150	0.000	0.170	0.117	0.064	0.160	0.048	0.134	0.177
26	0.182	0.086	0.111	0.188	0.018	0.132	0.119	0.069	0.176	0.068	0.116	0.139	0.039	0.174	0.118	0.114	0.145	0.047	0.150	0.140	0.060	0.150	0.078	0.116	0.164	0.000	0.195	0.109	0.080	0.177	0.050	0.043
27	0.098	0.171	0.100	0.113	0.195	0.058	0.155	0.131	0.068	0.194	0.074	0.112	0.156	0.020	0.183	0.124	0.085	0.167	0.043	0.158	0.153	0.061	0.152	0.088	0.124	0.189	0.000	0.137	0.127	0.080	0.186	0.168
28	0.085	0.029	0.131	0.073	0.112	0.092	0.018	0.108	0.099	0.072	0.098	0.038	0.088	0.122	0.038	0.160	0.060	0.062	0.128	0.039	0.132	0.083	0.033	0.123	0.065	0.103	0.149	0.000	0.115	0.093	0.064	0.117
29	0.148	0.119	0.036	0.157	0.093	0.071	0.121	0.018	0.144	0.121	0.049	0.121	0.049	0.122	0.145	0.039	0.109	0.074	0.084	0.156	0.033	0.099	0.100	0.041	0.158	0.081	0.120	0.112	0.000	0.148	0.107	0.040
30	0.027	0.123	0.136	0.035	0.197	0.074	0.094	0.143	0.018	0.154	0.098	0.060	0.148	0.057	0.125	0.176	0.041	0.140	0.096	0.088	0.162	0.043	0.126	0.123	0.046	0.175	0.082	0.098	0.144	0.000	0.151	0.171
31	0.145	0.038	0.143	0.146	0.046	0.122	0.073	0.101	0.167	0.018	0.114	0.100	0.057	0.178	0.062	0.143	0.115	0.027	0.166	0.104	0.097	0.128	0.033	0.126	0.139	0.053	0.184	0.066	0.100	0.164	0.000	0.079
40	0.169	0.111	0.078	0.177	0.056	0.103	0.124	0.035	0.173	0.099	0.084	0.134	0.030	0.160	0.136	0.067	0.130	0.059	0.126	0.161	0.018	0.128	0.091	0.085	0.175	0.044	0.159	0.114	0.040	0.177	0.084	0.000

[*,*,9]:	1	2	3	4	5	6	7	8	9	10	11	12	13	14	15	16	17	18	19	20	21	22	23	24	25	26	27	28	29	30	31	40:=
1	0.000	0.113	0.152	0.018	0.175	0.082	0.080	0.153	0.037	0.145	0.102	0.042	0.152	0.083	0.110	0.172	0.039	0.138	0.118	0.068	0.170	0.054	0.105	0.140	0.023	0.175	0.098	0.077	0.156	0.026	0.145	0.000
2	0.109	0.000	0.131	0.096	0.084	0.106	0.035	0.101	0.120	0.040	0.105	0.065	0.074	0.139	0.027	0.153	0.084	0.042	0.138	0.057	0.118	0.103	0.018	0.125	0.089	0.080	0.164	0.028	0.109	0.116	0.037	0.102
3	0.143	0.141	0.000	0.155	0.123	0.062	0.134	0.045	0.131	0.147	0.044	0.126	0.082	0.100	0.163	0.028	0.108	0.100	0.056	0.166	0.062	0.092	0.121	0.018	0.159	0.113	0.093	0.126	0.032	0.139	0.134	0.069
4	0.018	0.101	0.150	0.000	0.183	0.093	0.068	0.148	0.045	0.133	0.113	0.039	0.144	0.089	0.097	0.188	0.043	0.128	0.120	0.056	0.163	0.064	0.107	0.139	0.018	0.165	0.114	0.076	0.151	0.035	0.134	0.170
5	0.173	0.077	0.129	0.177	0.000	0.132	0.110	0.085	0.189	0.056	0.118	0.132	0.046	0.190	0.105	0.120	0.139	0.045	0.167	0.144	0.070	0.147	0.071	0.119	0.173	0.018	0.191	0.102	0.087	0.189	0.046	0.053
6	0.088	0.105	0.064	0.087	0.128	0.000	0.096	0.074	0.065	0.126	0.023	0.077	0.089	0.048	0.121	0.087	0.052	0.097	0.039	0.109	0.096	0.031	0.101	0.050	0.091	0.122	0.055	0.091	0.072	0.069	0.117	0.104
7	0.074	0.034	0.148	0.070	0.116	0.094	0.000	0.113	0.102	0.074	0.101	0.032	0.094	0.131	0.037	0.161	0.058	0.069	0.127	0.028	0.136	0.081	0.040	0.125	0.060	0.119	0.143	0.018	0.119	0.085	0.076	0.122
8	0.155	0.105	0.043	0.147	0.078	0.078	0.122	0.000	0.136	0.105	0.050	0.124	0.037	0.119	0.129	0.043	0.113	0.069	0.086	0.142	0.025	0.095	0.097	0.047	0.147	0.067	0.118	0.112	0.018	0.141	0.091	0.033
9	0.036	0.122	0.122	0.048	0.187	0.066	0.096	0.132	0.000	0.167	0.089	0.065	0.139	0.044	0.140	0.160	0.043	0.135	0.082	0.103	0.168	0.039	0.124	0.110	0.053	0.185	0.066	0.099	0.133	0.018	0.163	0.160
10	0.154	0.039	0.148	0.138	0.053	0.125	0.076	0.110	0.162	0.000	0.119	0.107	0.075	0.177	0.050	0.148	0.113	0.044	0.169	0.094	0.106	0.128	0.039	0.147	0.131	0.063	0.183	0.063	0.121	0.159	0.018	0.099
11	0.105	0.100	0.043	0.114	0.122	0.022	0.100	0.051	0.084	0.129	0.000	0.087	0.069	0.065	0.133	0.073	0.067	0.083	0.041	0.115	0.082	0.052	0.095	0.030	0.105	0.114	0.075	0.092	0.048	0.088	0.105	0.081
12	0.042	0.067	0.134	0.039	0.133	0.072	0.035	0.123	0.066	0.101	0.085	0.000	0.113	0.098	0.069	0.151	0.028	0.093	0.116	0.038	0.138	0.052	0.063	0.123	0.031	0.134	0.111	0.035	0.127	0.058	0.100	0.141
13	0.147	0.074	0.076	0.137	0.051	0.090	0.098	0.035	0.138	0.077	0.073	0.109	0.000	0.132	0.098	0.083	0.108	0.034	0.109	0.120	0.039	0.109	0.065	0.077	0.134	0.036	0.150	0.087	0.045	0.139	0.055	0.027
14	0.078	0.150	0.100	0.091	0.181	0.047	0.118	0.124	0.047	0.175	0.066	0.092	0.143	0.000	0.161	0.124	0.065	0.135	0.047	0.135	0.145	0.043	0.134	0.087	0.101	0.176	0.019	0.117	0.108	0.059	0.168	0.142
15	0.112	0.028	0.159	0.097	0.108	0.129	0.036	0.130	0.130	0.048	0.132	0.070	0.103	0.156	0.000	0.184	0.097	0.071	0.162	0.046	0.134	0.120	0.039	0.153	0.088	0.104	0.185	0.040	0.139	0.124	0.057	0.131
16	0.170	0.140	0.030	0.182	0.120	0.090	0.153	0.047	0.161	0.154	0.070	0.150	0.076	0.130	0.179	0.000	0.134	0.107	0.086	0.189	0.052	0.120	0.134	0.041	0.186	0.109	0.122	0.145	0.037	0.169	0.141	0.063
17	0.042	0.083	0.111	0.041	0.135	0.052	0.060	0.108	0.042	0.114	0.070	0.030	0.107	0.066	0.091	0.130	0.000	0.098	0.085	0.065	0.126	0.027	0.084	0.098	0.042	0.134	0.080	0.059	0.110	0.038	0.110	0.132
18	0.129	0.041	0.110	0.131	0.047	0.094	0.069	0.064	0.143	0.043	0.084	0.087	0.033	0.149	0.072	0.113	0.095	0.000	0.120	0.101	0.073	0.104	0.032	0.097	0.126	0.047	0.154	0.059	0.072	0.127	0.028	0.058
19	0.119	0.144	0.054	0.119	0.153	0.041	0.137	0.086	0.085	0.160	0.040	0.117	0.113	0.045	0.160	0.078	0.090	0.130	0.000	0.148	0.106	0.058	0.140	0.042	0.125	0.146	0.039	0.132	0.080	0.094	0.151	0.120
20	0.067	0.057	0.155	0.060	0.143	0.111	0.026	0.138	0.103	0.097	0.122	0.037	0.121	0.126	0.049	0.187	0.066	0.095	0.143	0.000	0.165	0.092	0.066	0.147	0.044	0.147	0.154	0.039	0.145	0.084	0.102	0.149
21	0.181	0.116	0.063	0.170	0.067	0.095	0.139	0.027	0.163	0.106	0.075	0.146	0.039	0.147	0.139	0.050	0.125	0.074	0.112	0.160	0.000	0.120	0.107	0.071	0.170	0.055	0.144	0.115	0.033	0.167	0.093	0.018
22	0.056	0.098	0.090	0.064	0.153	0.030	0.080	0.097	0.037	0.139	0.052	0.054	0.104	0.042	0.122	0.125	0.026	0.103	0.059	0.087	0.130	0.000	0.097	0.078	0.062	0.149	0.062	0.078	0.096	0.039	0.118	0.124
23	0.105	0.018	0.128	0.105	0.072	0.094	0.043	0.096	0.126	0.037	0.092	0.063	0.067	0.142	0.039	0.135	0.079	0.034	0.139	0.067	0.101	0.094	0.000	0.123	0.098	0.075	0.151	0.030	0.105	0.122	0.033	0.096
24	0.136	0.125	0.018	0.132	0.131	0.050	0.130	0.045	0.109	0.150	0.032	0.119	0.077	0.080	0.145	0.045	0.099	0.101	0.041	0.145	0.073	0.081	0.119	0.000	0.135	0.108	0.085	0.122	0.038	0.116	0.123	0.078
25	0.021	0.096	0.159	0.018	0.165	0.089	0.055	0.153	0.057	0.130	0.107	0.030	0.146	0.101	0.091	0.177	0.041	0.114	0.130	0.047	0.168	0.063	0.092	0.147	0.000	0.166	0.115	0.063	0.140	0.047	0.131	0.156
26	0.179	0.084	0.109	0.165	0.018	0.129	0.117	0.068	0.173	0.060	0.113	0.137	0.038	0.171	0.104	0.112	0.142	0.046	0.147	0.137	0.053	0.147	0.077	0.114	0.161	0.000	0.191	0.107	0.078	0.173	0.049	0.042
27	0.097	0.150	0.098	0.111	0.191	0.057	0.136	0.129	0.066	0.190	0.072	0.110	0.137	0.019	0.179	0.122	0.083	0.147	0.042	0.155	0.150	0.060	0.149	0.077	0.121	0.186	0.000	0.135	0.112	0.078	0.183	0.148
28	0.083	0.028	0.129	0.072	0.099	0.091	0.018	0.106	0.097	0.063	0.096	0.037	0.087	0.120	0.037	0.140	0.059	0.060	0.126	0.038	0.116	0.081	0.032	0.121	0.064	0.101	0.130	0.000	0.113	0.091	0.063	0.115
29	0.145	0.105	0.036	0.154	0.091	0.069	0.119	0.018	0.141	0.118	0.048	0.119	0.043	0.120	0.142	0.038	0.107	0.072	0.074	0.153	0.033	0.097	0.098	0.036	0.155	0.080	0.117	0.110	0.000	0.130	0.105	0.039
30	0.026	0.121	0.133	0.035	0.173	0.073	0.092	0.141	0.018	0.151	0.086	0.059	0.145	0.056	0.123	0.154	0.040	0.138	0.094	0.087	0.159	0.038	0.123	0.120	0.045	0.172	0.072	0.096	0.141	0.000	0.149	0.168
31	0.142	0.037	0.125	0.143	0.045	0.120	0.072	0.089	0.163	0.018	0.112	0.098	0.056	0.157	0.061	0.140	0.112	0.027	0.146	0.102	0.095	0.126	0.033	0.124	0.122	0.052	0.181	0.064	0.099	0.144	0.000	0.078
40	0.166	0.098	0.077	0.173	0.055	0.101	0.122	0.031	0.170	0.097	0.082	0.131	0.026	0.157	0.133	0.066	0.128	0.058	0.111	0.158	0.018	0.125	0.090	0.075	0.172	0.043	0.156	0.112	0.039	0.155	0.083	0.000

[*,*,10]:	1	2	3	4	5	6	7	8	9	10	11	12	13	14	15	16	17	18	19	20	21	22	23	24	25	26	27	28	29	30	31	40:=
1	0.000	0.098	0.148	0.018	0.169	0.080	0.069	0.148	0.035	0.141	0.099	0.041	0.132	0.080	0.107	0.167	0.038	0.120	0.114	0.066	0.165	0.052	0.102	0.121	0.022	0.170	0.095	0.075	0.135	0.025	0.140	0.000
2	0.106	0.000	0.127	0.093	0.073	0.102	0.034	0.098	0.117	0.035	0.102	0.063	0.072	0.135	0.026	0.133	0.082	0.041	0.134	0.055	0.102	0.100	0.018	0.122	0.086	0.077	0.143	0.027	0.106	0.112	0.036	0.098
3	0.139	0.123	0.000	0.150	0.119	0.060	0.130	0.039	0.127	0.142	0.043	0.122	0.071	0.097	0.158	0.027	0.105	0.097	0.049	0.161	0.060	0.089	0.117	0.018	0.154	0.109	0.090	0.122	0.031	0.120	0.130	0.067
4	0.018	0.098	0.146	0.000	0.159	0.090	0.066	0.144	0.044	0.129	0.098	0.038	0.139	0.086	0.094	0.163	0.042	0.124	0.116	0.054	0.159	0.055	0.103	0.134	0.018	0.160	0.099	0.074	0.147	0.034	0.129	0.165
5	0.168	0.075	0.112	0.172	0.000	0.128	0.107	0.074	0.183	0.054	0.114	0.128	0.045	0.165	0.102	0.116	0.135	0.044	0.145	0.139	0.067	0.142	0.069	0.116	0.150	0.018	0.185	0.099	0.084	0.164	0.044	0.051
6	0.085	0.101	0.062	0.085	0.124	0.000	0.093	0.072	0.063	0.122	0.020	0.075	0.086	0.047	0.118	0.084	0.045	0.094	0.038	0.105	0.093	0.027	0.098	0.048	0.088	0.118	0.053	0.079	0.069	0.067	0.114	0.101
7	0.072	0.033	0.128	0.068	0.112	0.091	0.000	0.109	0.088	0.072	0.098	0.031	0.091	0.114	0.036	0.156	0.056	0.067	0.123	0.024	0.132	0.079	0.039	0.121	0.052	0.115	0.139	0.018	0.115	0.082	0.066	0.118
8	0.134	0.102	0.042	0.142	0.076	0.067	0.118	0.000	0.132	0.102	0.048	0.108	0.036	0.116	0.125	0.042	0.099	0.067	0.083	0.138	0.025	0.092	0.084	0.046	0.142	0.065	0.114	0.097	0.018	0.136	0.089	0.032
9	0.035	0.118	0.119	0.042	0.181	0.064	0.093	0.128	0.000	0.162	0.086	0.063	0.135	0.043	0.121	0.155	0.042	0.131	0.079	0.089	0.163	0.038	0.120	0.107	0.052	0.161	0.064	0.096	0.129	0.018	0.142	0.155
10	0.134	0.038	0.144	0.134	0.052	0.121	0.066	0.107	0.157	0.000	0.115	0.093	0.073	0.171	0.049	0.144	0.109	0.038	0.163	0.091	0.103	0.124	0.034	0.142	0.127	0.061	0.177	0.061	0.105	0.154	0.018	0.086
11	0.102	0.097	0.042	0.099	0.119	0.022	0.097	0.049	0.081	0.112	0.000	0.085	0.067	0.063	0.115	0.070	0.065	0.081	0.039	0.111	0.071	0.050	0.092	0.029	0.101	0.099	0.073	0.089	0.046	0.086	0.102	0.079
12	0.041	0.058	0.130	0.037	0.129	0.070	0.030	0.119	0.064	0.098	0.082	0.000	0.098	0.095	0.067	0.146	0.027	0.081	0.112	0.037	0.134	0.051	0.061	0.107	0.030	0.130	0.108	0.034	0.110	0.056	0.097	0.122
13	0.143	0.072	0.073	0.133	0.044	0.087	0.095	0.034	0.134	0.067	0.071	0.106	0.000	0.128	0.095	0.072	0.105	0.033	0.105	0.116	0.034	0.106	0.063	0.074	0.130	0.035	0.130	0.085	0.043	0.135	0.053	0.026
14	0.076	0.131	0.097	0.088	0.175	0.046	0.115	0.108	0.046	0.170	0.064	0.089	0.125	0.000	0.156	0.120	0.063	0.131	0.041	0.131	0.141	0.042	0.130	0.076	0.098	0.170	0.018	0.114	0.105	0.051	0.163	0.138
15	0.109	0.028	0.154	0.094	0.094	0.125	0.035	0.126	0.126	0.047	0.114	0.068	0.100	0.152	0.000	0.160	0.094	0.068	0.157	0.045	0.130	0.104	0.038	0.148	0.086	0.101	0.160	0.038	0.135	0.120	0.055	0.127
16	0.165	0.136	0.026	0.177	0.116	0.087	0.148	0.041	0.156	0.150	0.068	0.145	0.074	0.113	0.174	0.000	0.130	0.104	0.074	0.183	0.051	0.116	0.130	0.040	0.161	0.106	0.118	0.140	0.035	0.147	0.137	0.061
17	0.041	0.081	0.107	0.040	0.131	0.045	0.058	0.105	0.041	0.111	0.061	0.029	0.104	0.064	0.089	0.126	0.000	0.095	0.083	0.063	0.122	0.023	0.082	0.095	0.041	0.130	0.078	0.051	0.107	0.037	0.107	0.127
18	0.125	0.039	0.096	0.127	0.046	0.091	0.067	0.062	0.124	0.042	0.082	0.085	0.032	0.129	0.070	0.110	0.092	0.000	0.116	0.088	0.070	0.101	0.031	0.094	0.109	0.045	0.150	0.057	0.070	0.123	0.024	0.056
19	0.103	0.139	0.052	0.115	0.148	0.035	0.133	0.083	0.082	0.155	0.038	0.101	0.109	0.044	0.155	0.076	0.078	0.126	0.000	0.143	0.103	0.056	0.121	0.041	0.121	0.141	0.038	0.115	0.078	0.091	0.146	0.117
20	0.065	0.055	0.150	0.052	0.138	0.107	0.025	0.134	0.089	0.094	0.118	0.036	0.117	0.122	0.043	0.181	0.064	0.092	0.139	0.000	0.160	0.089	0.064	0.142	0.042	0.128	0.149	0.038	0.140	0.082	0.089	0.144
21	0.157	0.112	0.061	0.165	0.065	0.092	0.121	0.026	0.158	0.103	0.073	0.127	0.037	0.142	0.135	0.049	0.121	0.064	0.108	0.155	0.000	0.116	0.093	0.069	0.165	0.053	0.139	0.112	0.029	0.162	0.090	0.018
22	0.054	0.095	0.088	0.056	0.148	0.029	0.078	0.094	0.035	0.120	0.050	0.052	0.101	0.041	0.106	0.121	0.025	0.100	0.057	0.084	0.113	0.000	0.094	0.075	0.060	0.129	0.060	0.076	0.093	0.038	0.115	0.120
23	0.102	0.018	0.124	0.101	0.070	0.091	0.037	0.093	0.122	0.035	0.089	0.061	0.058	0.138	0.037	0.131	0.076	0.030	0.134	0.065	0.098	0.091	0.000	0.107	0.095	0.073	0.146	0.029	0.091	0.118	0.032	0.084
24	0.132	0.122	0.018	0.128	0.113	0.049	0.126	0.044	0.106	0.130	0.031	0.116	0.074	0.078	0.141	0.039	0.096	0.098	0.039	0.141	0.063	0.079	0.116	0.000	0.131	0.105	0.073	0.118	0.037	0.112	0.119	0.076
25	0.021	0.084	0.154	0.018	0.160	0.087	0.053	0.133	0.055	0.126	0.104	0.029	0.126	0.098	0.088	0.171	0.040	0.110	0.113	0.045	0.163	0.061	0.089	0.127	0.000	0.161	0.112	0.061	0.136	0.041	0.127	0.151
26	0.173	0.081	0.106	0.160	0.018	0.125	0.113	0.066	0.167	0.058	0.098	0.132	0.037	0.165	0.101	0.097	0.137	0.044	0.143	0.133	0.051	0.128	0.074	0.110	0.156	0.000	0.166	0.104	0.076	0.168	0.047	0.041
27	0.094	0.146	0.085	0.108	0.185	0.055	0.132	0.112	0.064	0.184	0.070	0.107	0.133	0.018	0.174	0.118	0.080	0.142	0.037	0.150	0.145	0.058	0.145	0.075	0.105	0.180	0.000	0.130	0.108	0.068	0.177	0.143
28	0.080	0.027	0.125	0.069	0.096	0.079	0.018	0.103	0.094	0.062	0.083	0.036	0.084	0.116	0.036	0.136	0.051	0.058	0.122	0.037	0.113	0.071	0.031	0.117	0.062	0.098	0.127	0.000	0.109	0.088	0.061	0.112
29	0.141	0.102	0.031	0.149	0.088	0.067	0.115	0.018	0.122	0.115	0.047	0.115	0.042	0.104	0.137	0.037	0.104	0.070	0.072	0.133	0.032	0.094	0.095	0.035	0.135	0.077	0.114	0.106	0.000	0.127	0.091	0.038
30	0.023	0.117	0.129	0.034	0.168	0.063	0.089	0.136	0.018	0.146	0.084	0.051	0.141	0.055	0.119	0.150	0.035	0.133	0.091	0.084	0.154	0.037	0.107	0.117	0.044	0.166	0.070	0.083	0.137	0.000	0.144	0.163
31	0.138	0.036	0.121	0.124	0.044	0.116	0.070	0.086	0.142	0.018	0.108	0.095	0.054	0.152	0.053	0.136	0.109	0.026	0.142	0.089	0.092	0.122	0.032	0.120	0.119	0.045	0.175	0.062	0.096	0.140	0.000	0.075
40	0.161	0.095	0.067	0.168	0.054	0.098	0.118	0.030	0.148	0.094	0.079	0.127	0.025	0.136	0.129	0.064	0.124	0.056	0.108	0.137	0.018	0.121	0.087	0.073	0.149	0.041	0.151	0.108	0.038	0.150	0.072	0.000

;

param g :=
[*,*,1]:	1	2	3	4	5	6	7	8	9	10	11	12	13	14	15	16	17	18	19	20	21	22	23	24	25	26	27	28	29	30	31	40:=
1	0.000	1174.898	1503.767	366.660	1865.199	1037.465	948.296	1553.185	616.663	1640.589	1259.619	728.798	1583.349	1033.056	1101.682	1774.978	580.561	1353.687	1197.673	805.849	1799.682	758.182	1231.505	1420.518	477.301	1721.038	1194.228	1020.927	1592.012	548.554	1519.746	0.000
2	1164.204	0.000	1475.602	1176.081	995.700	1176.532	613.639	1250.692	1434.547	681.031	1214.321	732.849	888.005	1482.690	480.557	1486.754	934.493	603.793	1517.671	789.358	1243.552	1129.924	386.206	1444.348	1125.348	1051.497	1669.915	575.349	1239.476	1410.725	543.573	1108.691
3	1601.389	1458.216	0.000	1582.353	1447.884	909.030	1566.292	725.778	1273.022	1407.205	624.862	1377.888	907.260	1063.406	1583.973	523.379	1257.428	1188.970	749.518	1651.587	815.975	1154.520	1420.174	467.211	1630.213	1266.615	1206.236	1350.673	511.263	1350.753	1323.764	939.821
4	419.527	1158.244	1703.799	0.000	1844.571	961.973	772.009	1564.278	643.984	1446.351	1167.707	579.042	1433.927	1078.230	1165.991	1818.565	655.355	1351.575	1403.895	833.187	1817.270	861.209	1219.453	1484.767	312.067	1710.054	1155.091	851.653	1468.673	570.346	1468.411	1713.771
5	1918.019	1060.513	1256.934	1655.624	0.000	1424.454	1238.197	943.566	1792.469	719.964	1340.435	1476.672	712.994	1842.969	1162.297	1292.570	1589.004	745.302	1701.987	1520.742	926.111	1534.057	862.650	1307.455	1637.337	354.924	1800.325	1180.279	1052.542	1811.080	657.286	839.442
6	931.849	1074.207	809.463	1034.339	1407.157	0.000	1050.890	875.253	870.077	1433.577	492.794	936.697	1040.322	762.845	1433.961	1131.853	775.666	1146.471	524.189	1200.980	1094.781	490.839	1062.090	654.100	1084.107	1370.763	776.564	1021.245	874.821	865.132	1370.417	1073.249
7	914.588	558.112	1460.794	834.541	1213.715	1132.335	0.000	1322.168	1138.573	923.227	1143.290	629.593	1198.096	1416.652	664.420	1511.803	741.516	848.248	1383.119	469.191	1356.630	918.010	633.624	1405.687	775.100	1259.177	1461.890	423.005	1396.274	1098.632	955.766	1351.612
8	1523.351	1129.727	634.620	1619.542	1008.388	940.688	1308.911	0.000	1570.299	1293.648	803.240	1367.627	506.847	1183.849	1391.912	627.406	1164.242	810.413	954.520	1555.659	507.828	1142.637	1081.116	684.630	1500.254	927.980	1393.178	1242.749	421.179	1491.961	1189.204	546.008
9	618.929	1402.719	1418.857	713.121	1844.842	870.575	1214.319	1552.076	0.000	1561.608	937.672	810.308	1496.767	643.405	1383.458	1554.583	618.720	1497.625	1027.976	1127.680	1666.260	626.401	1437.908	1324.202	819.167	1845.930	886.447	1162.578	1408.517	314.273	1551.475	1751.360
10	1569.632	649.000	1538.717	1595.969	837.810	1490.415	825.154	1110.945	1537.232	0.000	1320.120	1122.765	870.606	1699.934	731.501	1627.410	1316.969	657.676	1677.182	1081.764	1286.906	1496.544	660.998	1544.397	1425.923	775.936	1869.052	795.241	1214.728	1529.117	379.847	1128.260
11	1196.498	1257.942	753.211	1134.452	1210.106	408.722	1135.505	701.626	1009.129	1305.469	0.000	984.819	914.219	882.207	1381.941	901.361	866.267	1082.584	703.911	1384.875	1015.180	783.856	976.011	492.633	1173.420	1162.893	854.383	997.414	690.734	1067.229	1229.840	1087.769
12	592.798	757.688	1313.389	546.984	1445.727	902.695	541.858	1263.979	811.310	1200.278	1061.341	0.000	1225.138	1111.169	887.088	1702.868	597.355	1112.696	1300.209	515.846	1464.407	700.592	806.993	1241.118	506.939	1344.446	1275.754	592.457	1317.373	766.549	1115.242	1359.430
13	1427.111	913.505	935.658	1498.970	679.217	1005.320	1080.119	613.269	1552.522	934.047	912.004	1214.467	0.000	1543.637	1240.849	1037.650	1087.533	492.864	1207.584	1319.143	564.051	1138.943	790.495	963.367	1493.912	613.600	1508.167	1011.604	673.329	1580.471	826.772	464.685
14	965.595	1488.616	1088.906	1025.173	1927.770	729.082	1384.774	1326.495	712.587	1753.034	944.721	1185.926	1525.754	0.000	1522.199	1348.674	822.979	1462.777	635.717	1356.431	1446.442	665.429	1498.754	1000.773	1119.481	1735.037	487.670	1391.176	1318.779	821.301	1716.484	1556.277
15	1196.954	525.499	1736.721	1191.491	1197.095	1372.235	632.768	1522.113	1531.153	799.224	1277.657	788.337	1060.694	1647.841	0.000	1748.203	1046.942	840.472	1739.432	701.588	1504.505	1279.179	630.372	1558.415	1127.476	1276.819	1843.285	676.233	1488.415	1331.778	731.724	1353.727
16	1853.512	1588.361	568.372	1815.358	1318.070	1163.695	1746.166	594.221	1525.419	1476.780	866.958	1596.239	940.779	1318.578	1720.332	0.000	1498.453	1267.439	997.482	1841.424	743.970	1412.497	1545.479	719.099	1859.905	1245.249	1194.928	1525.719	557.367	1604.602	1388.765	888.720
17	677.196	1020.962	1352.946	732.807	1433.658	639.666	710.167	1109.730	626.305	1284.588	829.507	510.998	1146.486	885.386	1121.042	1480.493	0.000	1111.549	1018.632	924.412	1487.453	569.809	1045.927	1005.321	597.122	1435.674	964.183	724.398	1143.666	567.716	1265.550	1411.017
18	1525.914	578.051	1112.035	1288.233	619.313	1092.087	873.748	835.992	1430.490	625.021	968.314	1083.524	598.080	1518.710	903.368	1244.236	1193.790	0.000	1438.615	1182.928	799.165	1058.389	515.330	1111.229	1263.836	630.015	1510.234	798.460	932.471	1436.003	523.509	733.683
19	1190.405	1399.659	680.154	1325.577	1644.107	600.225	1391.531	980.020	1058.284	1753.126	671.297	1267.272	1243.583	705.234	1793.513	1062.362	1088.928	1261.914	0.000	1559.885	1197.981	768.151	1386.389	602.816	1283.834	1593.554	637.352	1366.870	951.951	1071.032	1682.562	1210.752
20	857.725	777.371	1673.178	762.606	1440.842	1192.457	540.064	1561.412	1153.180	1114.304	1324.945	680.519	1448.767	1503.604	608.969	1732.317	763.122	1096.838	1538.803	0.000	1596.501	1016.737	871.866	1611.760	690.303	1497.132	1557.135	636.295	1635.313	1098.401	1173.241	1606.573
21	1743.412	1224.411	804.280	1841.875	916.171	1179.773	1455.896	553.940	1667.043	1312.406	1043.701	1396.578	532.150	1416.330	1492.906	698.348	1382.762	862.312	1175.914	1572.618	0.000	1379.482	1174.412	891.116	1697.012	824.861	1637.408	1388.945	624.853	1717.909	959.078	406.068
22	754.226	1198.042	1138.481	849.413	1573.286	591.126	1080.669	1236.090	540.776	1343.454	647.856	672.308	1184.715	632.479	1246.534	1280.764	484.696	1214.798	829.530	1089.655	1364.586	0.000	1115.276	1038.080	906.325	1559.275	867.931	842.416	1088.823	578.534	1307.721	1430.732
23	1282.505	422.791	1383.685	1201.619	1013.404	1061.482	568.620	1005.176	1257.130	574.748	1083.017	832.493	815.542	1430.830	598.308	1514.707	1014.301	589.240	1442.936	871.964	1251.957	1198.489	0.000	1359.475	1000.217	828.015	1588.315	507.659	1092.911	1242.927	530.747	1117.314
24	1454.153	1495.348	343.602	1411.116	1286.060	641.283	1294.296	661.134	1246.540	1483.681	536.317	1253.402	988.867	1030.446	1628.099	686.211	1132.606	1153.130	712.483	1666.894	953.935	870.162	1184.779	0.000	1459.992	1221.926	938.992	1248.266	576.588	1323.857	1397.625	994.383
25	410.198	1008.405	1519.713	338.216	1739.297	1068.429	762.986	1516.285	749.092	1346.851	1268.477	579.554	1500.997	1144.981	1074.554	1942.642	725.910	1393.035	1267.043	598.147	1589.173	806.812	1074.950	1441.327	0.000	1616.063	1319.435	851.802	1566.300	683.401	1374.769	1635.914
26	1691.381	932.076	1249.124	1761.054	392.354	1334.304	1239.500	916.821	1872.533	864.876	1247.119	1443.755	653.668	1896.124	1302.319	1119.535	1368.501	596.810	1563.704	1485.860	729.471	1453.727	891.847	1197.832	1745.277	0.000	1852.300	1181.383	954.464	1895.238	779.474	591.349
27	1143.245	1637.333	1081.551	1195.248	1851.325	825.373	1551.289	1372.312	874.931	1884.379	1008.482	1359.578	1447.675	376.117	1679.367	1220.428	994.328	1579.811	604.973	1527.471	1489.565	827.498	1643.225	1003.861	1293.924	1822.836	0.000	1553.439	1355.296	990.391	1841.653	1615.336
28	967.959	530.485	1474.821	968.089	1221.762	1072.245	448.547	1214.486	1238.327	783.867	994.452	529.125	936.304	1326.801	590.648	1530.511	749.898	766.658	1304.776	640.713	1356.771	970.766	581.986	1306.088	913.778	1259.739	1535.363	0.000	1124.610	956.749	796.291	1236.223
29	1634.033	1279.185	627.365	1596.187	1091.480	990.642	1285.774	295.981	1367.896	1194.946	632.807	1324.608	648.954	1241.063	1426.861	597.433	1259.664	957.971	980.302	1564.010	593.891	1124.935	1228.867	684.215	1621.713	857.171	1168.426	1217.042	0.000	1424.777	1100.520	680.880
30	559.208	1331.705	1441.348	524.819	1782.242	818.192	982.272	1381.461	351.090	1625.608	1051.740	754.361	1461.666	751.097	1414.594	1708.484	643.358	1444.359	1096.532	1129.280	1793.217	707.708	1210.533	1193.963	591.551	1786.822	892.609	1029.605	1406.704	0.000	1619.410	1716.969
31	1493.785	555.344	1360.141	1396.021	611.003	1219.323	910.491	1072.098	1602.475	417.868	1199.719	1191.343	814.652	1738.648	822.293	1470.583	1255.853	594.550	1686.146	1037.241	991.233	1246.141	530.536	1366.018	1359.095	685.810	1733.065	798.025	1177.349	1598.084	0.000	921.565
40	1777.119	1169.274	916.605	1708.444	760.416	1236.542	1428.112	613.713	1724.251	1137.613	1026.434	1396.567	455.446	1501.036	1316.284	778.795	1405.353	784.683	1274.607	1558.882	403.653	1307.186	1114.506	989.906	1715.465	674.909	1596.169	1355.648	706.380	1767.178	879.264	0.000

[*,*,2]:	1	2	3	4	5	6	7	8	9	10	11	12	13	14	15	16	17	18	19	20	21	22	23	24	25	26	27	28	29	30	31	40:=
1	0.000	1252.532	1606.179	381.947	1815.455	1101.666	1005.436	1655.848	647.764	1601.839	1337.113	766.094	1684.808	931.039	1178.435	1726.053	615.586	1446.537	1278.524	856.577	1752.751	803.245	1311.734	1514.803	499.671	1838.043	1170.179	1081.974	1695.787	573.066	1617.819	0.000
2	1240.333	0.000	1572.436	1250.222	1055.921	1250.165	643.926	1225.501	1524.712	714.162	1125.906	781.250	872.386	1585.141	507.492	1589.266	994.884	638.532	1480.121	836.221	1324.247	1201.765	401.018	1412.056	1194.067	1114.347	1779.210	601.299	1315.716	1219.071	577.098	1180.126
3	1707.258	1553.181	0.000	1686.501	1416.383	959.656	1665.950	600.222	1362.404	1506.693	618.684	1472.092	965.793	1133.425	1693.434	522.733	1339.209	1265.360	792.401	1762.659	863.052	1132.250	1510.535	485.496	1736.140	1344.721	1022.858	1444.518	541.787	1444.262	1415.067	995.549
4	434.914	1229.568	1662.205	0.000	1803.333	1027.521	822.749	1524.603	683.047	1545.299	1245.441	611.741	1531.558	1057.206	1240.472	1941.994	690.548	1439.409	1373.366	879.410	1937.087	908.683	1293.765	1417.633	316.802	1830.453	1233.601	906.898	1570.632	567.396	1567.250	1827.299
5	2043.502	959.984	1344.632	1773.471	0.000	1389.089	1321.283	1004.197	1917.154	762.840	1310.661	1574.221	752.938	1967.926	1235.493	1375.477	1551.018	784.395	1812.776	1617.719	816.084	1494.858	919.346	1397.233	1751.883	371.864	1927.303	1154.863	1119.786	1935.228	693.916	722.186
6	994.467	1147.360	797.286	1101.973	1502.518	0.000	1118.844	929.470	857.047	1527.495	515.573	992.590	1103.754	755.716	1524.499	1199.470	816.026	1053.083	556.738	1173.232	1168.383	518.601	1132.655	693.247	1062.955	1461.660	822.569	1085.327	927.438	916.622	1339.867	1146.137
7	898.347	589.540	1559.800	885.908	1293.622	1110.364	0.000	1407.298	1209.601	977.586	1214.120	627.316	1270.522	1505.276	534.287	1619.648	731.175	903.230	1477.949	494.726	1449.140	976.800	628.690	1498.787	820.457	1340.825	1558.791	427.506	1485.264	1165.028	1011.036	1442.349
8	1626.702	1203.032	669.767	1579.175	1069.769	996.612	1392.397	0.000	1534.388	1373.051	845.497	1290.624	537.933	1266.241	1357.434	665.307	1242.160	861.240	1015.945	1517.825	533.524	1215.540	1149.084	722.129	1599.708	914.068	1481.514	1319.536	435.383	1587.264	1006.440	574.841
9	615.759	1493.464	1510.622	751.321	1968.677	919.879	1190.783	1650.420	0.000	1672.648	1001.055	797.795	1599.636	681.951	1477.512	1661.508	653.951	1461.129	1092.102	1198.994	1778.146	658.894	1406.153	1407.163	863.901	1967.896	935.422	1070.781	1372.799	329.958	1659.886	1706.443
10	1672.360	681.777	1638.886	1559.439	882.472	1422.225	880.189	1187.348	1646.023	0.000	1409.352	1196.913	925.354	1817.595	723.663	1736.237	1402.348	692.969	1789.555	1148.534	1260.065	1591.997	693.260	1643.169	1354.038	764.048	2001.048	846.488	1297.304	1635.397	398.095	1197.222
11	1270.099	1233.111	629.485	1212.688	1293.835	431.090	1111.583	744.366	1074.547	1392.981	0.000	1047.422	899.560	934.760	1471.793	954.573	916.416	1063.936	739.826	1471.525	1073.659	662.877	1043.145	491.019	1252.922	1241.351	909.190	1062.761	683.753	1135.416	1309.943	1069.853
12	630.094	806.977	1404.549	579.327	1409.891	959.973	571.545	1347.925	860.509	1175.860	1127.179	0.000	1302.715	1179.829	938.307	1660.994	624.712	1178.391	1218.310	547.686	1428.023	744.527	858.484	1325.048	534.798	1435.878	1247.129	624.548	1403.636	810.823	1185.689	1453.996
13	1526.547	897.886	995.273	1600.598	718.711	1069.160	1149.366	610.027	1654.725	989.471	965.379	1290.540	0.000	1641.744	1316.025	935.686	1162.802	522.365	1179.907	1408.940	596.694	1214.693	839.402	946.870	1593.388	646.706	1608.440	1073.981	709.487	1542.486	872.616	490.078
14	1026.955	1589.080	1158.925	1090.044	1877.450	769.424	1473.974	1411.096	750.273	1869.885	931.132	1256.800	1460.466	0.000	1630.189	1316.766	875.434	1562.961	673.207	1448.279	1545.030	659.636	1598.199	1062.513	1189.885	1852.134	490.148	1479.149	1401.097	865.757	1828.613	1661.576
15	1274.727	551.643	1692.344	1265.972	1271.721	1459.880	663.801	1488.244	1627.691	679.040	1366.923	840.195	1133.009	1604.234	0.000	1869.531	1115.068	892.545	1695.284	741.146	1603.991	1361.487	663.096	1661.670	1106.517	1355.787	1964.733	709.141	1421.299	1299.866	778.624	1443.022
16	1977.349	1692.237	594.980	1936.303	1400.977	1142.341	1696.933	631.705	1633.068	1580.655	852.710	1705.915	1001.056	1407.082	1839.221	0.000	1462.239	1348.892	1058.332	1965.954	784.787	1381.964	1644.361	755.666	1982.286	1159.377	1278.819	1485.991	590.651	1716.380	1484.112	939.848
17	711.467	1080.971	1325.477	607.476	1534.209	680.026	755.430	1185.147	620.700	1370.516	880.893	537.820	1221.263	872.312	1191.347	1577.533	0.000	1180.237	1079.919	911.259	1581.586	594.551	944.737	1074.515	591.982	1534.608	1027.499	769.239	1219.972	599.693	1237.302	1500.550
18	1330.010	614.163	1187.939	1377.244	657.103	1070.035	928.730	887.747	1526.816	659.925	1029.003	1062.933	628.680	1618.238	956.087	1322.581	1171.442	0.000	1528.669	1091.953	852.492	1131.178	513.192	1185.427	1349.267	667.155	1614.067	787.904	989.939	1530.975	549.295	781.365
19	1271.784	1496.737	722.039	1294.487	1756.370	633.673	1484.509	1041.445	1039.287	1870.088	706.825	1347.393	1321.671	741.882	1748.609	1123.966	990.688	1350.217	0.000	1520.368	1278.495	816.080	1480.665	637.324	1369.976	1553.518	672.173	1456.226	1009.646	1137.456	1641.994	1293.240
20	844.422	824.506	1787.271	807.766	1537.172	1269.653	539.836	1663.644	1224.494	1182.381	1408.801	676.968	1539.141	1436.407	647.650	1855.999	812.659	1073.560	1644.441	0.000	1706.319	1082.261	858.972	1719.417	728.540	1595.928	1660.373	668.968	1595.619	1163.984	1244.143	1565.430
21	1862.455	1304.066	851.645	1794.955	969.875	1252.913	1549.643	578.908	1776.661	1285.565	941.768	1494.587	564.445	1515.592	1456.108	740.843	1476.287	916.300	1253.381	1680.214	0.000	1469.341	1248.609	943.551	1810.558	815.498	1743.168	1475.902	653.804	1668.000	1024.916	423.614
22	797.226	1173.852	1208.347	897.170	1675.539	618.332	1063.009	1148.415	574.159	1437.054	688.377	714.244	1158.508	669.485	1329.378	1365.984	508.970	1189.856	878.024	1157.295	1452.711	0.000	1183.961	1020.733	956.862	1658.657	753.238	899.178	1065.970	613.336	1396.880	1398.929
23	1362.734	437.743	1471.139	1274.961	836.408	1133.861	603.531	1072.712	1343.594	571.333	1153.657	883.984	865.348	1527.045	630.675	1478.207	1076.127	618.654	1536.589	921.899	1227.514	1270.772	0.000	1281.856	1068.842	883.170	1546.591	536.576	1165.448	1326.566	559.832	1184.639
24	1546.572	1301.556	362.098	1509.331	1374.675	680.658	1383.191	654.558	1328.976	1583.772	564.415	1335.690	972.370	1093.337	1735.604	722.376	1202.250	1224.062	707.462	1773.851	845.512	928.745	1267.019	0.000	1560.109	1303.992	999.424	1331.884	608.594	1293.772	1489.483	889.712
25	433.079	1075.851	1625.640	353.906	1694.235	1137.341	808.608	1618.459	792.789	1435.864	1241.376	608.126	1598.548	1215.385	1139.302	1893.623	762.200	1317.520	1355.506	635.533	1701.941	794.234	1145.789	1539.506	0.000	1727.324	1290.417	902.598	1670.435	720.640	1464.132	1750.401
26	1810.007	992.594	1221.169	1881.453	409.481	1422.295	1320.078	903.227	1997.793	914.327	1325.073	1536.427	685.719	1847.747	1219.787	1196.646	1464.246	633.532	1524.355	1587.276	773.852	1552.454	947.700	1276.740	1699.957	0.000	1977.633	1255.839	1011.344	1847.315	821.043	625.708
27	1217.119	1748.090	1150.195	1272.245	1978.303	814.933	1652.125	1459.514	924.204	2010.278	993.422	1281.143	1549.280	396.541	1798.373	1304.319	975.145	1687.888	639.420	1631.407	1590.523	816.508	1752.600	1065.046	1376.705	1945.644	0.000	1517.078	1439.515	1046.860	1800.832	1724.165
28	1027.513	556.307	1441.431	1025.042	1297.420	1136.327	464.850	1288.813	1053.033	835.420	1061.486	560.546	998.284	1296.293	624.448	1634.511	794.739	812.339	1391.220	636.458	1444.289	1028.960	610.323	1389.153	901.518	1336.606	1632.695	0.000	1202.700	1021.758	783.788	1315.691
29	1594.071	1358.969	657.730	1699.533	1156.222	815.031	1374.764	310.309	1462.702	1276.447	671.068	1293.554	686.558	1322.853	1522.520	629.662	1233.412	1015.439	1039.075	1666.579	622.546	1193.709	1204.795	717.451	1563.664	914.769	1249.418	1189.876	0.000	1522.102	1173.171	715.708
30	583.837	1414.558	1370.890	521.704	1908.056	871.288	1047.426	1476.764	356.038	1736.209	1119.084	798.896	1559.580	794.509	1382.101	1821.751	676.213	1537.476	1162.956	1109.563	1909.363	580.639	1294.721	1276.683	627.956	1738.088	949.769	1096.725	1502.123	0.000	1579.586	1828.833
31	1456.037	589.046	1453.883	1492.312	647.427	1301.828	895.029	1140.810	1710.886	436.335	1277.262	1167.859	860.761	1853.830	868.109	1565.296	1333.998	594.194	1632.410	1108.143	1058.357	1332.415	528.407	1458.468	1450.840	726.446	1852.923	846.331	1152.982	1704.343	0.000	904.126
40	1730.310	1244.001	971.995	1823.530	803.137	1212.042	1518.849	642.991	1837.013	1205.698	924.216	1361.290	481.722	1605.643	1406.777	828.107	1372.322	832.365	1358.717	1664.278	421.067	1393.163	1093.085	1049.264	1829.193	709.651	1700.722	1327.776	741.208	1719.808	938.392	0.000

[*,*,3]:	1	2	3	4	5	6	7	8	9	10	11	12	13	14	15	16	17	18	19	20	21	22	23	24	25	26	27	28	29	30	31	40:=
1	0.000	1311.503	1683.418	395.427	1903.978	1063.643	1049.400	1733.181	672.830	1676.598	1288.686	795.563	1599.673	976.856	1237.028	1813.451	601.932	1516.537	1339.912	896.027	1838.982	781.576	1372.465	1585.931	518.324	1926.178	1223.399	1046.585	1773.753	593.270	1691.970	0.000
2	1298.401	0.000	1508.051	1306.520	1102.179	1306.340	668.417	1280.290	1465.003	579.122	1181.618	818.994	914.708	1516.121	529.416	1666.399	1041.365	666.289	1551.891	812.679	1385.385	1256.568	414.144	1477.759	1152.880	1162.425	1861.294	622.572	1212.433	1280.680	564.697	1234.815
3	1634.433	1624.722	0.000	1765.104	1480.977	933.398	1579.330	628.756	1430.106	1581.973	647.351	1409.010	1010.773	1186.895	1775.932	544.058	1287.244	1323.295	826.003	1846.237	899.865	1183.026	1450.662	501.130	1815.859	1242.738	1073.957	1382.599	566.324	1514.823	1484.175	1038.440
4	448.456	1284.176	1739.531	0.000	1893.320	1077.724	862.209	1600.659	666.329	1619.662	1304.484	637.953	1605.474	1106.270	1193.863	2034.290	718.561	1506.055	1436.596	856.784	2026.647	945.636	1188.936	1489.152	330.476	1745.492	1293.146	949.568	1647.632	591.952	1501.211	1912.778
5	1793.979	1006.692	1410.950	1862.008	0.000	1457.857	1267.486	1050.705	2010.585	796.536	1372.833	1509.246	784.335	2061.445	1291.349	1438.586	1623.387	767.343	1895.855	1529.395	856.080	1570.246	888.080	1464.919	1837.801	386.541	2022.758	1209.962	1079.221	2028.047	722.979	700.832
6	1042.527	1203.247	834.781	1061.681	1574.268	0.000	1170.862	971.522	895.128	1464.652	534.484	1035.733	1152.516	786.133	1465.309	1251.018	686.285	1105.217	582.889	1231.534	1122.508	541.144	1186.524	724.210	1113.036	1402.174	858.380	1134.404	968.230	956.674	1402.018	1201.767
7	940.839	578.890	1634.289	925.743	1354.459	1161.593	0.000	1471.599	1263.750	1019.654	1268.365	650.622	1225.629	1410.694	559.503	1700.962	766.096	873.377	1549.314	515.662	1519.132	1022.210	655.648	1436.626	855.830	1402.795	1632.083	441.613	1427.351	1215.687	1053.681	1382.995
8	1704.447	1258.967	697.824	1654.816	1034.101	1039.690	1455.711	0.000	1605.166	1323.048	717.078	1354.606	562.965	1328.973	1424.984	649.250	1301.273	900.680	1063.235	1591.299	527.835	1270.938	1200.998	751.855	1674.962	953.361	1423.333	1377.825	448.052	1497.886	1056.678	598.204
9	640.623	1434.104	1579.754	781.504	2061.599	958.327	1243.298	1422.380	0.000	1756.104	1049.780	835.762	1530.271	712.330	1548.471	1742.051	682.070	1531.451	1054.141	1253.291	1862.220	684.979	1471.102	1354.225	898.786	2059.232	812.047	1124.200	1442.051	332.457	1741.232	1788.335
10	1749.563	708.023	1714.574	1631.084	699.635	1492.483	922.662	1245.551	1728.130	0.000	1350.422	1253.278	967.661	1906.104	755.073	1661.956	1466.830	721.029	1874.085	1199.801	1317.121	1527.871	719.085	1556.157	1421.991	801.138	1907.651	886.115	1359.884	1715.469	413.749	1249.862
11	1326.379	1125.906	613.535	1272.032	1357.326	449.754	1165.549	724.615	1124.494	1459.163	0.000	1095.630	939.879	906.466	1539.608	995.757	955.443	1110.505	725.706	1536.933	957.146	694.816	1094.678	513.415	1202.119	1300.857	951.540	1112.926	713.962	1094.668	1370.584	953.896
12	659.563	845.254	1473.553	605.325	1479.306	927.732	595.492	1411.576	898.839	1230.521	1088.369	0.000	1361.644	1232.363	978.159	1738.705	617.462	1067.091	1278.785	573.293	1499.464	723.790	898.290	1388.615	557.468	1505.244	1306.636	613.344	1468.834	845.474	1239.592	1525.247
13	1601.697	940.208	961.598	1676.912	749.838	1118.166	1202.451	634.660	1584.961	1032.184	1006.682	1348.567	0.000	1576.308	1211.578	981.444	1220.174	546.278	1238.112	1349.539	622.797	1272.352	877.519	990.423	1526.823	673.124	1683.939	1121.917	738.286	1614.854	849.925	510.975
14	991.305	1664.631	1212.395	1139.860	1968.433	751.651	1541.239	1475.154	780.136	1957.908	969.981	1051.703	1532.918	0.000	1711.608	1381.930	847.667	1638.224	702.870	1517.787	1619.649	687.774	1530.739	1109.831	1243.637	1940.229	507.093	1422.076	1463.349	900.506	1751.465	1740.563
15	1333.933	573.092	1773.494	1219.363	1328.433	1526.235	688.817	1556.159	1402.051	711.435	1434.385	880.430	1188.345	1684.325	0.000	1960.294	1167.154	932.981	1777.612	724.020	1678.746	1423.870	689.327	1739.714	1155.491	1305.430	2055.583	573.983	1492.747	1365.035	755.440	1510.740
16	1890.683	1770.188	616.699	2027.109	1464.086	1030.359	1618.764	661.337	1714.046	1659.059	893.110	1630.934	1047.259	1473.988	1928.521	0.000	1532.173	1296.459	1105.001	2059.271	816.973	1445.200	1578.286	784.604	1912.424	1217.011	1342.651	1560.753	578.450	1800.181	1556.098	912.744
17	738.806	1127.223	1222.916	593.146	1609.739	711.785	790.839	1242.760	648.579	1314.346	920.660	559.712	1278.340	911.066	1148.851	1650.507	0.000	1232.793	1127.162	949.509	1518.563	453.393	991.110	1127.499	619.609	1468.491	1075.915	804.269	1278.103	625.424	1296.292	1568.364
18	1397.458	599.601	1245.583	1444.597	687.071	1121.378	898.877	927.744	1599.433	687.751	1075.806	1111.403	618.722	1693.107	996.911	1382.273	1223.200	0.000	1435.055	1145.735	893.804	1186.862	536.308	1139.054	1413.858	696.590	1692.441	823.126	958.035	1602.443	570.415	757.536
19	1333.489	1570.072	755.041	1357.381	1678.204	660.363	1554.762	1088.735	1086.346	1789.096	735.007	1408.180	1381.107	771.040	1830.483	926.612	1039.114	1417.053	0.000	1596.202	1227.576	853.292	1551.786	664.860	1435.460	1628.703	658.689	1523.679	1054.107	1188.411	1719.302	1355.824
20	883.497	801.128	1872.662	843.029	1609.960	1328.571	560.327	1593.856	1278.791	1234.431	1472.532	702.367	1318.587	1507.387	678.183	1948.807	851.277	1125.721	1571.809	0.000	1788.882	1132.556	897.473	1646.102	758.694	1670.347	1738.218	695.209	1670.335	1124.807	1298.142	1642.137
21	1951.552	1364.580	888.631	1881.170	941.077	1308.482	1620.377	599.462	1859.376	1181.121	907.615	1568.349	590.339	1590.615	1528.130	721.294	1546.701	958.008	1312.361	1761.444	0.000	1409.888	1305.009	984.167	1896.051	849.048	1671.418	1541.533	515.735	1751.958	1075.498	438.717
22	831.048	1227.265	1165.593	934.293	1752.572	640.543	946.693	1103.015	600.778	1507.681	720.316	747.283	1214.693	654.176	1392.082	1430.565	529.031	1245.252	853.524	1208.859	1519.342	0.000	1236.633	1064.745	930.252	1571.919	789.740	943.051	1118.437	600.134	1464.114	1463.945
23	1423.465	450.953	1537.430	1169.551	877.877	1089.007	631.287	1124.367	1409.237	596.542	1110.885	923.790	904.004	1599.749	656.692	1548.534	1040.088	642.402	1607.336	960.768	1282.210	1226.644	0.000	1345.388	1121.351	925.912	1624.096	528.023	1220.638	1389.992	583.420	1236.029
24	1455.079	1367.259	362.350	1583.161	1441.663	711.757	1450.695	683.772	1275.722	1659.052	587.240	1398.272	1015.923	1056.959	1816.197	751.073	1255.504	1278.383	734.539	1538.617	886.514	973.855	1329.566	0.000	1493.015	1366.061	1045.836	1395.367	634.345	1355.286	1428.360	933.683
25	429.567	1127.328	1705.359	367.676	1777.845	1095.995	844.141	1695.345	827.052	1503.456	1298.790	599.861	1671.975	1269.137	1189.027	1982.782	586.271	1382.444	1422.383	665.177	1786.965	831.694	1102.221	1613.391	0.000	1811.142	1351.528	876.199	1748.575	750.120	1531.821	1836.079
26	1899.116	1039.272	1279.756	1796.492	424.270	1488.903	1381.407	942.710	1909.954	952.647	1384.277	1606.537	711.503	1772.892	1169.430	1255.170	1536.521	662.716	1599.953	1519.110	808.480	1626.824	990.860	1336.915	1782.402	0.000	2071.317	1312.552	1055.303	1934.937	802.258	653.161
27	1171.679	1831.052	1202.602	1330.882	2073.758	849.456	1583.504	1525.396	962.508	2104.824	873.460	1228.119	1625.578	413.746	1887.759	1368.151	1021.679	1613.219	666.839	1709.671	1666.790	852.338	1677.868	1111.910	1439.433	2037.813	0.000	1587.214	1384.772	928.834	1891.333	1648.867
28	1073.333	577.502	1508.674	993.564	1354.824	1185.404	479.061	1184.126	1105.903	807.961	1112.663	585.801	1045.982	1359.494	612.073	1712.552	829.769	848.053	1456.925	662.482	1386.791	1073.693	633.325	1452.304	939.130	1288.696	1544.381	0.000	1262.137	1071.732	821.145	1376.137
29	1669.154	1307.931	682.173	1777.365	1044.443	855.238	1316.851	323.053	1534.209	1338.381	701.410	1356.398	670.749	1384.789	1594.732	655.553	1290.645	983.535	1084.184	1743.753	645.798	1246.446	1258.047	543.791	1641.393	959.159	1311.050	1248.390	0.000	1595.283	1228.504	702.485
30	604.111	1315.981	1439.970	546.162	1818.572	912.304	1097.339	1548.886	369.518	1660.465	1170.434	833.704	1633.528	828.632	1446.923	1742.747	702.470	1607.830	1213.911	1157.632	1667.544	608.022	1358.477	1339.509	656.936	1825.224	917.627	1147.966	1574.161	0.000	1655.851	1751.392
31	1529.390	576.751	1524.455	1564.903	676.366	1364.642	936.452	1099.019	1792.232	452.120	1336.365	1221.210	838.230	1940.013	903.852	1636.901	1393.612	453.362	1558.002	1162.142	1109.710	1397.918	551.812	1397.701	1519.957	758.407	1942.933	884.045	1206.639	1631.192	0.000	948.265
40	1814.800	1197.186	1014.684	1909.944	836.718	1266.818	1459.495	666.622	1921.629	1096.311	969.987	1429.937	475.375	1684.215	1475.214	866.520	1439.061	808.536	1422.275	1743.516	436.091	1458.526	1142.695	1015.286	1914.417	737.334	1779.624	1387.281	566.485	1805.227	983.853	0.000

[*,*,4]:	1	2	3	4	5	6	7	8	9	10	11	12	13	14	15	16	17	18	19	20	21	22	23	24	25	26	27	28	29	30	31	40:=
1	0.000	1403.285	1805.055	412.103	2043.487	1134.015	1034.771	1855.116	708.559	1793.718	1373.867	629.215	1720.156	1046.776	1327.759	1951.115	639.895	1484.928	1435.571	955.401	1974.909	830.714	1347.718	1697.772	543.534	2065.403	1305.111	1113.454	1736.949	621.059	1646.882	0.000
2	1388.377	0.000	1614.727	1284.594	1172.984	1393.306	703.166	1364.571	1402.716	575.909	1267.923	875.564	978.654	1629.041	529.371	1788.149	1112.379	706.401	1663.970	863.792	1359.556	1341.374	430.248	1580.036	1228.309	1145.732	1991.215	490.595	1302.545	1376.125	600.994	1319.138
3	1751.090	1592.108	0.000	1888.836	1581.434	827.218	1545.576	670.316	1536.046	1700.095	688.868	1512.709	995.482	1269.507	1906.064	573.584	1377.191	1300.327	875.922	1978.307	954.841	1260.737	1550.093	504.977	1780.227	1335.097	1152.290	1485.954	564.615	1625.729	1592.429	1025.049
4	465.254	1368.365	1699.208	0.000	1848.677	1154.949	921.598	1719.907	708.798	1586.237	1396.386	675.606	1721.357	1181.177	1275.654	1988.141	759.218	1610.132	1534.818	907.211	1983.549	839.586	1276.720	1601.101	347.446	1878.288	1268.356	1014.380	1768.727	626.775	1610.116	2047.810
5	1932.497	990.871	1514.856	2002.239	0.000	1565.022	1358.836	1034.417	2159.050	846.451	1469.319	1616.718	778.260	2210.235	1377.789	1536.730	1736.448	809.826	1694.217	1644.482	916.352	1688.399	950.145	1435.745	1974.049	405.209	2173.998	1294.748	1152.975	1981.556	765.366	749.035
6	1116.222	1289.638	890.814	1135.904	1542.506	0.000	1250.986	1035.101	952.056	1568.033	536.195	1101.326	1227.195	830.562	1564.988	1070.616	733.166	1185.532	620.363	1321.565	1203.323	540.486	1269.792	769.632	1189.703	1502.252	849.496	1209.861	1029.878	1016.967	1498.351	1287.836
7	1004.988	612.858	1599.753	985.884	1448.987	1240.142	0.000	1444.580	1347.574	1083.401	1351.959	683.362	1143.637	1381.095	595.551	1829.148	817.910	933.539	1517.798	544.683	1628.840	1091.300	694.365	1539.100	846.804	1499.414	1747.083	459.306	1525.310	1197.351	1118.522	1482.894
8	1827.209	1345.539	738.428	1773.233	1101.342	1025.639	1554.545	0.000	1715.761	1248.852	709.931	1454.656	598.675	1426.497	1530.154	690.409	1276.765	960.169	1135.497	1706.313	555.447	1249.586	1281.136	795.291	1793.043	1012.273	1520.514	1353.854	301.923	1610.962	1133.600	631.198
9	675.950	1534.012	1549.659	825.783	2209.045	1015.987	1162.356	1530.678	0.000	1888.131	1124.400	892.569	1643.655	706.903	1660.034	1869.124	722.775	1641.162	1124.431	1231.923	1995.267	722.384	1572.141	1445.483	890.491	2042.918	869.307	1206.437	1550.010	348.938	1702.224	1916.985
10	1713.257	745.769	1833.512	1581.602	748.326	1461.672	987.220	1335.855	1857.459	0.000	1448.599	1230.562	1031.875	2046.115	801.130	1781.963	1439.695	761.804	2007.722	1278.504	1405.113	1632.958	554.786	1673.406	1528.214	856.506	2053.407	874.801	1457.619	1841.766	433.993	1331.197
11	1251.812	1209.378	654.552	1247.373	1456.452	474.961	1248.583	771.170	1106.612	1562.844	0.000	1169.313	1000.470	963.900	1509.424	1058.121	1014.120	1181.414	764.676	1347.709	1025.853	741.893	1173.820	544.664	1289.488	1276.092	1015.824	1189.912	758.050	1169.505	1345.894	1023.122
12	654.715	902.890	1581.634	642.550	1587.531	990.415	593.918	1510.964	956.371	1314.697	1160.596	0.000	1453.357	1313.339	1038.126	1860.510	485.409	1048.395	1372.939	609.912	1611.144	771.672	886.863	1487.981	589.291	1613.659	1398.640	648.049	1440.357	897.070	1322.722	1492.822
13	1719.752	1004.154	1026.908	1642.245	795.675	1193.335	1284.138	669.571	1697.546	1018.371	1069.241	1438.476	0.000	1522.901	1189.172	1051.424	1309.111	580.080	1327.986	1448.342	619.817	1361.867	934.700	1056.386	1636.436	670.219	1802.993	1195.324	780.108	1727.913	899.906	539.827
14	1058.522	1629.402	1295.007	1216.273	2112.152	795.541	1512.333	1575.329	823.797	2096.948	866.666	1129.489	1499.710	0.000	1839.968	1483.322	905.020	1604.226	746.292	1626.697	1736.686	728.425	1640.261	1093.015	1326.712	2079.561	529.437	1518.904	1437.633	790.820	1884.809	1704.195
15	1425.888	602.848	1900.930	1301.154	1305.490	1630.079	724.463	1500.559	1508.398	704.725	1540.180	941.163	1273.728	1810.028	0.000	1915.144	1247.484	993.976	1907.141	767.038	1645.072	1521.282	727.010	1862.375	1230.253	1392.206	1848.876	611.887	1604.716	1466.436	806.618	1616.577
16	2027.372	1734.479	647.013	2171.074	1400.730	1106.010	1742.528	656.055	1841.989	1782.462	953.904	1751.883	1031.759	1578.864	2070.009	0.000	1641.247	1385.996	1088.608	2207.550	864.406	1543.431	1687.239	618.594	2058.109	1306.381	1441.981	1677.733	614.481	1759.572	1669.221	968.595
17	778.352	1036.278	1314.103	632.398	1575.571	758.666	843.628	1331.881	688.804	1408.853	908.768	590.284	1366.688	969.163	1226.042	1617.967	0.000	1313.803	1199.259	1006.714	1460.684	454.170	1062.025	1209.120	659.465	1577.501	1059.007	856.547	1368.290	662.209	1387.449	1512.986
18	1502.462	638.772	1222.032	1550.086	730.858	1200.113	959.039	916.195	1713.732	728.060	1147.183	1185.338	651.770	1658.323	1058.681	1474.918	1302.614	0.000	1405.753	1228.954	956.309	1272.816	568.735	1220.532	1385.777	739.593	1815.793	875.432	1020.959	1570.861	599.739	809.584
19	1429.783	1685.282	803.763	1454.930	1801.963	657.000	1665.031	1160.997	1158.058	1918.143	730.978	1502.958	1473.440	813.453	1797.605	994.100	1021.576	1521.691	0.000	1715.086	1316.113	843.516	1663.615	704.692	1537.502	1746.375	696.427	1493.731	1121.871	1266.695	1840.602	1453.456
20	942.119	852.568	1832.218	895.690	1724.270	1419.834	588.459	1706.474	1257.423	1314.703	1571.816	577.070	1418.083	1476.116	723.041	2096.068	909.218	1205.699	1688.209	0.000	1919.437	1209.756	955.155	1764.808	753.410	1787.622	1860.851	732.831	1787.240	1196.715	1115.469	1762.299
21	1907.489	1458.798	943.953	2017.072	999.818	1287.021	1731.570	627.802	1828.202	1269.113	972.841	1534.287	627.504	1708.460	1640.763	767.576	1515.791	1021.305	1403.946	1889.333	0.000	1508.761	1282.270	1045.594	2031.105	898.613	1788.015	1352.166	548.872	1884.653	1153.078	458.113
22	881.113	1309.294	1242.258	924.126	1874.015	510.079	1015.331	1184.119	597.744	1618.697	767.393	796.065	1301.258	694.341	1365.231	1531.488	556.535	1330.630	906.475	1189.947	1623.762	0.000	1317.643	1131.382	823.946	1537.205	844.387	1009.694	1199.013	637.867	1435.227	1565.094
23	1398.718	467.226	1479.547	1256.172	940.351	1168.464	627.229	1203.987	1511.664	632.433	1188.449	912.363	962.264	1713.921	693.946	1658.252	1107.821	640.958	1718.419	1019.188	1366.442	1144.535	0.000	1444.695	1202.285	990.621	1745.564	559.203	1198.688	1489.010	616.720	1216.557
24	1564.679	1469.536	381.960	1550.076	1546.674	757.452	1556.053	726.182	1366.351	1624.000	619.349	1495.667	1081.886	1125.910	1778.807	792.900	1337.665	1362.100	611.952	1656.483	873.817	1042.690	1426.904	0.000	1603.341	1340.462	1116.895	1494.363	671.165	1450.576	1529.454	1000.409
25	454.042	1107.799	1831.227	384.838	1909.475	1171.639	835.434	1816.688	877.954	1608.957	1387.369	630.657	1638.131	1352.212	1265.291	1962.009	625.656	1355.028	1527.209	708.477	1921.085	887.604	1179.967	1579.249	0.000	1943.442	1446.275	931.708	1712.746	793.240	1637.737	1795.452
26	2040.287	1110.442	1370.256	1929.288	428.668	1593.165	1476.743	1002.003	2048.224	942.166	1476.444	1716.440	586.876	1909.324	1256.206	1231.046	1650.124	705.216	1718.449	1630.880	800.348	1744.016	1056.406	1430.241	1911.959	0.000	2024.262	1400.508	1122.089	2073.147	847.511	692.814
27	1252.837	1792.154	1283.554	1421.902	2224.998	900.558	1694.569	1496.473	1020.126	2093.260	936.120	1319.492	1590.922	436.609	2029.387	1467.481	1092.445	1732.328	663.000	1833.140	1786.679	905.641	1798.483	1095.990	1537.414	2184.021	0.000	1696.618	1315.881	914.524	2034.972	1768.812
28	1143.337	606.871	1613.474	1055.915	1332.195	1260.861	335.460	1271.934	1187.042	864.284	1093.330	621.913	1118.913	1457.667	648.692	1676.786	882.047	901.345	1559.330	699.671	1483.064	1058.563	665.723	1550.636	995.355	1211.681	1511.706	0.000	1354.473	1148.313	876.887	1470.133
29	1786.657	1395.613	680.276	1738.623	1120.700	915.717	1414.810	328.852	1646.678	1434.827	745.766	1453.867	711.579	1358.439	1708.230	692.640	1379.034	1046.459	1069.381	1865.572	678.579	1327.563	1178.312	579.767	1604.744	1026.806	1406.885	1338.881	0.000	1562.611	1314.282	740.246
30	470.541	1414.055	1547.915	580.787	1957.384	899.598	1174.089	1661.962	386.183	1782.443	1151.658	885.614	1749.748	879.193	1547.627	1867.621	699.390	1718.266	1292.195	1069.500	1795.684	604.502	1458.154	1437.423	699.055	1962.460	980.178	1128.592	1687.370	0.000	1775.441	1884.412
31	1644.208	613.262	1493.443	1679.160	718.507	1462.303	998.850	1174.402	1753.224	472.626	1428.044	1303.238	888.529	1899.064	957.305	1749.262	1324.518	481.782	1676.764	1140.969	1188.833	1500.117	584.745	1499.505	1489.872	805.619	2085.588	940.501	1289.066	1748.282	0.000	1015.108
40	1947.705	1279.251	1000.887	2046.846	886.444	1351.181	1559.394	665.490	1894.227	1176.594	1039.668	1536.904	503.621	1647.016	1582.491	924.188	1543.035	860.584	1395.728	1868.741	455.330	1560.370	1218.496	1080.279	1872.880	777.448	1903.844	1317.896	604.246	1764.765	1053.342	0.000

[*,*,5]:	1	2	3	4	5	6	7	8	9	10	11	12	13	14	15	16	17	18	19	20	21	22	23	24	25	26	27	28	29	30	31	40:=
1	0.000	1354.592	1900.966	426.933	2153.625	1190.620	1085.323	1784.597	738.117	1886.398	1280.421	662.598	1651.752	1102.729	1399.921	2059.823	671.303	1566.353	1383.355	1003.247	2082.165	870.775	1418.198	1635.303	564.945	2175.109	1370.410	1167.335	1827.819	454.622	1738.841	0.000
2	1459.891	0.000	1699.476	1349.814	1138.696	1462.431	731.988	1270.364	1481.744	605.705	1222.224	921.242	1030.124	1718.639	553.800	1718.875	1169.178	739.375	1752.829	905.424	1430.473	1296.719	444.629	1661.212	1288.789	1201.196	1754.829	515.338	1374.229	1452.079	631.107	1386.339
3	1843.682	1675.361	0.000	1986.455	1499.701	872.081	1632.845	656.112	1619.829	1793.464	722.983	1595.226	1047.238	1226.381	2008.634	598.378	1448.946	1367.490	855.978	2082.278	999.323	1322.932	1629.292	360.436	1706.968	1408.453	1214.911	1568.124	592.146	1563.902	1678.000	1074.359
4	480.165	1273.963	1795.125	0.000	1953.801	1115.575	969.455	1814.236	743.679	1672.893	1347.610	706.630	1812.992	1241.196	1341.137	2096.004	745.318	1692.551	1612.853	948.274	1926.737	815.843	1346.476	1689.690	362.517	1983.428	1337.384	983.653	1864.307	655.675	1696.596	1992.670
5	2041.976	1044.711	1457.836	2112.516	0.000	1650.069	1431.751	1087.987	2070.050	886.981	1546.009	1702.084	813.931	2122.391	1446.508	1614.632	1826.069	683.248	1791.151	1578.733	964.892	1781.880	1000.247	1514.477	1894.819	421.564	2293.006	1362.432	1212.209	2090.040	750.260	788.405
6	1079.307	1358.379	936.152	1195.447	1626.062	0.000	1314.824	1086.242	998.128	1650.303	557.040	1070.055	1286.878	866.907	1482.802	1130.198	715.308	1249.517	651.295	1393.318	1268.047	565.638	1226.208	806.688	1251.031	1581.876	890.403	1172.379	1079.441	1065.566	1574.993	1356.268
7	1056.661	641.159	1686.500	958.411	1524.022	1302.929	0.000	1519.295	1304.345	1134.587	1418.596	549.167	1207.346	1458.866	584.861	1930.213	859.979	982.161	1600.896	539.091	1715.535	1146.707	726.307	1620.664	887.169	1446.530	1837.951	474.931	1603.288	1255.879	926.830	1562.380
8	1757.240	1414.358	771.782	1867.009	1155.512	1075.141	1500.118	0.000	1641.885	1318.555	747.600	1400.285	628.198	1503.919	1613.652	724.301	1345.280	933.150	1193.309	1797.362	578.790	1313.736	1240.439	830.782	1886.379	1059.883	1597.963	1259.892	305.636	1700.341	1195.128	622.635
9	705.240	1613.504	1630.107	809.712	2324.897	901.046	1226.759	1616.770	0.000	1810.582	1184.037	938.507	1733.613	741.365	1597.756	1969.236	756.208	1728.183	1180.972	1294.728	1917.007	753.240	1652.359	1518.257	768.801	1957.549	915.480	1272.024	1635.672	363.643	1797.103	2018.700
10	1803.222	733.896	1765.924	1670.327	788.040	1543.456	957.222	1407.558	1959.504	0.000	1526.822	1295.818	1001.564	2156.327	838.737	1877.065	1514.625	748.139	2112.904	1341.356	1475.284	1555.054	583.829	1606.151	1612.293	901.329	2168.506	920.238	1404.837	1941.278	451.585	1289.678
11	1321.034	1276.043	688.335	1316.163	1401.822	496.383	1314.848	809.225	1164.294	1505.979	0.000	1228.277	1049.383	1010.445	1588.257	1029.099	1061.427	1238.280	635.340	1423.738	993.006	780.198	1237.010	570.813	1359.307	1345.074	985.465	1251.380	794.132	1229.526	1416.266	1078.685
12	688.098	877.646	1667.073	673.289	1673.400	1041.042	620.735	1456.151	1002.792	1381.845	1218.589	0.000	1404.711	1377.834	1086.471	1795.414	510.194	1106.343	1321.772	640.159	1699.609	810.759	932.511	1434.079	615.810	1699.513	1471.924	676.923	1516.088	875.549	1388.941	1575.730
13	1812.982	1055.624	1079.529	1731.216	778.534	1253.344	1349.299	698.562	1786.972	1067.439	1040.083	1509.937	0.000	1608.749	1255.287	1017.703	1379.758	608.169	1399.617	1527.053	649.189	1313.932	980.849	1109.420	1723.464	699.981	1735.570	1253.972	814.405	1817.531	940.658	564.083
14	1112.673	1717.410	1251.881	1277.296	2225.447	831.527	1590.565	1520.871	859.462	2045.011	913.712	1191.858	1584.042	0.000	1941.168	1563.814	951.462	1691.950	730.810	1712.776	1829.215	761.868	1727.304	1147.544	1283.263	2189.246	548.666	1596.003	1348.419	769.574	1989.765	1796.338
15	1498.866	627.805	2001.702	1366.637	1371.159	1572.162	592.458	1584.545	1592.891	741.580	1481.863	990.019	1341.750	1909.457	0.000	2021.190	1205.947	1043.075	2009.439	802.346	1732.193	1468.722	758.057	1959.257	1290.160	1300.066	1955.025	599.904	1693.239	1546.934	848.264	1700.358
16	2135.429	1825.393	640.532	2122.736	1478.632	1166.607	1840.645	689.613	1767.285	1879.827	1002.933	1847.717	1084.999	1521.178	2181.257	0.000	1727.774	1457.501	1142.368	2118.679	903.017	1621.472	1612.255	651.347	1972.398	1377.362	1520.801	1770.393	644.386	1857.361	1604.840	1013.911
17	603.725	1092.771	1386.685	664.782	1663.612	740.808	886.346	1402.798	721.918	1484.223	954.345	583.409	1436.941	1016.101	1287.892	1702.974	0.000	1378.325	1256.996	891.500	1543.140	476.711	1027.047	1274.171	692.266	1664.062	1114.873	834.983	1439.903	692.607	1460.076	1596.911
18	1585.832	671.118	1288.806	1491.023	766.649	1263.046	1007.661	962.070	1649.575	761.137	1204.362	1244.604	679.356	1745.521	1030.073	1548.496	1204.573	0.000	1484.723	1186.141	1006.534	1341.280	595.798	1285.771	1460.788	724.058	1913.120	917.882	1071.727	1654.081	593.938	851.905
19	1377.991	1776.228	843.403	1532.516	1900.076	687.069	1602.639	1218.809	1215.547	2020.266	762.834	1452.207	1546.711	686.707	1899.298	1048.463	1077.419	1463.221	0.000	1809.134	1386.774	886.087	1601.154	737.400	1618.421	1839.572	727.659	1572.136	1089.088	1329.166	1936.523	1399.867
20	989.464	894.418	1931.960	873.863	1814.521	1492.409	612.189	1795.925	1320.228	1273.207	1489.028	607.041	1497.255	1558.757	706.572	2211.777	955.995	1269.653	1780.601	0.000	1842.913	1271.388	1001.770	1858.898	787.606	1721.421	1957.531	763.878	1879.842	1093.015	1177.919	1857.429
21	2011.559	1407.587	988.666	2124.308	1047.338	1351.375	1669.546	490.130	1931.019	1339.284	1025.444	1620.173	616.036	1801.528	1729.966	805.420	1597.760	992.174	1476.638	1990.264	0.000	1587.526	1347.568	1017.225	2137.482	938.938	1718.969	1428.460	540.452	1989.108	1215.059	459.130
22	921.793	1374.838	1303.756	966.566	1642.339	536.009	1070.438	1249.006	627.745	1556.795	805.698	835.752	1370.323	727.460	1438.005	1475.606	579.732	1398.710	949.497	1249.548	1566.389	0.000	1382.280	1023.487	868.750	1624.277	820.741	1063.162	1263.373	669.071	1513.424	1645.396
23	1469.198	308.888	1561.536	1325.153	990.725	1232.133	658.563	1162.945	1592.807	662.161	1250.587	958.011	936.592	1804.065	724.708	1745.278	1162.375	667.538	1655.460	1066.295	1272.134	1208.092	0.000	1390.833	1266.748	1042.638	1841.707	585.336	1262.552	1434.455	644.401	1114.415
24	1651.370	1550.712	399.089	1636.099	1488.896	794.690	1639.540	760.991	1438.705	1711.686	611.403	1572.919	1134.920	1181.359	1872.856	778.513	1403.077	1267.333	644.046	1750.014	920.856	1009.161	1504.111	0.000	1690.924	1412.529	1082.433	1572.782	701.590	1526.410	1609.945	1053.987
25	474.962	1167.260	1757.968	400.037	2013.401	1232.286	876.011	1747.693	919.215	1692.555	1457.995	656.493	1723.620	1308.763	1164.699	2072.985	658.143	1430.482	1469.557	743.863	2026.838	932.886	1242.305	1665.281	0.000	2047.690	1521.617	976.718	1803.884	777.965	1721.503	1895.535
26	2151.291	1167.461	1442.372	2034.428	444.626	1534.957	1552.402	1049.867	2157.509	986.051	1427.486	1641.785	617.342	2017.075	1325.566	1298.863	1585.409	740.011	1812.196	1719.585	839.853	1677.872	1108.981	1504.413	2014.377	0.000	2133.771	1353.659	1175.667	2182.171	723.056	725.408
27	1317.767	1889.013	1242.298	1494.158	2344.006	942.110	1782.814	1573.015	832.910	2211.146	986.593	1392.355	1679.874	435.245	2140.744	1546.301	1149.252	1826.826	693.933	1761.552	1881.328	948.864	1894.057	1150.015	1484.463	2298.917	0.000	1621.902	1389.774	964.496	1949.334	1863.960
28	1108.993	631.511	1696.606	1106.239	1398.726	1061.879	351.223	1341.833	1251.897	909.965	1152.436	611.178	1177.244	1535.663	679.031	1767.807	860.483	944.452	1640.531	730.429	1559.807	1110.026	657.575	1628.612	879.342	1279.194	1596.964	0.000	1427.746	1209.521	922.039	1544.688
29	1879.724	1465.676	546.180	1667.530	1181.603	964.500	1492.788	342.388	1583.778	1511.275	782.025	1531.391	745.215	1430.302	1643.588	723.249	1449.448	1097.227	1121.322	1796.251	705.838	1230.783	1243.652	609.630	1695.334	994.104	1482.929	1410.924	0.000	1647.864	1269.711	771.472
30	465.697	1491.760	1633.405	609.556	2067.200	946.654	1135.046	1751.341	401.011	1879.075	1211.006	864.302	1841.473	920.257	1627.660	1966.601	728.946	1655.757	1193.166	1128.273	1897.103	635.409	1404.038	1515.005	733.582	2070.836	1030.702	1187.772	1622.929	0.000	1870.035	1806.171
31	1735.104	643.517	1575.600	1615.032	752.998	1539.830	1049.165	1234.904	1848.103	472.763	1500.874	1368.721	929.493	1999.747	934.934	1676.508	1397.978	505.737	1770.993	1203.419	1148.137	1581.083	612.182	1580.470	1570.303	787.533	2197.738	986.129	1354.920	1841.211	0.000	1068.873
40	2052.720	1344.947	1049.926	1965.901	926.829	1418.475	1638.880	530.445	1816.473	1240.554	1095.535	1621.797	527.473	1738.605	1522.183	970.714	1625.528	902.905	1469.562	1797.081	472.127	1641.136	1279.210	1132.701	1972.356	763.926	1840.341	1391.197	635.472	1864.540	1019.958	0.000

[*,*,6]:	1	2	3	4	5	6	7	8	9	10	11	12	13	14	15	16	17	18	19	20	21	22	23	24	25	26	27	28	29	30	31	40:=
1	0.000	1434.333	1838.928	442.991	2283.399	1256.482	1143.935	1890.150	729.348	1833.872	1359.958	700.759	1756.045	1072.936	1484.429	2187.890	707.119	1661.756	1466.427	979.481	2208.535	916.921	1500.581	1732.204	563.027	2304.440	1446.682	1229.950	1772.977	479.626	1678.899	0.000
2	1416.716	0.000	1798.925	1425.927	1200.493	1422.009	603.251	1349.014	1574.344	639.582	1297.292	899.254	1089.911	1823.873	581.289	1824.252	1138.702	777.095	1857.211	953.431	1513.352	1370.505	448.306	1756.455	1359.292	1104.179	1867.196	510.731	1458.164	1541.064	665.379	1464.922
3	1952.456	1772.942	0.000	1760.372	1593.261	923.955	1735.242	692.892	1567.578	1903.289	762.046	1691.986	1107.285	1298.289	1939.990	626.326	1532.898	1445.919	899.909	2013.736	1050.782	1395.501	1560.595	379.017	1815.886	1363.767	1288.006	1664.498	623.331	1660.002	1624.307	1131.506
4	321.992	1352.423	1907.929	0.000	2077.445	1182.875	945.679	1925.178	783.648	1774.558	1427.453	696.954	1920.748	1311.169	1417.586	2222.911	781.331	1640.433	1704.346	834.114	2049.899	864.506	1305.545	1793.810	378.857	2107.164	1418.013	1040.332	1801.395	688.524	1798.111	1920.919
5	2170.924	1107.258	1547.948	2038.886	0.000	1749.902	1517.062	1150.194	2198.302	869.214	1635.896	1802.271	854.819	2250.898	1406.414	1705.992	1769.861	723.254	1905.034	1678.427	940.556	1891.808	1058.371	1606.697	2012.597	423.725	2400.000	1441.550	1281.206	2217.687	787.753	833.714
6	1143.587	1317.478	988.621	1264.832	1724.031	0.000	1278.668	1145.652	1051.457	1746.768	580.251	1127.403	1253.405	747.142	1575.770	1199.591	756.639	1213.243	686.577	1477.291	1343.591	593.982	1298.678	791.770	1322.585	1675.214	937.535	1238.154	1054.805	1121.939	1664.799	1316.406
7	1116.675	673.270	1788.245	1011.094	1477.959	1376.224	0.000	1606.728	1377.280	1108.641	1335.006	580.105	1281.678	1549.913	616.930	1862.804	908.544	1038.520	1698.320	565.145	1660.935	1211.211	762.779	1716.288	933.642	1530.424	1778.904	491.934	1694.662	1162.515	983.526	1655.552
8	1863.482	1374.183	809.956	1977.258	1218.471	1132.501	1585.906	0.000	1744.823	1400.059	790.872	1487.099	619.733	1594.706	1711.639	763.079	1425.299	985.276	1161.370	1904.387	604.996	1388.575	1310.220	817.501	1996.166	1115.049	1527.181	1338.745	320.015	1642.515	1266.919	652.092
9	738.554	1706.684	1724.373	848.818	2085.268	954.985	1301.962	1717.794	0.000	1924.770	1150.601	991.691	1839.277	780.813	1694.418	1903.809	794.476	1830.373	1246.758	1367.942	2032.068	743.407	1746.457	1441.924	814.623	2082.974	893.579	1348.680	1736.241	379.542	1908.537	2138.423
10	1908.801	605.918	1704.381	1774.581	833.772	1639.315	1013.675	1365.055	2079.689	0.000	1618.462	1371.953	1057.732	2081.417	881.977	1988.864	1602.314	784.248	2043.385	1414.746	1395.869	1653.101	616.810	1707.694	1558.814	953.182	2304.159	972.769	1489.671	1876.335	470.940	1198.983
11	1402.031	1353.944	726.982	1396.509	1487.860	494.287	1392.292	852.979	1231.422	1595.899	0.000	1297.026	1106.104	1064.312	1680.571	1083.684	1038.102	1143.008	672.067	1512.736	1053.009	764.646	1310.805	600.371	1440.927	1425.649	1041.693	1216.443	835.551	1299.481	1498.520	1143.356
12	726.259	928.178	1613.486	708.340	1774.215	1099.775	651.062	1542.414	980.194	1460.345	1286.126	0.000	1484.393	1341.148	981.043	1908.799	538.114	1173.768	1403.557	630.825	1803.551	855.743	985.294	1520.308	609.769	1800.366	1557.723	709.717	1604.705	920.921	1350.108	1672.901
13	1751.998	1115.411	1140.657	1835.641	818.973	1220.278	1425.447	731.511	1891.970	1124.283	1094.836	1305.305	0.000	1709.511	1332.466	1078.794	1338.108	640.055	1483.445	1619.274	682.563	1391.747	958.474	1171.073	1825.634	733.827	1838.641	1222.004	853.705	1922.820	826.115	591.394
14	1175.610	1820.656	1323.789	1242.724	2359.025	872.812	1682.190	1607.792	684.541	2174.171	968.205	1264.593	1682.908	0.000	1873.649	1658.239	1005.219	1794.888	769.183	1658.673	1938.038	800.130	1829.462	1210.894	1355.568	2114.768	569.972	1524.830	1432.954	815.125	1920.428	1904.545
15	1455.335	655.953	2120.300	1443.086	1447.786	1500.737	583.741	1683.141	1692.037	783.882	1573.591	965.954	1421.315	2026.450	0.000	2145.932	1275.903	1018.281	2129.891	842.823	1834.412	1553.279	748.362	2073.277	1198.498	1381.137	2079.890	633.562	1636.115	1641.367	896.301	1647.123
16	2262.682	1932.134	506.192	2046.778	1569.992	1237.268	1956.007	727.974	1877.979	1815.452	1059.805	1960.389	1146.831	1612.120	2106.843	0.000	1829.375	1541.131	1204.803	2246.772	886.824	1551.473	1713.814	688.757	2098.249	1335.442	1613.256	1879.312	678.410	1972.264	1702.854	1066.311
17	638.788	1061.914	1471.671	701.770	1766.928	782.139	867.233	1485.817	759.786	1572.462	1007.028	610.793	1394.799	1070.478	1360.027	1802.674	0.000	1341.617	1162.781	945.086	1639.828	501.945	1088.948	1236.296	729.770	1765.675	1179.836	880.931	1397.473	727.252	1545.091	1544.546
18	1683.665	708.053	1366.750	1582.505	752.769	1336.513	1064.020	1015.124	1748.578	749.805	1270.980	1313.678	710.615	1847.804	1084.150	1342.128	1278.669	0.000	1577.227	1258.557	981.363	1421.373	626.447	1361.929	1548.547	762.078	1848.776	966.903	1130.646	1751.652	620.251	900.748
19	1461.592	1718.197	889.081	1623.448	2015.434	721.272	1698.211	1186.870	1282.518	2140.440	799.174	1534.511	1341.443	726.553	2018.993	1111.652	1142.336	1553.975	0.000	1919.739	1469.421	935.201	1698.044	726.365	1713.383	1949.131	763.265	1663.939	1148.293	1293.407	2049.363	1484.626
20	1044.327	942.697	2049.225	920.139	1757.051	1577.408	638.861	1900.953	1393.442	1181.613	1439.949	641.166	1590.054	1655.638	746.173	2133.764	1010.194	1344.320	1889.136	0.000	1955.842	1236.316	1055.763	1969.492	826.736	1822.969	1894.873	799.296	1827.191	1160.301	1250.710	1969.294
21	2133.947	1489.426	967.469	2250.655	1102.382	1426.457	1604.391	486.261	2052.125	1421.369	1086.534	1720.890	649.062	1740.677	1834.789	848.922	1693.840	1047.548	1433.337	2109.117	0.000	1679.812	1423.753	1071.009	2065.717	823.924	1827.610	1517.774	570.027	1920.176	1287.411	476.951
22	968.713	1451.403	1375.452	854.011	1747.470	530.215	1134.566	1324.766	661.876	1652.989	790.146	881.485	1451.087	765.317	1523.098	1563.181	576.179	1478.322	999.175	1318.964	1656.942	0.000	1296.302	1085.804	920.540	1726.409	868.724	1034.785	1338.543	704.652	1605.006	1739.596
23	1390.081	324.037	1510.734	1405.862	1049.188	1306.417	694.273	1232.294	1541.735	695.998	1323.067	1010.794	987.658	1746.681	759.787	1847.474	1225.791	697.585	1751.728	881.635	1350.685	1282.265	0.000	1477.012	1230.088	1103.093	1954.782	614.863	1337.027	1520.400	637.172	1183.520
24	1595.748	1645.955	417.881	1737.010	1579.953	780.000	1737.567	800.881	1523.347	1814.549	640.102	1525.038	1196.573	1245.861	1983.335	815.521	1204.151	1345.357	680.699	1859.909	975.282	1069.282	1456.267	0.000	1793.755	1496.805	1144.447	1524.860	736.266	1615.251	1704.289	1116.306
25	498.273	1236.489	1866.886	403.043	2135.796	1302.987	922.749	1852.722	901.278	1790.715	1540.623	685.664	1823.866	1219.568	1130.221	2203.795	695.256	1518.795	1560.457	730.667	2151.450	985.274	1315.004	1766.174	0.000	1977.671	1609.896	1028.767	1910.892	816.080	1669.266	2013.206
26	2077.074	1233.888	1526.779	2158.164	462.013	1625.390	1505.827	1105.350	2286.228	1036.733	1346.056	1587.063	652.068	2144.001	1406.637	1378.050	1683.833	726.947	1922.443	1823.753	885.311	1779.349	1081.914	1591.320	2134.938	0.000	2262.640	1430.140	1147.200	2149.152	765.604	714.150
27	1393.578	2002.843	1312.775	1451.209	2400.000	990.046	1886.403	1501.098	883.434	2129.942	1045.191	1477.628	1784.276	456.032	2066.242	1638.756	1215.391	1937.873	729.166	1868.418	1819.180	998.807	2006.420	1212.783	1569.507	2221.560	0.000	1723.809	1476.251	1022.415	2073.456	1975.781
28	1170.115	626.775	1794.184	1164.628	1314.903	1127.654	353.862	1423.639	1327.638	962.802	1221.241	643.303	1144.879	1627.111	713.581	1874.677	906.431	925.025	1735.829	765.486	1649.682	1169.724	686.522	1418.638	931.988	1358.085	1696.965	0.000	1383.976	1280.950	974.271	1499.884
29	1989.128	1386.087	577.207	1773.788	1147.129	1021.080	1584.162	356.892	1681.214	1464.943	823.667	1622.249	783.688	1514.310	1741.922	713.618	1531.846	1156.146	1181.606	1901.686	537.700	1306.404	1319.973	643.603	1801.658	1053.209	1436.038	1495.266	0.000	1747.858	1344.317	645.580
30	490.818	1444.414	1733.824	642.240	2196.514	1001.100	1201.939	1693.515	417.063	1992.700	1280.118	909.936	1782.813	967.634	1721.513	2082.992	762.537	1589.972	1157.407	1196.775	2016.437	670.619	1490.533	1467.758	773.157	2198.507	1089.313	1256.667	1721.017	0.000	1981.293	1921.208
31	1841.948	677.967	1671.903	1713.998	740.524	1630.742	1107.558	1305.412	1959.537	491.535	1456.619	1445.234	976.715	2118.134	820.388	1620.253	1484.034	532.677	1881.718	1276.210	1217.060	1530.156	643.283	1675.406	1664.548	829.149	2122.596	1038.956	1431.854	1950.386	0.000	1131.381
40	2176.380	1421.649	1106.736	2084.259	909.182	1497.148	1570.552	560.348	1932.412	1204.300	1160.586	1721.447	554.279	1846.120	1615.194	948.030	1722.342	951.748	1555.944	1905.430	473.931	1735.915	1350.010	1193.575	2089.269	637.974	1775.447	1477.041	671.080	1981.844	1080.630	0.000

[*,*,7]:	1	2	3	4	5	6	7	8	9	10	11	12	13	14	15	16	17	18	19	20	21	22	23	24	25	26	27	28	29	30	31	40:=
1	0.000	1395.673	1784.359	434.175	2208.575	1226.134	1119.003	1834.912	561.291	1611.554	1319.997	689.320	1701.133	1047.197	1318.775	2114.239	697.120	1612.280	1425.953	959.850	1946.252	899.739	1459.415	1682.185	562.211	2036.082	1408.617	1040.301	1715.993	477.287	1627.729	0.000
2	1380.163	0.000	1745.380	1388.976	1173.712	1225.267	556.158	1309.315	1525.888	631.152	1262.074	881.173	980.589	1766.382	577.024	1768.622	1112.354	718.645	1799.833	935.175	1472.231	1336.129	452.601	1565.681	1163.994	1075.046	1806.939	507.511	1293.821	1494.265	656.425	1312.841
3	1893.046	1722.013	0.000	1705.154	1406.352	902.865	1680.623	682.672	1521.760	1679.625	749.547	1640.712	1081.396	1265.146	1881.233	590.148	1489.926	1407.411	884.954	1953.351	960.851	1198.481	1512.001	380.792	1758.438	1325.897	1148.111	1613.051	616.581	1610.513	1577.198	1107.304
4	325.866	1200.625	1844.764	0.000	2009.128	1152.758	926.040	1698.339	770.680	1720.430	1388.726	689.202	1701.825	1277.433	1380.068	2152.418	771.762	1596.083	1360.686	816.117	1981.321	846.419	1269.847	1583.219	381.970	2037.621	1378.393	1017.191	1747.636	641.088	1743.156	1859.452
5	2097.255	1079.426	1502.423	1973.951	0.000	1695.649	1473.543	1122.864	2128.156	854.814	1457.425	1748.223	841.547	2179.957	1371.465	1363.138	1711.858	710.417	1843.229	1627.037	920.429	1667.296	1033.018	1558.918	1948.758	426.557	2139.639	1401.530	1248.735	2146.700	777.212	817.285
6	1115.454	1282.907	896.113	1231.797	1672.388	0.000	1247.241	1037.503	1029.156	1695.694	578.937	1103.823	1063.811	679.292	1526.647	1167.157	743.406	1181.709	633.713	1433.936	1306.686	589.244	1265.167	779.854	1186.232	1625.838	920.066	1208.739	1033.677	1020.747	1617.436	1281.664
7	1089.781	665.779	1734.538	990.577	1438.890	1235.871	0.000	1562.168	1343.126	924.843	1184.468	573.188	1245.594	1503.343	609.951	1805.123	825.002	1014.371	1647.043	562.024	1613.015	1091.391	752.060	1665.784	916.809	1489.410	1728.514	480.899	1485.126	1130.926	960.121	1606.289
8	1807.279	1339.161	750.465	1915.849	1190.089	1108.405	1382.148	0.000	1536.371	1358.756	775.998	1443.757	613.065	1414.664	1658.655	751.074	1386.087	965.125	1134.613	1686.545	601.417	1352.481	1278.154	806.526	1772.590	929.986	1480.000	1300.310	324.654	1593.189	1130.021	646.829
9	690.048	1657.416	1675.219	675.558	2016.311	859.371	1264.632	1663.633	0.000	1863.861	1122.540	897.539	1781.493	768.509	1644.557	1846.209	734.770	1774.501	1216.462	1333.269	1970.586	735.924	1396.812	1398.123	798.034	2014.073	874.898	1201.015	1681.483	383.031	1848.366	2070.505
10	1691.037	597.985	1651.813	1563.107	816.873	1589.091	990.432	1327.953	1832.289	0.000	1570.656	1335.332	1034.927	2017.197	810.668	1926.894	1557.581	774.472	1982.127	1113.064	1353.811	1600.956	608.978	1655.089	1513.277	862.087	2225.916	951.670	1447.640	1819.168	454.568	1166.239
11	1244.421	1314.760	715.065	1357.078	1445.438	493.548	1242.406	837.429	1200.511	1550.501	0.000	1167.478	1081.473	1042.088	1633.156	1061.918	857.357	1018.890	661.311	1467.124	1027.415	751.641	1169.696	594.402	1399.907	1386.066	1018.848	1187.073	768.425	1266.057	1457.441	1022.813
12	714.820	908.854	1566.474	656.004	1719.288	1074.255	645.000	1499.844	961.582	1308.035	1254.352	0.000	1445.773	1147.746	880.543	1845.235	533.462	1142.957	1363.928	623.776	1592.793	839.354	964.026	1477.353	605.268	1597.259	1513.112	701.764	1559.757	905.206	1317.341	1622.246
13	1699.919	1006.089	1113.255	1779.658	806.330	1191.613	1278.946	723.212	1835.118	1100.532	911.460	1268.789	0.000	1655.071	1294.798	1052.480	1301.767	594.970	1440.189	1571.075	674.469	1354.725	940.056	1057.464	1770.233	725.289	1784.537	1194.322	791.634	1703.319	808.570	556.793
14	1147.243	1765.948	1290.646	1213.671	2080.184	858.946	1634.812	1402.879	673.440	1906.205	945.104	1229.590	1631.122	0.000	1815.871	1469.343	982.845	1739.904	757.908	1611.198	1716.671	788.181	1774.533	1182.802	1322.165	2050.923	387.553	1477.509	1390.341	799.098	1859.333	1846.020
15	1417.312	619.434	2053.155	1405.568	1249.336	1455.664	577.230	1484.664	1638.699	769.660	1526.996	945.336	1266.987	1960.407	0.000	2076.883	1244.043	997.754	1881.204	829.509	1779.912	1511.431	740.594	1678.501	1164.854	1340.489	2010.759	625.540	1587.401	1452.453	877.830	1601.800
16	2190.170	1713.094	502.340	1979.762	1388.638	1203.059	1892.135	716.553	1819.364	1760.416	957.179	1897.823	1119.480	1566.046	2041.208	0.000	1773.908	1498.750	1177.321	2176.731	712.296	1369.295	1658.830	677.823	2029.066	1298.861	1429.391	1818.817	669.624	1909.779	1652.567	883.580
17	629.843	1036.100	1304.461	690.836	1711.690	768.906	851.044	1323.573	748.108	1526.960	986.052	606.891	1359.147	973.584	1325.116	1749.867	0.000	1148.196	1036.589	922.609	1588.604	499.281	1062.377	1204.363	671.639	1710.654	1150.380	864.641	1360.436	675.847	1501.019	1498.626
18	1630.787	697.296	1328.922	1536.508	741.757	1195.764	1039.871	993.674	1697.168	740.572	1146.315	1280.559	703.702	1793.739	901.218	1304.100	1136.476	0.000	1529.257	1224.746	959.758	1265.835	619.729	1324.608	1504.171	751.191	1793.768	882.314	1104.751	1700.277	616.959	881.727
19	1420.377	1667.211	812.396	1575.311	1951.566	712.625	1649.527	1160.113	1156.693	2072.757	788.959	1332.654	1303.210	663.231	1951.094	1083.115	1113.198	1508.456	0.000	1693.673	1427.339	916.399	1648.032	717.399	1523.774	1888.196	753.408	1616.865	1123.493	1263.319	1656.662	1443.044
20	946.317	924.060	1984.611	903.632	1706.567	1410.627	634.876	1844.080	1197.269	1149.785	1398.250	590.796	1541.046	1604.727	734.085	2064.910	913.985	1307.359	1829.888	0.000	1895.760	1206.828	959.752	1908.345	814.646	1769.874	1839.749	584.619	1766.744	1128.988	1216.320	1906.774
21	2066.468	1449.761	950.079	1988.426	1079.130	1228.699	1554.740	483.701	1802.613	1379.311	1059.418	1667.869	641.455	1688.714	1622.006	833.544	1643.467	1025.018	1395.521	1864.767	0.000	1631.569	1387.099	1049.769	1842.738	745.160	1767.794	1471.949	564.576	1859.442	1149.609	479.281
22	889.182	1413.137	1179.653	835.528	1692.509	526.254	1015.273	1287.382	653.146	1603.438	777.141	804.673	1409.936	753.935	1480.501	1519.750	574.171	1323.456	979.584	1286.515	1611.125	0.000	1151.236	1057.327	899.722	1672.444	851.294	1011.135	1193.881	694.677	1557.656	1551.218
23	1348.915	328.135	1466.210	1248.912	1023.360	1270.365	684.620	1200.832	1498.297	646.291	1287.921	989.526	967.980	1696.274	707.388	1791.598	1197.100	691.710	1541.087	862.531	1198.256	1245.964	0.000	1434.091	1198.209	992.550	1891.431	609.123	1301.513	1478.039	631.958	1151.588
24	1548.344	1455.181	419.360	1683.389	1533.802	767.765	1540.935	787.814	1480.280	1760.096	635.336	1484.383	1082.964	1216.157	1923.282	643.650	1171.588	1194.557	669.856	1799.740	953.143	1043.880	1415.643	0.000	1737.903	1454.367	1117.522	1482.913	684.789	1568.551	1654.652	1001.491
25	496.743	1204.475	1809.438	406.754	1882.645	1269.054	905.545	1797.323	886.141	1593.779	1498.192	680.164	1609.659	1186.165	1101.251	1931.312	684.237	1473.643	1514.411	719.767	1893.906	963.620	1280.026	1713.035	0.000	1917.714	1435.120	1007.558	1853.172	804.976	1623.461	1948.319
26	2011.615	1109.661	1483.125	2088.621	464.584	1580.082	1466.311	1005.916	2212.716	855.378	1307.179	1539.036	600.478	2071.134	1365.989	1339.392	1633.277	716.647	1697.201	1766.989	868.967	1726.301	1058.613	1420.169	2066.443	0.000	2190.838	1393.994	961.970	1882.020	750.876	705.423
27	1356.159	1940.538	1280.248	1413.708	2190.639	971.450	1669.005	1455.505	864.335	2060.235	938.602	1433.754	1728.308	456.398	2000.529	1454.891	1184.289	1876.924	719.832	1812.318	1766.087	912.100	1944.065	1184.803	1527.337	1991.793	0.000	1668.131	1431.942	997.946	2006.023	1914.307
28	1144.056	623.736	1598.046	977.594	1276.901	1098.239	357.122	1264.176	1289.939	941.275	1189.509	636.288	1117.752	1445.056	704.310	1817.050	890.141	908.556	1545.451	755.739	1603.071	1144.068	520.094	1377.465	839.072	1318.565	1643.956	0.000	1345.742	1145.263	952.724	1460.723
29	1766.800	1344.870	570.679	1718.087	1118.163	919.126	1536.126	361.356	1630.841	1424.417	756.230	1574.163	771.889	1472.436	1691.425	706.311	1370.581	1130.251	1155.296	1684.518	532.665	1161.111	1281.875	634.852	1744.896	1028.475	1396.246	1329.535	0.000	1694.854	1309.057	635.587
30	488.316	1402.980	1531.712	634.124	2123.194	978.948	1172.090	1644.189	408.213	1929.484	1247.873	893.854	1731.264	887.055	1671.369	2018.423	592.798	1541.195	1127.319	1067.431	1949.327	661.164	1447.403	1426.414	710.457	2125.128	1063.875	1224.876	1670.681	0.000	1753.727	1859.741
31	1624.523	668.764	1621.380	1662.612	730.271	1450.413	1081.777	1271.917	1899.366	493.289	1419.125	1297.488	958.799	1891.265	803.432	1570.854	1314.832	528.507	1820.987	1241.820	1185.878	1486.845	599.861	1624.940	1615.408	815.727	2056.311	945.891	1393.335	1890.704	0.000	1102.773
40	2105.756	1383.960	1083.007	2020.611	894.885	1182.939	1521.289	554.460	1869.790	1172.784	1039.511	1667.320	550.382	1788.564	1568.192	929.342	1527.959	932.727	1512.090	1847.833	476.445	1546.726	1315.705	1166.605	1863.943	628.710	1719.959	1307.860	661.087	1917.203	1054.594	0.000

[*,*,8]:	1	2	3	4	5	6	7	8	9	10	11	12	13	14	15	16	17	18	19	20	21	22	23	24	25	26	27	28	29	30	31	40:=
1	0.000	1384.908	1767.411	440.889	1993.338	1218.494	1113.767	1656.031	563.756	1596.701	1196.933	689.581	1683.728	1041.882	1309.319	1902.151	697.933	1596.958	1414.567	957.072	1927.356	838.516	1447.392	1666.779	566.953	2016.037	1130.586	1033.574	1697.585	481.387	1612.307	0.000
2	1370.602	0.000	1585.436	1378.695	1006.299	1216.117	558.927	1188.396	1510.724	632.695	1252.823	879.017	977.169	1595.725	580.249	1750.924	1106.792	720.242	1631.439	932.558	1460.342	1327.220	459.416	1392.519	1057.661	1067.995	1787.351	511.283	1284.500	1354.279	657.673	1304.784
3	1873.331	1544.594	0.000	1688.110	1395.081	831.034	1663.040	683.524	1508.342	1664.187	701.661	1624.378	1075.766	1256.737	1862.771	594.128	1358.685	1396.486	883.873	1934.056	797.702	1088.782	1496.780	386.529	1740.160	1315.808	1141.597	1458.804	618.780	1595.324	1563.260	940.791
4	332.499	1192.597	1660.834	0.000	1986.064	1145.578	923.259	1683.028	720.899	1703.051	1377.933	691.145	1686.877	1172.522	1369.449	2128.459	772.925	1421.896	1349.896	752.682	1957.970	844.059	1260.513	1569.130	376.005	2013.696	1367.121	1012.843	1731.176	643.929	1579.388	1839.903
5	1882.678	1072.913	1488.853	1952.820	0.000	1535.648	1460.430	1116.641	2104.722	854.133	1447.008	1586.914	841.050	2156.005	1200.933	1352.063	1541.787	710.052	1822.841	1611.218	917.453	1652.221	949.613	1544.163	1927.706	432.770	2116.970	1279.748	1240.212	2122.539	777.981	815.428
6	1109.080	1274.141	894.393	1127.534	1656.035	0.000	1239.630	1033.976	954.950	1679.443	583.404	937.797	1057.641	680.068	1378.708	1158.743	743.028	1174.055	635.886	1303.196	1296.322	592.304	1256.608	780.169	1180.076	1477.214	917.835	1201.751	1030.222	1017.938	1314.435	1272.715
7	1003.244	667.636	1717.477	987.295	1428.319	1229.311	0.000	1548.742	1172.702	920.916	1176.571	540.292	1235.570	1489.215	612.166	1787.091	824.189	934.234	1630.842	565.777	1598.750	1086.661	708.956	1649.769	914.900	1477.805	1713.406	325.923	1340.138	1122.861	955.588	1457.972
8	1789.348	1330.100	751.955	1736.631	1183.266	942.011	1370.038	0.000	1522.920	1232.050	774.839	1431.079	615.444	1403.725	1502.061	751.054	1374.982	961.991	1128.978	1672.144	577.126	1342.553	1270.082	807.168	1595.661	852.392	1465.366	1289.524	331.587	1578.507	1123.810	649.741
9	692.781	1509.084	1498.395	675.781	1993.557	857.136	1150.072	1646.099	0.000	1844.177	1116.383	895.653	1610.040	768.412	1629.216	1828.037	736.237	1610.153	1208.843	1324.030	1950.670	576.516	1385.416	1264.631	796.167	1990.954	872.430	1193.414	1520.126	389.449	1828.649	1873.811
10	1672.925	599.813	1635.832	1549.351	756.416	1573.324	985.964	1318.052	1814.404	0.000	1555.762	1325.291	1030.716	1996.544	811.094	1744.078	1544.085	775.506	1800.979	1106.234	1226.554	1584.259	610.767	1638.778	1500.114	860.510	1998.922	947.940	1435.498	1801.171	460.503	1157.890
11	1235.794	1195.222	715.082	1345.883	1433.261	498.345	1234.881	780.637	1192.726	1536.983	0.000	1161.745	1001.011	1037.823	1618.681	896.629	854.734	1013.972	617.533	1453.263	1021.988	751.464	1162.771	564.052	1387.833	1374.808	1014.620	1180.392	769.274	1160.740	1445.453	1018.257
12	715.081	905.988	1552.574	658.232	1557.476	1068.620	647.517	1487.608	959.212	1300.265	1153.513	0.000	1273.523	1139.944	877.805	1660.232	536.498	1135.304	1352.885	626.043	1579.109	780.283	960.225	1464.834	608.522	1583.942	1379.004	703.428	1546.294	903.873	1309.297	1606.439
13	1684.133	1002.669	1024.284	1761.512	806.193	1185.117	1271.465	686.607	1816.465	934.279	907.626	1259.243	0.000	1492.697	1284.221	1046.758	1292.174	597.945	1309.718	1556.017	676.151	1344.741	937.764	1053.610	1605.252	726.748	1767.463	1188.222	631.358	1533.253	806.249	560.848
14	1140.426	1748.475	1282.237	1207.117	2059.612	806.726	1458.722	1390.173	674.031	1886.200	868.752	1220.016	1614.850	0.000	1797.801	1457.871	907.526	1722.171	758.329	1597.112	1701.470	741.774	1756.679	1176.266	1313.650	1868.921	393.077	1334.461	1377.720	797.579	1839.751	1826.824
15	1407.040	623.293	1858.535	1233.449	1239.161	1442.410	579.712	1472.223	1479.319	768.770	1512.990	942.087	1258.698	1768.747	0.000	2053.518	1236.154	994.617	1863.682	778.785	1762.378	1499.364	581.030	1662.073	1060.192	1328.569	1987.361	627.331	1572.965	1440.979	813.105	1588.722
16	1817.233	1694.305	505.794	1957.790	1377.563	1096.878	1870.567	716.867	1800.613	1743.444	954.436	1713.391	1113.165	1552.251	2019.794	0.000	1610.647	1486.110	1171.036	1991.840	712.165	1358.503	1494.980	678.292	2005.831	1289.170	1418.057	1642.054	670.942	1889.111	1637.197	879.727
17	631.260	1030.844	1295.183	646.573	1693.852	768.528	849.582	1314.468	702.426	1513.023	982.440	610.355	1349.947	971.421	1215.759	1733.034	0.000	1140.386	1031.202	847.930	1572.289	503.194	1056.637	1196.654	673.398	1546.705	1143.196	863.015	1350.562	678.171	1368.357	1485.167
18	1474.476	697.795	1318.386	1522.879	742.435	1189.163	959.734	989.798	1681.193	741.917	1141.085	1177.308	705.798	1615.030	897.564	1293.947	1129.729	0.000	1514.423	1215.962	956.110	1257.422	587.366	1314.071	1490.944	751.819	1776.808	881.396	1019.873	1684.035	620.642	815.510
19	1408.568	1651.707	812.113	1431.732	1929.998	714.079	1634.808	1154.478	1151.602	1874.430	628.226	1321.196	1292.853	664.326	1754.448	1076.226	1106.233	1495.021	0.000	1678.441	1298.516	913.618	1632.630	718.851	1511.848	1710.252	754.281	1602.529	1118.471	1094.850	1640.910	1431.208
20	944.041	858.886	1962.898	901.917	1691.266	1401.054	609.849	1663.919	1188.030	1141.910	1386.625	593.340	1393.420	1588.676	734.175	2042.198	911.689	1193.788	1810.240	0.000	1876.412	1200.099	957.678	1727.762	814.637	1753.212	1661.076	586.759	1590.110	1120.947	1207.196	1724.576
21	2043.749	1438.704	948.199	1969.535	839.929	1218.704	1539.485	487.738	1784.511	1252.054	1053.120	1651.090	643.415	1672.975	1608.117	777.219	1627.639	1020.843	1385.332	1847.197	0.000	1616.493	1377.044	884.694	1823.184	744.831	1590.828	1458.001	567.377	1840.006	1143.025	485.260
22	888.606	1134.565	1170.371	832.941	1675.240	529.758	1010.843	1171.313	654.527	1588.223	776.964	804.377	1285.116	754.175	1468.005	1507.163	578.459	1315.428	911.819	1278.094	1435.936	0.000	1143.902	966.540	896.041	1655.277	849.265	1006.746	1186.884	653.022	1543.078	1378.299
23	1336.892	334.837	1453.314	1240.353	939.683	1260.355	685.661	1193.106	1485.976	648.902	1177.926	985.725	964.969	1681.004	709.609	1627.238	1190.147	532.804	1526.182	859.966	1190.474	1132.834	0.000	1421.585	1190.416	988.776	1707.002	611.706	1291.928	1465.887	634.961	1143.475
24	1534.433	1443.519	408.798	1666.219	1519.977	767.898	1528.285	738.401	1467.355	1742.729	638.450	1473.177	1079.110	1120.939	1741.955	644.440	1163.519	1186.633	626.417	1779.710	949.054	1038.615	1404.450	0.000	1571.697	1441.818	1111.551	1471.057	687.105	1428.829	1638.997	997.277
25	501.075	1196.328	1791.160	413.333	1864.672	1162.353	903.423	1779.719	885.103	1581.098	1369.933	521.348	1593.010	1177.650	1094.729	1911.384	639.745	1459.973	1500.628	720.440	1874.975	891.152	1270.462	1696.208	0.000	1898.771	1425.077	935.403	1834.309	805.467	1448.548	1926.493
26	1990.273	1104.476	1351.586	2064.696	470.648	1566.733	1455.562	1003.495	1837.065	852.160	1296.324	1524.726	602.782	1861.151	1354.069	1328.515	1617.797	717.610	1682.052	1598.305	867.200	1709.658	1054.281	1410.146	1868.202	0.000	2166.342	1222.866	957.550	1862.633	696.317	707.017
27	1239.996	1919.780	1271.988	1403.646	2167.970	745.694	1650.748	1441.778	861.629	2037.382	935.457	1300.066	1710.169	461.576	1979.083	1443.557	1086.450	1856.569	721.004	1794.587	1749.895	910.967	1760.206	1178.228	1353.638	1969.317	0.000	1504.306	1418.501	992.899	1983.690	1893.735
28	1138.524	627.610	1424.342	893.699	1266.185	1091.251	363.508	1255.358	1174.385	937.300	1181.478	638.488	1111.969	1434.276	664.564	1798.226	888.515	906.981	1533.445	715.244	1588.674	977.033	523.141	1366.051	837.311	1196.696	1627.039	0.000	1335.384	1138.897	880.543	1449.992
29	1589.143	1332.714	573.003	1700.518	1111.643	916.450	1391.138	368.188	1615.290	1413.135	756.900	1430.721	771.955	1460.238	1675.969	708.474	1361.905	1045.373	987.911	1666.804	535.703	1153.754	1165.253	636.184	1726.580	1023.480	1385.386	1320.407	0.000	1677.939	1299.681	593.882
30	492.321	1391.332	1518.497	598.007	2097.699	974.853	1165.019	1629.507	414.958	1743.287	1239.536	892.313	1715.534	886.370	1522.402	1835.065	594.420	1526.438	1120.350	1061.984	1752.556	662.245	1434.811	1414.801	711.615	1913.771	1058.275	1216.820	1655.291	0.000	1738.343	1839.831
31	1610.165	629.205	1605.490	1646.648	731.204	1439.444	998.230	1262.970	1879.649	499.049	1409.186	1290.180	734.082	1869.241	801.534	1555.992	1305.010	502.987	1800.723	1232.696	1178.265	1474.574	603.108	1473.354	1600.090	815.272	2034.634	943.919	1275.582	1870.877	0.000	1011.633
40	1901.798	1373.269	1078.264	1999.815	732.746	1175.129	1372.972	557.015	1849.236	1165.137	1034.652	1507.657	553.731	1769.921	1554.156	926.943	1515.932	866.510	1498.957	1829.331	482.530	1534.843	1209.268	998.868	1842.724	629.998	1702.807	1298.382	619.382	1895.480	1048.985	0.000

[*,*,9]:	1	2	3	4	5	6	7	8	9	10	11	12	13	14	15	16	17	18	19	20	21	22	23	24	25	26	27	28	29	30	31	40:=
1	0.000	1372.537	1748.249	447.442	1971.478	1122.555	945.908	1636.447	565.683	1579.675	1187.917	643.866	1664.165	1035.365	1298.231	1880.719	656.700	1579.691	1401.489	953.293	1905.910	837.733	1320.849	1649.382	571.367	1831.897	1122.120	943.549	1676.981	485.111	1594.759	0.000
2	1359.435	0.000	1571.510	1102.114	999.186	1205.432	561.174	1179.334	1366.104	633.671	1242.060	875.914	972.639	1580.373	554.043	1731.043	1100.008	721.211	1615.936	869.128	1446.788	1316.828	304.580	1378.981	1050.873	974.170	1765.423	514.642	1273.558	1342.630	619.251	1295.223
3	1537.764	1526.681	0.000	1668.795	1381.971	828.839	1499.918	683.739	1493.018	1646.574	702.509	1472.184	1068.982	1246.889	1841.911	597.687	1348.580	1277.172	881.993	1750.843	795.131	1081.243	1351.790	392.040	1719.602	1304.066	1133.686	1445.636	585.817	1578.161	1547.370	860.374
4	338.971	1183.067	1643.222	0.000	1960.424	1137.064	919.476	1665.503	721.640	1541.266	1365.532	692.517	1669.797	1165.633	1254.235	2101.851	611.964	1407.326	1337.311	751.605	1756.895	840.793	1249.628	1552.987	382.542	1812.387	1354.234	1007.402	1712.498	646.243	1564.952	1817.861
5	1861.478	982.626	1473.444	1929.112	0.000	1521.283	1329.081	1109.217	2078.571	852.636	1434.831	1572.806	790.351	1967.848	1190.377	1339.208	1526.056	661.188	1800.094	1593.331	913.456	1634.953	945.877	1399.641	1904.192	438.784	2091.467	1270.569	1138.566	2095.711	778.091	756.909
6	1101.439	1263.840	891.723	1121.021	1501.004	0.000	1230.618	1029.356	952.227	1527.785	426.042	932.162	1050.166	680.124	1366.380	1055.945	741.910	1164.996	637.484	1292.802	1182.755	594.920	1246.597	779.757	1172.557	1464.795	855.725	1193.471	1025.727	852.600	1302.580	1262.250
7	998.848	633.147	1698.330	983.010	1416.054	1221.349	0.000	1251.471	1162.325	915.908	1167.182	543.175	1124.210	1473.239	613.846	1766.702	822.510	930.933	1476.808	569.135	1582.505	1080.728	710.453	1499.643	912.141	1464.489	1534.699	332.262	1328.204	1022.360	949.969	1445.594
8	1769.213	1319.511	752.807	1719.659	931.113	936.024	1356.174	0.000	1507.428	1222.549	719.785	1416.636	617.292	1391.018	1488.159	704.426	1362.276	957.868	1122.088	1655.613	581.261	1229.801	1260.629	645.626	1578.058	849.210	1324.173	1277.164	338.386	1561.765	1116.231	652.176
9	694.976	1335.204	1350.134	675.315	1968.085	853.926	1141.874	1486.142	0.000	1822.095	1108.923	892.800	1594.582	720.346	1611.888	1807.546	737.066	1595.198	1113.043	1313.342	1766.835	578.039	1372.169	1254.227	736.449	1965.200	869.008	1184.349	1505.578	384.477	1806.629	1692.967
10	1652.640	601.072	1617.675	1533.524	755.735	1422.152	980.416	1306.551	1794.121	0.000	1412.890	1313.737	1025.422	1973.300	810.768	1727.107	1407.846	614.417	1778.883	1098.011	1216.633	1429.722	612.009	1620.355	1485.026	857.996	1976.069	875.961	1421.635	1780.869	466.206	1148.137
11	1225.610	1186.349	668.693	1333.081	1419.324	502.812	1225.865	780.444	1094.066	1521.631	0.000	1154.718	997.439	963.723	1440.830	891.794	851.122	1007.806	619.073	1314.630	1015.400	750.532	1154.443	567.280	1263.205	1361.938	1009.310	1172.361	769.410	1154.087	1319.147	1012.487
12	669.366	902.174	1536.727	659.889	1542.866	985.661	649.545	1473.606	955.877	1290.981	1147.456	0.000	1261.170	1130.723	874.045	1642.475	509.641	1126.333	1340.180	627.756	1563.361	779.787	887.786	1450.562	611.319	1568.641	1368.153	667.695	1531.040	901.704	1138.283	1588.648
13	1666.189	998.139	1019.807	1594.682	805.337	1177.316	1262.531	688.986	1487.771	928.445	902.742	1248.093	0.000	1478.447	1167.190	1039.851	1281.007	600.418	1299.361	1412.087	677.275	1333.184	934.514	1048.606	1590.655	688.922	1748.258	1019.352	631.920	1517.523	744.730	564.500
14	1049.814	1728.883	1272.389	1199.224	2036.336	645.642	1315.288	1375.699	673.934	1863.604	865.738	1111.563	1596.556	0.000	1777.370	1444.542	904.866	1558.059	758.078	1581.062	1684.115	742.823	1594.658	1168.502	1142.187	1845.841	398.323	1322.785	1247.245	795.224	1817.727	1653.081
15	1395.135	626.729	1677.973	1118.235	1227.461	1427.306	581.660	1457.834	1465.468	715.489	1497.108	937.816	1248.884	1750.086	0.000	2027.552	1226.871	990.446	1843.740	779.401	1599.580	1324.082	582.394	1643.378	1053.337	1204.940	1961.358	628.552	1556.489	1427.648	811.856	1573.727
16	1796.451	1523.241	508.827	1933.169	1364.708	1089.816	1684.504	716.513	1779.542	1724.209	950.647	1696.205	1024.186	1536.599	1995.779	0.000	1595.840	1357.822	1002.045	1965.734	711.268	1345.916	1480.534	633.951	1979.952	1277.898	1404.920	1625.416	632.971	1866.063	1619.795	808.299
17	632.074	1024.365	1284.252	648.048	1529.049	767.410	847.253	1303.763	703.574	1376.344	977.840	613.391	1339.174	968.265	1208.568	1413.340	0.000	1131.157	1024.552	845.143	1420.227	506.733	1049.685	1187.504	674.529	1532.246	1048.495	860.544	1339.089	679.933	1357.702	1469.798
18	1460.612	654.523	1306.295	1507.367	742.417	1181.158	956.433	916.864	1663.180	742.640	1134.607	1170.644	511.361	1595.724	892.876	1282.136	1121.564	0.000	1369.383	1205.737	951.406	1247.471	590.321	1199.386	1475.944	751.778	1757.585	879.602	1015.941	1529.734	623.924	814.062
19	1395.067	1634.117	811.032	1419.596	1743.943	714.958	1618.113	1147.588	1145.247	1693.893	585.839	1308.075	1280.855	664.748	1735.112	985.155	1098.005	1479.720	0.000	1661.000	1288.733	847.884	1615.235	719.691	1498.066	1693.453	713.428	1586.330	950.799	1086.505	1622.902	1417.641
20	940.762	857.578	1772.599	899.350	1673.895	1389.839	452.300	1496.671	1177.342	1132.641	1373.212	595.330	1381.134	1435.636	733.564	2016.771	908.411	1185.724	1636.607	0.000	1854.694	1192.017	954.621	1711.088	767.152	1572.953	1641.671	588.322	1573.488	1022.415	1196.633	1707.200
21	2018.481	1425.982	945.397	1786.595	836.953	1105.508	1522.250	491.388	1763.990	1242.133	965.869	1632.247	644.818	1655.081	1592.146	777.089	1476.063	1015.610	1373.518	1827.257	0.000	1472.445	1203.976	880.090	1801.136	743.681	1574.636	1318.791	569.703	1818.141	1135.069	491.030
22	725.705	1126.026	1063.809	829.449	1655.779	532.818	1005.210	1163.228	616.180	1571.033	776.032	803.281	1275.525	709.225	1453.794	1492.782	582.372	1305.862	910.165	1013.753	1420.398	0.000	1135.129	961.567	825.723	1636.015	846.340	1001.211	1178.446	654.844	1399.722	1365.026
23	1210.349	341.390	1438.558	1230.244	935.675	1149.081	686.093	1183.998	1471.804	650.965	1170.650	913.286	960.999	1663.668	711.259	1612.282	937.163	534.915	1509.286	856.416	1181.177	1125.140	0.000	1407.328	1181.206	983.886	1689.323	581.923	1280.866	1451.977	637.474	1134.005
24	1518.529	1429.981	414.760	1505.812	1504.291	767.304	1513.712	739.043	1337.225	1723.250	641.105	1460.219	1074.106	954.131	1564.059	644.589	1154.009	1177.215	627.869	1603.602	943.937	1032.177	1391.506	0.000	1556.937	1311.817	1104.373	1457.431	688.859	1417.217	1491.201	991.907
25	482.610	1186.821	1770.602	419.743	1844.236	1155.516	842.032	1759.940	883.235	1566.491	1198.376	492.212	1574.307	1167.687	1086.873	1888.810	641.190	1322.592	1484.988	720.431	1853.551	888.665	1162.076	1677.314	0.000	1877.388	1413.309	933.165	1662.758	643.791	1433.230	1735.453
26	1966.335	1098.047	1341.084	1863.387	476.513	1551.525	1443.101	838.559	1815.922	783.562	1283.857	1508.433	604.523	1840.004	1230.440	1316.056	1600.277	717.903	1664.702	1583.216	808.148	1690.919	1048.834	1398.439	1848.649	0.000	1977.652	1211.695	951.981	1840.651	696.422	707.998
27	1231.899	1735.761	1262.332	1391.970	1980.967	744.321	1486.120	1426.236	857.969	2011.742	931.230	1289.636	1543.380	466.476	1955.034	1430.420	1080.521	1678.363	721.577	1774.623	1731.508	908.939	1743.096	926.038	1339.714	1944.148	0.000	1489.422	1285.028	986.745	1958.734	1714.119
28	1131.797	469.572	1410.211	889.898	1148.246	1082.971	369.710	1244.966	1166.052	865.077	1172.098	640.152	1104.917	1421.703	666.641	1626.928	886.044	904.529	1519.576	717.095	1287.516	970.353	525.725	1352.867	834.596	1187.839	1468.297	0.000	1323.386	1131.179	878.095	1276.088
29	1572.382	1207.556	574.824	1680.731	1103.788	912.735	1379.204	365.715	1597.736	1400.132	756.859	1418.604	725.883	1446.349	1658.474	710.074	1351.631	879.941	901.762	1646.906	538.266	1144.956	1156.775	598.304	1706.075	1017.337	1372.805	1309.639	0.000	1519.209	1288.814	595.698
30	495.952	1377.931	1503.308	600.452	1886.236	969.730	1156.622	1612.765	421.539	1725.866	1137.250	889.934	1697.697	884.850	1348.035	1647.129	595.480	1509.701	1112.005	1055.241	1733.727	621.925	1420.462	1401.440	712.107	1892.437	975.539	1207.413	1637.868	0.000	1720.737	1817.503
31	1593.680	631.306	1453.507	1628.645	731.479	1426.705	994.240	1158.572	1857.629	504.577	1397.609	1119.901	733.034	1676.893	798.768	1539.098	1293.522	506.871	1623.102	1222.133	1169.281	1460.458	605.866	1460.541	1451.866	814.071	2010.333	940.995	1266.950	1696.078	0.000	1006.613
40	1881.468	1257.594	1072.440	1815.027	731.295	1165.801	1360.594	526.396	1826.261	1156.087	1028.577	1493.338	528.900	1749.063	1538.202	923.575	1501.995	865.062	1365.106	1808.580	488.404	1521.107	1040.671	912.010	1819.079	630.671	1683.375	1287.233	621.198	1705.110	1042.201	0.000

[*,*,10]:	1	2	3	4	5	6	7	8	9	10	11	12	13	14	15	16	17	18	19	20	21	22	23	24	25	26	27	28	29	30	31	40:=
1	0.000	1243.069	1712.490	452.797	1930.479	946.610	857.689	1600.206	563.620	1546.764	1167.710	640.625	1487.150	1019.838	1275.104	1840.416	654.273	1420.463	1375.612	942.057	1865.829	831.020	1300.104	1486.683	411.830	1790.118	1102.958	930.403	1496.029	486.003	1561.397	0.000
2	1336.328	0.000	1381.757	1083.850	904.470	1183.236	559.578	1159.202	1340.963	593.191	1219.873	865.766	960.000	1549.781	555.026	1551.929	1084.053	717.553	1585.300	861.825	1311.730	1133.732	310.131	1351.729	1034.317	960.510	1572.773	514.918	1250.669	1318.279	617.443	1274.560
3	1506.154	1363.249	0.000	1632.594	1355.412	819.812	1471.250	637.472	1463.400	1612.912	698.535	1445.380	977.993	1226.159	1803.226	598.171	1326.589	1257.992	660.376	1711.003	785.755	1063.593	1326.569	381.083	1681.810	1280.035	1115.562	1418.626	585.337	1417.012	1516.847	849.618
4	344.224	1162.456	1609.149	0.000	1746.688	1118.458	908.235	1631.780	717.423	1512.888	1235.867	689.613	1636.996	1149.042	1235.556	1720.316	607.780	1378.749	1311.605	744.409	1720.008	771.514	1227.113	1521.699	387.842	1774.792	1223.521	993.691	1677.319	644.707	1535.864	1777.275
5	1821.304	969.732	1323.893	1886.079	0.000	1492.504	1306.857	1014.057	2031.866	845.070	1409.786	1544.255	624.530	1743.940	1168.387	1313.230	1495.049	657.086	1605.196	1559.791	901.872	1601.647	934.324	1375.002	1701.062	443.307	2045.067	1250.246	1122.867	1874.249	773.226	750.685
6	1084.225	1242.123	882.101	1104.917	1474.089	0.000	1211.098	1016.672	942.430	1339.599	406.148	918.144	1032.993	674.926	1340.746	1040.341	686.828	1145.402	634.840	1270.497	1164.438	565.119	1225.608	773.934	1155.069	1439.012	848.933	1091.050	851.936	841.179	1277.894	1240.405
7	986.322	632.202	1526.861	971.142	1391.181	1203.143	0.000	1228.727	1046.041	902.795	1146.800	542.517	1106.377	1322.416	611.481	1728.772	814.497	920.093	1450.109	543.638	1551.412	1065.924	707.536	1473.294	847.351	1276.734	1501.884	337.258	1303.214	1007.254	865.132	1419.877
8	1588.424	1297.470	748.960	1525.129	917.829	850.221	1329.044	0.000	1477.004	1201.547	714.522	1273.472	615.147	1365.278	1460.133	700.815	1232.740	946.257	1105.853	1623.505	582.606	1212.042	988.952	640.459	1544.412	838.663	1299.786	1149.877	344.176	1529.696	1098.644	651.016
9	531.749	1309.483	1324.685	624.543	1922.229	843.518	1123.148	1457.633	0.000	1781.874	1091.773	882.883	1563.817	716.595	1449.652	1769.660	733.179	1565.458	1098.629	1035.440	1726.212	575.325	1345.389	1231.745	730.176	1747.261	858.433	1164.488	1476.499	390.018	1616.457	1656.070
10	1473.770	598.037	1583.332	1502.558	749.189	1396.072	896.048	1283.050	1756.149	0.000	1388.134	1191.698	1011.948	1930.782	804.949	1693.863	1223.501	569.449	1738.430	1079.510	1195.098	1402.404	573.259	1585.963	1455.616	848.628	1933.185	867.032	1282.304	1743.287	470.189	1035.976
11	1203.944	1166.522	665.134	1202.913	1392.080	504.831	1205.949	774.697	1079.359	1372.451	0.000	1138.147	986.258	792.576	1287.564	879.049	840.157	992.513	616.166	1291.266	924.160	743.941	1135.773	567.184	1242.457	1231.329	995.807	1154.293	764.342	1137.752	1298.453	997.835
12	666.125	829.275	1506.270	657.341	1513.686	974.067	615.916	1446.258	945.356	1270.630	970.599	0.000	1131.817	1110.871	862.750	1608.164	510.373	1021.103	1314.896	625.348	1532.524	773.544	878.757	1308.531	610.696	1538.712	1345.102	666.477	1384.909	731.706	1117.832	1426.009
13	1632.189	985.500	1007.040	1565.212	751.983	1159.736	1242.882	526.007	1457.672	843.638	889.920	1225.012	0.000	1449.663	1148.504	946.502	1258.040	599.186	1277.115	1387.098	637.768	1309.731	924.129	1035.198	1561.302	687.389	1412.111	1002.460	627.604	1486.517	737.847	565.173
14	1036.539	1554.515	1251.659	1181.379	1831.783	640.893	1290.884	1232.328	668.680	1821.896	855.466	1094.369	1430.643	0.000	1739.372	1417.627	895.077	1529.178	708.725	1550.281	1650.870	739.176	1565.695	909.636	1121.274	1803.587	401.545	1298.218	1225.647	731.970	1777.389	1622.114
15	1370.988	465.554	1641.535	1099.556	1104.472	1398.200	579.629	1429.200	1437.337	710.610	1344.427	925.882	1227.813	1714.303	0.000	1811.696	1207.040	978.582	1806.098	774.978	1409.482	1185.288	579.478	1607.971	1036.801	1184.411	1745.265	625.454	1524.851	1400.729	804.379	1382.967
16	1756.962	1492.854	481.190	1888.676	1338.730	1072.945	1650.259	667.380	1740.931	1688.135	939.209	1662.608	1011.576	1385.441	1952.255	0.000	1566.340	1174.770	906.447	1919.103	704.664	1320.207	1451.428	631.008	1761.187	1254.762	1378.486	1592.928	631.261	1669.197	1587.029	799.239
17	628.329	1008.792	1261.227	645.036	1500.018	712.328	838.428	1281.255	700.087	1352.949	901.064	613.186	1316.699	957.857	1029.852	1385.739	0.000	1111.292	1008.592	835.241	1393.452	482.937	1033.567	1167.639	671.075	1503.118	1034.645	796.520	1315.634	677.554	1334.971	1440.108
18	1432.649	651.649	1180.765	1477.613	737.228	1162.881	945.593	907.728	1496.410	738.696	1118.924	992.920	510.757	1423.217	880.365	1257.993	1103.028	0.000	1344.631	1090.456	938.780	1226.181	589.781	1180.823	1331.468	746.669	1721.530	871.401	1004.067	1502.977	436.427	806.259
19	1258.125	1600.872	804.062	1394.450	1709.700	673.849	1586.473	1131.353	968.148	1657.265	583.319	1173.644	1256.560	660.205	1698.226	971.780	997.616	1450.302	0.000	1627.417	1267.270	840.307	1452.556	715.934	1470.588	1660.704	711.085	1272.549	935.925	1067.934	1588.397	1390.986
20	930.153	850.002	1738.046	834.690	1641.003	1205.007	453.383	1466.559	1060.940	1112.834	1346.494	593.268	1355.568	1409.152	681.833	1970.988	897.896	1167.217	1605.092	0.000	1815.054	1173.866	944.370	1678.331	602.027	1401.255	1605.522	585.621	1541.029	1007.400	1081.047	1673.510
21	1807.169	1400.674	774.233	1746.523	826.644	1087.653	1360.627	492.126	1725.634	1220.598	953.333	1462.760	642.012	1621.163	1560.945	771.444	1449.896	933.333	1349.516	1789.838	0.000	1285.930	1081.839	867.715	1760.542	736.525	1542.668	1295.303	537.389	1778.056	1117.000	481.479
22	718.218	1106.745	1047.031	759.887	1619.732	532.576	990.783	1144.548	614.535	1409.703	769.441	796.288	1254.529	705.982	1314.464	1464.829	583.500	1285.052	740.525	998.141	1269.993	0.000	1115.741	948.101	816.907	1463.798	836.639	987.155	1159.467	652.400	1375.336	1338.204
23	1189.604	337.014	1409.849	1208.697	923.782	1131.267	642.075	1164.447	1443.867	649.023	1153.294	904.257	887.066	1630.829	708.700	1421.039	923.696	501.829	1477.325	845.551	1160.804	1107.101	0.000	1265.394	1161.370	970.767	1655.140	582.013	1162.029	1424.775	636.354	1025.533
24	1487.809	1402.729	419.101	1477.733	1352.909	761.253	1484.959	734.730	1315.268	1549.623	640.294	1434.234	899.198	940.000	1532.193	597.879	1133.693	1156.785	624.878	1571.545	863.796	1016.881	1365.543	0.000	1527.317	1290.322	1009.236	1430.529	686.467	1392.924	1465.363	978.012
25	485.186	1078.111	1732.810	424.882	1805.793	1138.879	835.396	1581.501	875.147	1376.182	1176.619	492.444	1405.732	1146.774	1069.085	1846.899	638.128	1299.499	1333.910	715.318	1813.736	879.252	1144.897	1507.489	0.000	1837.862	1388.927	924.066	1470.765	594.939	1403.621	1700.739
26	1922.934	1082.443	1318.602	1825.792	467.860	1522.255	1256.415	827.694	1775.841	775.365	1153.752	1477.265	602.110	1800.167	1209.911	1188.126	1567.322	713.214	1631.266	1553.055	802.019	1519.358	1035.017	1374.313	1811.409	0.000	1753.832	1188.856	937.870	1799.699	691.163	704.412
27	1213.199	1702.568	1150.806	1206.689	1934.567	736.725	1456.584	1278.239	847.096	1965.375	919.081	1267.111	1513.919	451.181	1911.454	1403.986	1065.495	1645.844	678.482	1737.777	1696.796	900.357	1548.124	913.057	1199.976	1898.776	0.000	1459.797	1262.337	899.862	1913.933	1681.290
28	954.539	469.977	1381.997	878.237	1129.363	980.550	374.533	1222.963	1147.106	855.842	1064.205	637.761	1088.422	1396.015	664.614	1596.491	822.020	895.507	1491.958	553.256	1263.466	880.038	524.799	1326.519	824.901	1167.893	1440.578	0.000	1299.089	1113.494	868.745	1251.142
29	1539.697	1186.692	539.844	1644.165	1086.003	901.418	1354.214	371.838	1433.999	1374.228	751.568	1393.488	722.394	1309.115	1625.561	707.484	1168.173	868.067	889.764	1467.678	537.268	1125.526	1137.593	596.615	1525.768	1002.509	1347.426	1286.880	0.000	1491.492	1169.292	593.244
30	472.265	1351.390	1473.560	599.081	1846.410	889.551	1138.203	1580.696	426.926	1691.884	1121.757	826.520	1664.057	715.673	1321.697	1612.472	555.551	1477.996	1093.434	1039.010	1697.438	619.852	1277.915	1374.961	707.677	1852.296	963.994	1099.347	1605.069	0.000	1686.884	1776.890
31	1561.646	629.320	1427.251	1461.945	726.819	1400.912	982.375	1142.269	1667.457	508.342	1212.341	1100.369	725.886	1641.896	732.798	1506.967	1269.751	507.844	1590.712	1106.547	1149.926	1432.609	605.051	1434.111	1426.425	758.439	1966.352	931.050	1247.518	1502.808	0.000	993.068
40	1842.964	1238.813	826.199	1772.883	723.802	1145.379	1334.877	526.424	1626.692	1136.505	1013.546	1464.634	530.078	1566.458	1507.743	913.001	1474.096	857.259	1342.778	1623.710	492.703	1332.206	1023.743	899.561	1618.334	626.702	1646.983	1263.855	618.744	1670.542	949.665	0.000

;

param gg :=
1	1	0.00
2	1	129.03
3	1	159.30
4	1	189.57
5	1	219.83
6	1	250.10
7	1	41.42
8	1	71.69
9	1	101.95
10	1	132.22
11	1	162.49
12	1	192.75
13	1	223.02
14	1	253.29
15	1	44.60
16	1	74.87
17	1	105.14
18	1	135.41
19	1	165.67
20	1	195.94
21	1	226.21
22	1	256.47
23	1	47.79
24	1	78.06
25	1	108.32
26	1	138.59
27	1	168.86
28	1	199.12
29	1	229.39
30	1	259.66
31	1	50.98
40	1	0.00
1	2	0.00
2	2	165.67
3	2	195.94
4	2	226.21
5	2	256.47
6	2	47.79
7	2	78.06
8	2	108.32
9	2	138.59
10	2	168.86
11	2	199.12
12	2	229.39
13	2	259.66
14	2	50.98
15	2	81.24
16	2	111.51
17	2	141.78
18	2	172.04
19	2	202.31
20	2	232.58
21	2	262.84
22	2	54.16
23	2	84.43
24	2	114.70
25	2	144.96
26	2	175.23
27	2	205.50
28	2	235.76
29	2	266.03
30	2	57.35
31	2	87.62
40	2	0.00
1	3	0.00
2	3	202.31
3	3	232.58
4	3	262.84
5	3	54.16
6	3	84.43
7	3	114.70
8	3	144.96
9	3	175.23
10	3	205.50
11	3	235.76
12	3	266.03
13	3	57.35
14	3	87.62
15	3	117.88
16	3	148.15
17	3	178.42
18	3	208.68
19	3	238.95
20	3	269.22
21	3	60.53
22	3	90.80
23	3	121.07
24	3	151.34
25	3	181.60
26	3	211.87
27	3	242.14
28	3	33.45
29	3	63.72
30	3	93.99
31	3	124.25
40	3	0.00
1	4	0.00
2	4	238.95
3	4	269.22
4	4	60.53
5	4	90.80
6	4	121.07
7	4	151.34
8	4	181.60
9	4	211.87
10	4	242.14
11	4	33.45
12	4	63.72
13	4	93.99
14	4	124.25
15	4	154.52
16	4	184.79
17	4	215.06
18	4	245.32
19	4	36.64
20	4	66.91
21	4	97.17
22	4	127.44
23	4	157.71
24	4	187.97
25	4	218.24
26	4	248.51
27	4	39.83
28	4	70.09
29	4	100.36
30	4	130.63
31	4	160.89
40	4	0.00
1	5	0.00
2	5	36.64
3	5	66.91
4	5	97.17
5	5	127.44
6	5	157.71
7	5	187.97
8	5	218.24
9	5	248.51
10	5	39.83
11	5	70.09
12	5	100.36
13	5	130.63
14	5	160.89
15	5	191.16
16	5	221.43
17	5	251.69
18	5	43.01
19	5	73.28
20	5	103.55
21	5	133.81
22	5	164.08
23	5	194.35
24	5	224.61
25	5	254.88
26	5	46.20
27	5	76.46
28	5	106.73
29	5	137.00
30	5	167.27
31	5	197.53
40	5	0.00
1	6	0.00
2	6	73.28
3	6	103.55
4	6	133.81
5	6	164.08
6	6	194.35
7	6	224.61
8	6	254.88
9	6	46.20
10	6	76.46
11	6	106.73
12	6	137.00
13	6	167.27
14	6	197.53
15	6	227.80
16	6	258.07
17	6	49.38
18	6	79.65
19	6	109.92
20	6	140.18
21	6	170.45
22	6	200.72
23	6	230.98
24	6	261.25
25	6	52.57
26	6	82.84
27	6	113.10
28	6	143.37
29	6	173.64
30	6	203.90
31	6	234.17
40	6	0.00
1	7	0.00
2	7	109.92
3	7	140.18
4	7	170.45
5	7	200.72
6	7	230.98
7	7	261.25
8	7	52.57
9	7	82.84
10	7	113.10
11	7	143.37
12	7	173.64
13	7	203.90
14	7	234.17
15	7	264.44
16	7	55.76
17	7	86.02
18	7	116.29
19	7	146.56
20	7	176.82
21	7	207.09
22	7	237.36
23	7	267.62
24	7	58.94
25	7	89.21
26	7	119.47
27	7	149.74
28	7	180.01
29	7	210.28
30	7	240.54
31	7	31.86
40	7	0.00
1	8	0.00
2	8	146.56
3	8	176.82
4	8	207.09
5	8	237.36
6	8	267.62
7	8	58.94
8	8	89.21
9	8	119.47
10	8	149.74
11	8	180.01
12	8	210.28
13	8	240.54
14	8	31.86
15	8	62.13
16	8	92.39
17	8	122.66
18	8	152.93
19	8	183.20
20	8	213.46
21	8	243.73
22	8	35.05
23	8	65.31
24	8	95.58
25	8	125.85
26	8	156.11
27	8	186.38
28	8	216.65
29	8	246.91
30	8	38.23
31	8	68.50
40	8	0.00
1	9	0.00
2	9	183.20
3	9	213.46
4	9	243.73
5	9	35.05
6	9	65.31
7	9	95.58
8	9	125.85
9	9	156.11
10	9	186.38
11	9	216.65
12	9	246.91
13	9	38.23
14	9	68.50
15	9	98.77
16	9	129.03
17	9	159.30
18	9	189.57
19	9	219.83
20	9	250.10
21	9	41.42
22	9	71.69
23	9	101.95
24	9	132.22
25	9	162.49
26	9	192.75
27	9	223.02
28	9	253.29
29	9	44.60
30	9	74.87
31	9	105.14
40	9	0.00
1	10	0.00
2	10	219.83
3	10	250.10
4	10	41.42
5	10	71.69
6	10	101.95
7	10	132.22
8	10	162.49
9	10	192.75
10	10	223.02
11	10	253.29
12	10	44.60
13	10	74.87
14	10	105.14
15	10	135.41
16	10	165.67
17	10	195.94
18	10	226.21
19	10	256.47
20	10	47.79
21	10	78.06
22	10	108.32
23	10	138.59
24	10	168.86
25	10	199.12
26	10	229.39
27	10	259.66
28	10	50.98
29	10	81.24
30	10	111.51
31	10	141.78
40	10	0.00
;
